month,mkt_rf,smb,hml,rf,mom
1927-01-01,-6e-4,-0.0051,0.0473,0.0025,0.0036
1927-02-01,0.0418,-0.0025,0.0327,0.0026,-0.021400000000000002
1927-03-01,0.0013,-0.0189,-0.0256,0.003,0.0361
1927-04-01,0.0046,0.0049,0.0070999999999999995,0.0025,0.043
1927-05-01,0.054400000000000004,0.0146,0.049800000000000004,0.003,0.03
1927-06-01,-0.023399999999999997,0.0051,-0.015300000000000001,0.0026,0.0055000000000000005
1927-07-01,0.0726,-0.0325,-0.011399999999999999,0.003,0.0431
1927-08-01,0.0197,-0.0069,-0.0374,0.0028000000000000004,0.013600000000000001
1927-09-01,0.047599999999999996,-0.0363,-0.0063,0.0021,0.019799999999999998
1927-10-01,-0.0431,0.0212,-0.0433,0.0025,-0.0087
1927-11-01,0.0658,0.027200000000000002,-0.0027,0.0021,-0.0066
1927-12-01,0.0209,0.0097,-0.0113,0.0022,0.0321
1928-01-01,-0.0068000000000000005,0.0426,-0.0075,0.0025,-0.0052
1928-02-01,-0.017,-0.0206,-0.006500000000000001,0.0033,-0.0109
1928-03-01,0.08810000000000001,-0.0026,-0.012199999999999999,0.0029,0.0478
1928-04-01,0.042300000000000004,0.0398,0.0344,0.0022,-0.0441
1928-05-01,0.0152,0.0285,-0.0327,0.0032,0.0302
1928-06-01,-0.048499999999999995,-0.0352,-3e-4,0.0031,0.0204
1928-07-01,0.0062,-0.0132,-0.005,0.0032,0.0279
1928-08-01,0.0668,-0.0206,-0.0215,0.0032,0.0354
1928-09-01,0.0288,0.0241,0.0086,0.0027,0.0349
1928-10-01,0.013300000000000001,0.0222,-0.0216,0.0040999999999999995,0.0512
1928-11-01,0.11810000000000001,-0.0178,0.027000000000000003,0.0038,0.020099999999999996
1928-12-01,0.0036,-0.0086,-0.006500000000000001,6e-4,0.0154
1929-01-01,0.0466,-0.0356,-0.0124,0.0034000000000000002,0.0245
1929-02-01,-0.0034000000000000002,-0.0038,0.0166,0.0036,0.0305
1929-03-01,-0.0089,-0.0471,0.0158,0.0034000000000000002,-0.0064
1929-04-01,0.0143,-0.0097,0.0059,0.0036,0.018500000000000003
1929-05-01,-0.0639,-0.0537,-0.014199999999999999,0.0044,-0.02
1929-06-01,0.09699999999999999,-0.0217,-0.0279,0.0052,0.08710000000000001
1929-07-01,0.0446,-0.0385,0.026600000000000002,0.0033,0.028399999999999998
1929-08-01,0.0818,-0.0951,0,0.004,0.047
1929-09-01,-0.0547,0.0118,-0.0062,0.0034999999999999996,0.0297
1929-10-01,-0.20120000000000002,-0.0401,0.07769999999999999,0.0046,0.040999999999999995
1929-11-01,-0.1274,-0.0181,0.052199999999999996,0.0037,-0.0239
1929-12-01,0.013300000000000001,-0.044800000000000006,-0.0059,0.0037,0.0519
1930-01-01,0.056100000000000004,0.0353,-0.0092,0.0014000000000000002,-0.0524
1930-02-01,0.025,0.0019,0.002,0.003,0.0062
1930-03-01,0.071,0.0341,0.0033,0.0034999999999999996,-0.044199999999999996
1930-04-01,-0.0206,-0.0034999999999999996,-0.0034999999999999996,0.0021,0.0398
1930-05-01,-0.0166,-0.0202,-0.0070999999999999995,0.0026,5e-4
1930-06-01,-0.16269999999999998,-0.0336,0.022799999999999997,0.0027,0.0662
1930-07-01,0.0412,-0.0034999999999999996,-0.0154,0.002,-0.021099999999999997
1930-08-01,0.003,-0.0223,-0.0079,9e-4,0.0395
1930-09-01,-0.1275,-0.0222,-0.0527,0.0022,0.1148
1930-10-01,-0.08779999999999999,-0.0012,-0.0138,9e-4,0.06860000000000001
1930-11-01,-0.0304,0.0222,-0.0352,0.0013,-0.0146
1930-12-01,-0.0783,-0.0466,-0.0538,0.0014000000000000002,0.1332
1931-01-01,0.062400000000000004,0.0375,0.0713,0.0015,-0.1107
1931-02-01,0.10880000000000001,0.0338,0.016,4e-4,-0.1447
1931-03-01,-0.0643,0.030600000000000002,-0.036699999999999997,0.0013,0.0946
1931-04-01,-0.0998,-0.0463,-0.0395,8e-4,0.114
1931-05-01,-0.1324,0.0516,-0.0659,9e-4,0.0926
1931-06-01,0.139,-0.0536,0.1134,8e-4,-0.1788
1931-07-01,-0.0662,0.0149,-0.022099999999999998,6e-4,0.08199999999999999
1931-08-01,0.0040999999999999995,-0.0192,-0.0154,3e-4,-0.035
1931-09-01,-0.2913,0.0048,-0.0667,3e-4,0.1015
1931-10-01,0.08039999999999999,-0.0173,0.0146,0.001,0.0327
1931-11-01,-0.0908,0.0432,-0.0506,0.0017000000000000001,0.0754
1931-12-01,-0.1353,-0.0042,-0.09050000000000001,0.0012,0.1416
1932-01-01,-0.0158,0.0385,0.0916,0.0023,-0.10869999999999999
1932-02-01,0.0546,-0.0287,-0.0131,0.0023,0.0159
1932-03-01,-0.1121,0.023399999999999997,-0.024399999999999998,0.0016,0.0992
1932-04-01,-0.1796,0.0151,0.0132,0.0011,0.0697
1932-05-01,-0.2051,0.0412,-0.0332,6e-4,0.12279999999999999
1932-06-01,-0.006999999999999999,0.0019,0.0552,2e-4,0.018799999999999997
1932-07-01,0.33840000000000003,-0.045899999999999996,0.35609999999999997,3e-4,-0.45020000000000004
1932-08-01,0.37060000000000004,0.1341,0.34240000000000004,3e-4,-0.5205
1932-09-01,-0.0294,-0.0208,-0.0736,3e-4,0.0236
1932-10-01,-0.1317,-0.0256,-0.1033,2e-4,0.0495
1932-11-01,-0.0588,0.02,-0.1311,2e-4,-0.0183
1932-12-01,0.044000000000000004,-0.0864,-0.07719999999999999,1e-4,0.0548
1933-01-01,0.0125,0.0063,0.0636,1e-4,-0.016
1933-02-01,-0.1524,-0.0258,-0.029500000000000002,-3e-4,0.0426
1933-03-01,0.0329,0.0379,0.0754,4e-4,0.0248
1933-04-01,0.3885,0.030699999999999998,0.19649999999999998,0.001,-0.16510000000000002
1933-05-01,0.2143,0.36560000000000004,0.19190000000000002,4e-4,-0.0431
1933-06-01,0.1311,0.0842,-0.0178,2e-4,0.04
1933-07-01,-0.09630000000000001,-0.0105,0.0327,2e-4,0.001
1933-08-01,0.12050000000000001,-0.053899999999999997,0.03,3e-4,0.0759
1933-09-01,-0.1065,-0.004,-0.1174,2e-4,0.0158
1933-10-01,-0.0836,-0.002,-0.0857,1e-4,-0.022099999999999998
1933-11-01,0.09970000000000001,-0.0647,0.0232,2e-4,0.061
1933-12-01,0.0183,0.0063,-0.015600000000000001,2e-4,0.0418
1934-01-01,0.126,0.12689999999999999,0.1559,5e-4,-0.0297
1934-02-01,-0.025,0.051,0.02,2e-4,-0.0028000000000000004
1934-03-01,9e-4,0.025099999999999997,-0.027000000000000003,2e-4,-0.0067
1934-04-01,-0.0179,0.0273,-0.0373,1e-4,-0.047
1934-05-01,-0.0725,-0.0029,-0.058899999999999994,1e-4,-0.0256
1934-06-01,0.0264,-0.0223,-0.0296,1e-4,-0.0096
1934-07-01,-0.1096,-0.06709999999999999,-0.10980000000000001,1e-4,0.08710000000000001
1934-08-01,0.0558,0.0524,0.0068000000000000005,1e-4,0.0248
1934-09-01,-0.0023,-0.0143,-0.0131,1e-4,6e-4
1934-10-01,-0.0166,0.015300000000000001,-0.055,1e-4,0.069
1934-11-01,0.0833,0.06309999999999999,-0.0197,1e-4,0.0383
1934-12-01,0.0036,0.029900000000000003,-0.0311,1e-4,0.0473
1935-01-01,-0.0345,0.0103,-0.0183,1e-4,0.037200000000000004
1935-02-01,-0.0194,0.005600000000000001,-0.0751,2e-4,0.1392
1935-03-01,-0.0368,-0.0359,-0.0507,1e-4,0.0316
1935-04-01,0.0906,-0.0147,0.0432,1e-4,-0.0467
1935-05-01,0.0347,-0.0325,0.0248,1e-4,-0.0365
1935-06-01,0.0593,-0.024,-0.018799999999999997,1e-4,0.0235
1935-07-01,0.0751,0.0165,0.0664,1e-4,-0.0375
1935-08-01,0.0265,0.0611,0.059000000000000004,1e-4,-0.0717
1935-09-01,0.0263,0.0163,-0.0401,1e-4,0.0895
1935-10-01,0.0703,0.027999999999999997,-0.024399999999999998,1e-4,0.0187
1935-11-01,0.048799999999999996,0.0416,0.1173,2e-4,-0.06269999999999999
1935-12-01,0.045599999999999995,0.004,0.0106,1e-4,0.0378
1936-01-01,0.0689,0.051699999999999996,0.1033,1e-4,-0.0333
1936-02-01,0.024900000000000002,0.014199999999999999,0.0487,1e-4,0.0245
1936-03-01,0.009899999999999999,0.005699999999999999,-0.016200000000000003,2e-4,0.0182
1936-04-01,-0.0814,-0.060700000000000004,-0.0208,2e-4,-0.0765
1936-05-01,0.0519,0.009000000000000001,0.0254,2e-4,0.024700000000000003
1936-06-01,0.024,-0.0323,-0.012199999999999999,3e-4,0.0038
1936-07-01,0.0667,0.01,0.024,1e-4,0.0285
1936-08-01,0.009899999999999999,0.006,0.0382,2e-4,0.006500000000000001
1936-09-01,0.0098,0.0308,0.009000000000000001,1e-4,0.0124
1936-10-01,0.0712,-0.024300000000000002,0.024700000000000003,2e-4,0.01
1936-11-01,0.0327,0.0877,-0.0121,1e-4,0.0197
1936-12-01,0.0021,0.039599999999999996,0.043,0,0.020099999999999996
1937-01-01,0.0335,0.0434,0.026099999999999998,1e-4,-0.019
1937-02-01,0.0109,0.0105,0.0483,2e-4,0.0317
1937-03-01,-0.0027,-0.0169,0.065,1e-4,0.027000000000000003
1937-04-01,-0.0736,-0.0383,-0.0366,3e-4,-0.0371
1937-05-01,-0.0083,-0.0068000000000000005,-0.0348,6e-4,0.0058
1937-06-01,-0.0421,-0.037599999999999995,-0.0333,3e-4,0.0074
1937-07-01,0.0891,0.0089,0.008100000000000001,3e-4,-0.0055000000000000005
1937-08-01,-0.048600000000000004,0.0044,-0.0225,2e-4,-0.018500000000000003
1937-09-01,-0.1361,-0.0698,-0.045700000000000005,4e-4,-0.0701
1937-10-01,-0.09609999999999999,0.0040999999999999995,-0.0155,2e-4,-0.016
1937-11-01,-0.08310000000000001,-0.036000000000000004,0.0015,2e-4,-0.0123
1937-12-01,-0.0424,-0.0774,-0.004,0,0.0467
1938-01-01,0.0049,0.0484,-0.0161,0,-0.0161
1938-02-01,0.0584,0.004,-0.0202,0,-0.0291
1938-03-01,-0.2382,-0.0434,-0.0354,-1e-4,0.1555
1938-04-01,0.1451,0.0646,0.0023,1e-4,-0.0849
1938-05-01,-0.0383,-0.025099999999999997,-0.0027,0,0.0701
1938-06-01,0.23870000000000002,0.043,0.0032,0,-0.24789999999999998
1938-07-01,0.07339999999999999,0.0667,0.021400000000000002,-1e-4,-0.0701
1938-08-01,-0.026699999999999998,-0.024399999999999998,-0.0473,0,0.0364
1938-09-01,0.008100000000000001,-0.0273,-0.0161,2e-4,0.0258
1938-10-01,0.078,0.0579,0.0507,1e-4,-0.07769999999999999
1938-11-01,-0.0172,-0.025699999999999997,-0.0121,-6e-4,0.030699999999999998
1938-12-01,0.04190000000000001,-0.0183,0.0053,0,0.0218
1939-01-01,-0.0596,-0.015300000000000001,-0.039599999999999996,-1e-4,-0.0304
1939-02-01,0.0351,0.0064,0.0294,1e-4,0.0327
1939-03-01,-0.1199,-0.0472,-0.0837,-1e-4,-0.0155
1939-04-01,-0.0018,0.0166,-0.0029,0,0.0256
1939-05-01,0.068,0.0278,0.0053,1e-4,0.0354
1939-06-01,-0.053099999999999994,-0.009899999999999999,-0.0545,1e-4,0.020499999999999997
1939-07-01,0.1024,0.041299999999999996,0.0031,0,-0.0072
1939-08-01,-0.0668,-0.046799999999999994,-0.0233,-1e-4,0.059500000000000004
1939-09-01,0.16879999999999998,0.2061,0.2188,1e-4,-0.3103
1939-10-01,-0.0053,-0.0016,-0.047,0,0.06559999999999999
1939-11-01,-0.0362,-0.052199999999999996,-0.06280000000000001,0,-0.0029
1939-12-01,0.030299999999999997,0.0087,-0.04190000000000001,0,0.0538
1940-01-01,-0.0241,0.004,-0.0109,0,0.0175
1940-02-01,0.0144,0.0222,0.0019,0,0.0179
1940-03-01,0.020499999999999997,0.0126,-0.0129,0,-0.0034999999999999996
1940-04-01,0.0022,0.0401,-0.0026,0,0.0325
1940-05-01,-0.2195,-0.0661,-0.0382,-2e-4,0.026600000000000002
1940-06-01,0.0667,-0.0172,0.0388,0,-0.0206
1940-07-01,0.0316,0.0101,-0.0074,1e-4,0.008100000000000001
1940-08-01,0.0219,-0.0011,0.005600000000000001,-1e-4,-0.015600000000000001
1940-09-01,0.0239,0.0322,-0.0113,0,-0.0024
1940-10-01,0.0302,0.0028000000000000004,0.0464,0,-0.06509999999999999
1940-11-01,-0.0161,0.0194,0.0012,0,0.0128
1940-12-01,0.0069,-0.0215,-0.0089,0,0.0348
1941-01-01,-0.0417,0.01,0.0383,-1e-4,-0.0443
1941-02-01,-0.0143,-0.015600000000000001,0.0089,-1e-4,0.0097
1941-03-01,0.0084,0.001,0.0304,1e-4,0.024399999999999998
1941-04-01,-0.0546,-0.0168,0.0341,-1e-4,0.0301
1941-05-01,0.0139,-0.006500000000000001,0.006,0,0.0252
1941-06-01,0.0583,0.0132,0.0059,0,-0.0095
1941-07-01,0.0587,0.0571,0.0725,3e-4,-0.0163
1941-08-01,-0.0017000000000000001,-0.0042,-0.011000000000000001,1e-4,0.0012
1941-09-01,-0.0087,-0.009899999999999999,-0.0028000000000000004,1e-4,-0.0165
1941-10-01,-0.0525,-0.0202,0.0163,0,0.0475
1941-11-01,-0.0192,-0.0121,-0.0064,0,0.0405
1941-12-01,-0.0487,-0.029900000000000003,-0.0594,1e-4,0.0025
1942-01-01,0.0079,0.0753,0.10099999999999999,2e-4,-0.035699999999999996
1942-02-01,-0.0246,0.0172,-0.0113,1e-4,-0.0075
1942-03-01,-0.0658,0.0177,-0.0062,1e-4,-0.0033
1942-04-01,-0.0437,-0.006,0.0209,1e-4,-0.0070999999999999995
1942-05-01,0.0594,-0.0305,-0.0265,3e-4,-0.0471
1942-06-01,0.0269,-0.012199999999999999,0.0054,2e-4,-0.0132
1942-07-01,0.0351,-0.0014000000000000002,0.024399999999999998,3e-4,0.0077
1942-08-01,0.018000000000000002,-2e-4,0.013999999999999999,3e-4,-0.0018
1942-09-01,0.026099999999999998,0.0055000000000000005,0.022799999999999997,3e-4,-0.0064
1942-10-01,0.0682,0.0175,0.0637,3e-4,-0.0407
1942-11-01,0.0015,-0.013600000000000001,-0.0405,3e-4,-0.0088
1942-12-01,0.0512,-0.0256,0.0054,3e-4,0.0326
1943-01-01,0.0713,0.0888,0.0818,3e-4,-0.0036
1943-02-01,0.061500000000000006,0.047,0.0633,3e-4,-0.0155
1943-03-01,0.0601,0.050300000000000004,0.055099999999999996,3e-4,0.048499999999999995
1943-04-01,0.008100000000000001,0.0202,0.0576,3e-4,0.0617
1943-05-01,0.0574,0.0434,0.0321,3e-4,0.0564
1943-06-01,0.0182,-0.0101,-0.006999999999999999,3e-4,-0.0129
1943-07-01,-0.04769999999999999,-0.0235,-0.023,3e-4,-0.0464
1943-08-01,0.013000000000000001,-0.006,-0.0043,3e-4,0.0088
1943-09-01,0.024,0.013000000000000001,0.0143,3e-4,0.018000000000000002
1943-10-01,-0.0115,0.0058,0.016399999999999998,3e-4,-0.005699999999999999
1943-11-01,-0.0591,-0.0163,-0.0403,3e-4,-0.046
1943-12-01,0.0636,0.0331,0.0323,3e-4,0.0603
1944-01-01,0.0174,0.0254,0.0217,3e-4,0.0098
1944-02-01,0.0037,-0.0011,0.0083,3e-4,0.0033
1944-03-01,0.0246,0.0173,0.034300000000000004,2e-4,0.025099999999999997
1944-04-01,-0.0169,-0.0138,-0.0113,3e-4,0.0055000000000000005
1944-05-01,0.0507,0.0166,0.0104,3e-4,0.019799999999999998
1944-06-01,0.054900000000000004,0.039900000000000005,0.0175,3e-4,-0.0513
1944-07-01,-0.0149,0.005699999999999999,-0.0048,3e-4,0.0012
1944-08-01,0.015700000000000002,0.0232,-0.0144,3e-4,0.0466
1944-09-01,1e-4,0.0044,-0.0097,2e-4,-0.0106
1944-10-01,0.0016,-0.0011,-0.0039000000000000003,3e-4,-0.0134
1944-11-01,0.0171,0.0023,0.0252,3e-4,0.0134
1944-12-01,0.0403,0.022099999999999998,0.0604,2e-4,0.0336
1945-01-01,0.020099999999999996,0.024399999999999998,0.0063,3e-4,2e-4
1945-02-01,0.0623,0.0152,0.0433,2e-4,0.031
1945-03-01,-0.038900000000000004,-0.0161,-0.0166,2e-4,-0.0326
1945-04-01,0.078,0.0031,0.032400000000000005,3e-4,0.0482
1945-05-01,0.0173,0.0148,0.0036,3e-4,0.0011
1945-06-01,0.0039000000000000003,0.030600000000000002,0.042300000000000004,2e-4,0.0414
1945-07-01,-0.0217,-0.0152,-0.0262,3e-4,-0.027000000000000003
1945-08-01,0.062,0.015,-0.042699999999999995,3e-4,-0.0131
1945-09-01,0.04769999999999999,0.017,0.0042,3e-4,0.0125
1945-10-01,0.038900000000000004,0.023799999999999998,0.0213,3e-4,0.0012
1945-11-01,0.053899999999999997,0.0431,0.039599999999999996,2e-4,0.041100000000000005
1945-12-01,0.012,0.021,-0.022799999999999997,3e-4,0.0125
1946-01-01,0.062400000000000004,0.0391,0.0248,3e-4,0.0378
1946-02-01,-0.0583,-0.0070999999999999995,-0.0146,3e-4,-0.0144
1946-03-01,0.0587,0.0029,-0.0054,3e-4,0.0268
1946-04-01,0.042300000000000004,0.0235,0.0032,3e-4,0.0298
1946-05-01,0.0393,0.0146,0.0128,3e-4,-0.0046
1946-06-01,-0.038900000000000004,-0.0158,-0.0039000000000000003,3e-4,-0.025
1946-07-01,-0.0269,-0.0207,7.000000000000001e-4,3e-4,-2e-4
1946-08-01,-0.0644,-0.0184,0.0055000000000000005,3e-4,-4e-4
1946-09-01,-0.1017,-0.044000000000000004,-0.0192,3e-4,0.0074
1946-10-01,-0.0144,0.001,0.0346,3e-4,0.0103
1946-11-01,-1e-4,-0.0044,0.0147,3e-4,0.0019
1946-12-01,0.0496,8e-4,-0.013600000000000001,3e-4,-8e-4
1947-01-01,0.0125,0.022000000000000002,-0.0073,3e-4,-0.0636
1947-02-01,-0.0108,0.0068000000000000005,0.0015,3e-4,-0.0052
1947-03-01,-0.0167,-0.016200000000000003,0.0060999999999999995,3e-4,0.041299999999999996
1947-04-01,-0.048,-0.039599999999999996,0.0085,3e-4,0.0499
1947-05-01,-0.0097,-0.0326,0.0033,3e-4,0.0334
1947-06-01,0.0529,-0.003,-0.0059,3e-4,-0.0167
1947-07-01,0.0414,0.0143,0.0282,3e-4,-0.034300000000000004
1947-08-01,-0.0174,0.0032,0.0018,3e-4,0.0333
1947-09-01,-0.0054,0.016399999999999998,0.013600000000000001,6e-4,1e-4
1947-10-01,0.024700000000000003,0.0051,7.000000000000001e-4,6e-4,0.015700000000000002
1947-11-01,-0.0197,-0.0171,0.011000000000000001,6e-4,0.042699999999999995
1947-12-01,0.03,-0.0246,0.0371,8e-4,0.0362
1948-01-01,-0.0393,0.025,0.0139,7.000000000000001e-4,-0.043
1948-02-01,-0.0438,-0.0172,7.000000000000001e-4,7.000000000000001e-4,0.0144
1948-03-01,0.08070000000000001,0.0014000000000000002,0.045,9e-4,-0.0031
1948-04-01,0.0365,-0.0165,0.041100000000000005,8e-4,0.0409
1948-05-01,0.073,0.0091,-0.0127,8e-4,0.023
1948-06-01,-0.001,-0.0182,0.0281,9e-4,0.0408
1948-07-01,-0.0509,-0.0033,0.0014000000000000002,8e-4,-0.0155
1948-08-01,0.0025,-0.0111,0.0028000000000000004,9e-4,0.0023
1948-09-01,-0.0297,-0.0123,-0.0171,4e-4,-0.0131
1948-10-01,0.0596,-0.015,0.0058,4e-4,0.027999999999999997
1948-11-01,-0.09300000000000001,-0.006,-0.041299999999999996,4e-4,0.0054
1948-12-01,0.0326,-0.0282,-0.0194,4e-4,0.0463
1949-01-01,0.0023,0.0177,0.0123,0.001,-0.028999999999999998
1949-02-01,-0.029300000000000003,-0.019,-0.0086,9e-4,-0.0040999999999999995
1949-03-01,0.0404,0.025,0.0129,0.001,-0.009399999999999999
1949-04-01,-0.0187,-0.0089,-0.0113,9e-4,0.031
1949-05-01,-0.0294,-0.0079,-0.023700000000000002,0.001,0.0298
1949-06-01,0.001,-0.0091,-0.0165,0.001,-0.0106
1949-07-01,0.0554,0.0055000000000000005,0.0036,9e-4,-0.0148
1949-08-01,0.026000000000000002,0.0013,-0.0062,9e-4,0.0172
1949-09-01,0.030899999999999997,0.0106,0.0024,9e-4,-0.0141
1949-10-01,0.031400000000000004,0.0104,-0.004699999999999999,9e-4,6e-4
1949-11-01,0.0182,-0.0102,-0.0097,8e-4,0.012199999999999999
1949-12-01,0.0513,0.0208,0.0179,9e-4,-0.0078000000000000005
1950-01-01,0.017,0.0334,0.0013,9e-4,-0.023399999999999997
1950-02-01,0.0148,1e-4,-0.008100000000000001,9e-4,0.0139
1950-03-01,0.0126,-0.0143,-0.0281,0.001,0.0147
1950-04-01,0.0394,0.020099999999999996,0.0137,9e-4,0.0040999999999999995
1950-05-01,0.0431,-0.0212,0.0045000000000000005,0.001,0.0037
1950-06-01,-0.0594,-0.0236,-0.0073,0.001,-0.0158
1950-07-01,0.013600000000000001,0.0069,0.1356,0.001,-0.004699999999999999
1950-08-01,0.048499999999999995,0.0076,-0.015,0.001,0.0319
1950-09-01,0.0481,0.0049,-0.010700000000000001,0.001,-0.0017000000000000001
1950-10-01,-0.0018,-0.004699999999999999,0.013000000000000001,0.0012,0.015300000000000001
1950-11-01,0.0276,-0.0089,0.0333,0.0011,0.0363
1950-12-01,0.0554,0.0147,0.0736,0.0011,0.0499
1951-01-01,0.057,0.0176,0.0364,0.0013,0.02
1951-02-01,0.0141,8e-4,-0.0285,0.001,-0.0155
1951-03-01,-0.0215,-0.0077,-0.040999999999999995,0.0011,-0.0297
1951-04-01,0.048600000000000004,-0.014499999999999999,0.0327,0.0013,0.0601
1951-05-01,-0.023399999999999997,0,-0.0137,0.0012,-0.009300000000000001
1951-06-01,-0.0262,-0.0206,-0.0375,0.0012,-0.023799999999999998
1951-07-01,0.0694,-0.0199,0.0206,0.0013,0.0727
1951-08-01,0.042699999999999995,0.009899999999999999,-0.0013,0.0013,0.01
1951-09-01,0.006999999999999999,0.0187,0.0063,0.0012,0.0049
1951-10-01,-0.0253,-0.0022,0.0023,0.0016,-0.002
1951-11-01,0.005699999999999999,-0.0032,-6e-4,0.0011,0.005699999999999999
1951-12-01,0.0333,-0.0226,-0.0159,0.0012,0.0168
1952-01-01,0.014499999999999999,-0.0060999999999999995,0.0155,0.0015,0.013500000000000002
1952-02-01,-0.0262,0.008199999999999999,-0.0060999999999999995,0.0012,-0.0068000000000000005
1952-03-01,0.0444,-0.029900000000000003,0.0217,0.0011,0.0159
1952-04-01,-0.049699999999999994,0.0046,-0.001,0.0012,-0.0206
1952-05-01,0.032,-0.01,4e-4,0.0013,0.0051
1952-06-01,0.0383,-0.016399999999999998,0.0124,0.0015,0.0148
1952-07-01,0.0091,-0.004,-0.0034999999999999996,0.0015,-0.005699999999999999
1952-08-01,-0.0076,0.0115,1e-4,0.0015,0.0034000000000000002
1952-09-01,-0.0203,0.0111,-0.0152,0.0016,0.017
1952-10-01,-0.0066,-0.0105,-0.0046,0.0014000000000000002,0.0282
1952-11-01,0.0594,-0.0072,0.0097,0.001,0.0048
1952-12-01,0.029300000000000003,-0.0148,0.0019,0.0016,0.0159
1953-01-01,-0.0034000000000000002,0.0361,0.0132,0.0016,0.0070999999999999995
1953-02-01,-0.0027,0.0215,-9e-4,0.0014000000000000002,0.0088
1953-03-01,-0.0143,-0.0022,-0.0085,0.0018,7.000000000000001e-4
1953-04-01,-0.028300000000000002,0.003,0.015700000000000002,0.0016,0.0191
1953-05-01,0.0052,-7.000000000000001e-4,0.0023,0.0017000000000000001,0.009399999999999999
1953-06-01,-0.0189,-0.0187,-0.004699999999999999,0.0018,0
1953-07-01,0.024,-0.009899999999999999,-0.0022,0.0015,-0.0027
1953-08-01,-0.0452,0.003,-0.0354,0.0017000000000000001,0.0212
1953-09-01,0.002,-0.008199999999999999,-0.024399999999999998,0.0016,0.0285
1953-10-01,0.046,-0.0137,-0.0024,0.0013,0.0021
1953-11-01,0.028300000000000002,-0.0132,-0.0015,8e-4,0.019
1953-12-01,3e-4,-0.0086,-0.0282,0.0013,0.0521
1954-01-01,0.0513,0.005,0.0342,0.0011,-0.0583
1954-02-01,0.0167,-0.002,-0.0028000000000000004,7.000000000000001e-4,0.0104
1954-03-01,0.0365,-0.0052,-0.015,8e-4,0.0204
1954-04-01,0.042699999999999995,-0.0342,-0.0034000000000000002,9e-4,0.049699999999999994
1954-05-01,0.030899999999999997,0.0040999999999999995,0.0246,5e-4,-0.019
1954-06-01,0.010700000000000001,0.0039000000000000003,0,6e-4,0.0351
1954-07-01,0.0499,0.0106,0.041299999999999996,5e-4,0.0048
1954-08-01,-0.023399999999999997,0.0269,-0.0138,5e-4,-0.0066
1954-09-01,0.0639,-0.0253,0.0068000000000000005,9e-4,0.015600000000000001
1954-10-01,-0.0167,0.0062,0.0067,7.000000000000001e-4,0.0095
1954-11-01,0.09380000000000001,-0.0262,0.044000000000000004,6e-4,0.019
1954-12-01,0.0548,0.0212,0.056600000000000004,8e-4,-0.013300000000000001
1955-01-01,0.006,0.0036,0.021400000000000002,8e-4,0.013600000000000001
1955-02-01,0.0302,0.0159,0.0058,9e-4,0.0109
1955-03-01,-0.0016,-0.0074,0.0197,0.001,0.0104
1955-04-01,0.0311,-0.016200000000000003,0.0068000000000000005,0.001,7.000000000000001e-4
1955-05-01,0.009300000000000001,-0.0028000000000000004,-0.0096,0.0014000000000000002,0.0051
1955-06-01,0.0655,-0.04650000000000001,0.0184,0.001,0.0462
1955-07-01,0.019,-0.0115,0.0039000000000000003,0.001,-0.012
1955-08-01,0.0021,-0.0044,0.0072,0.0016,0.0179
1955-09-01,-0.0036,0.0028000000000000004,-0.0098,0.0016,0.0182
1955-10-01,-0.0268,0.0152,-0.0011,0.0018,-0.0060999999999999995
1955-11-01,0.0703,-0.0219,0.0033,0.0017000000000000001,0.027000000000000003
1955-12-01,0.0149,0.021099999999999997,-0.0231,0.0018,-0.013500000000000002
1956-01-01,-0.030299999999999997,0.0040999999999999995,0.009300000000000001,0.0022,-0.013999999999999999
1956-02-01,0.0377,-0.0098,-0.0039000000000000003,0.0019,0.0196
1956-03-01,0.0664,-0.021099999999999997,-0.0045000000000000005,0.0015,0.036000000000000004
1956-04-01,0.0028000000000000004,4e-4,-0.0022,0.0019,0.0258
1956-05-01,-0.052000000000000005,0.0146,-0.0134,0.0023,-0.0161
1956-06-01,0.0348,-0.0148,-0.011000000000000001,0.002,0.0273
1956-07-01,0.0484,-0.0168,-1e-4,0.0022,0.0253
1956-08-01,-0.0318,0.0191,-0.0078000000000000005,0.0017000000000000001,-0.0069
1956-09-01,-0.051399999999999994,0.0154,0.0176,0.0018,-0.0075
1956-10-01,0.0052,-0.0011,-1e-4,0.0025,0.024300000000000002
1956-11-01,0.0036,-0.0016,0.0176,0.002,0.0341
1956-12-01,0.0316,-4e-4,-0.0208,0.0024,0.0382
1957-01-01,-0.0358,0.0332,0.0279,0.0027,-0.030899999999999997
1957-02-01,-0.0206,-0.0064,-0.0079,0.0024,0.0032
1957-03-01,0.0213,0.0031,-0.0049,0.0023,-0.0018
1957-04-01,0.0426,-0.016,-0.0143,0.0025,0.01
1957-05-01,0.0345,-0.0102,-0.0212,0.0026,0.0048
1957-06-01,-0.0074,0.0054,3e-4,0.0024,0.0079
1957-07-01,0.0066,-0.0076,0.0043,0.003,-8e-4
1957-08-01,-0.051100000000000007,5e-4,-0.0040999999999999995,0.0025,0.004699999999999999
1957-09-01,-0.059800000000000006,8e-4,0.0092,0.0026,0.0053
1957-10-01,-0.0432,-0.0252,-0.018000000000000002,0.0029,0.0195
1957-11-01,0.023,0.004,-0.0287,0.0028000000000000004,0.0127
1957-12-01,-0.0391,-0.0098,-0.016200000000000003,0.0024,0.0782
1958-01-01,0.0466,0.043899999999999995,0.04190000000000001,0.0028000000000000004,-0.0762
1958-02-01,-0.0152,0.006500000000000001,0.0033,0.0012,0.0373
1958-03-01,0.0327,0.006500000000000001,-0.0097,9e-4,-0.018799999999999997
1958-04-01,0.030899999999999997,-0.0062,0.0161,8e-4,0.0184
1958-05-01,0.0231,0.0216,-0.0026,0.0011,-0.018000000000000002
1958-06-01,0.029300000000000003,-0.0019,0.004,3e-4,-0.0088
1958-07-01,0.043899999999999995,0.0048,0.031,7.000000000000001e-4,-0.037000000000000005
1958-08-01,0.0191,0.0118,0.0038,4e-4,0.0021
1958-09-01,0.0466,0.0013,0.0286,0.0019,-0.011000000000000001
1958-10-01,0.0253,0.0108,-0.0123,0.0018,0.0315
1958-11-01,0.0301,0.0197,-0.012,0.0011,0.0158
1958-12-01,0.051500000000000004,-0.0203,3e-4,0.0022,-0.006500000000000001
1959-01-01,0.0070999999999999995,0.0302,0.029300000000000003,0.0021,-0.0026
1959-02-01,0.0095,0.0146,0.0115,0.0019,0.0345
1959-03-01,0.0028000000000000004,0.0149,-0.0034999999999999996,0.0022,0.0016
1959-04-01,0.0366,-0.006,-0.0123,0.002,0.0317
1959-05-01,0.0173,-0.0216,0.0181,0.0022,0.0149
1959-06-01,-0.0025,0.0067,0.0131,0.0025,0.028999999999999998
1959-07-01,0.0317,-0.003,0.0023,0.0025,-0.003
1959-08-01,-0.0139,-0.0077,0.0042,0.0019,-0.01
1959-09-01,-0.048,-9e-4,0.0054,0.0031,0.009300000000000001
1959-10-01,0.0128,0.014499999999999999,-0.0206,0.003,0.0371
1959-11-01,0.016,0.0124,-0.0319,0.0026,0.0223
1959-12-01,0.0245,-0.0058,-6e-4,0.0034000000000000002,0.0103
1960-01-01,-0.0698,0.0208,0.0273,0.0033,-0.0354
1960-02-01,0.011699999999999999,0.0051,-0.0191,0.0029,0.0392
1960-03-01,-0.0163,-0.0048,-0.0288,0.0034999999999999996,0.0138
1960-04-01,-0.0171,0.0033,-0.0226,0.0019,0.028399999999999998
1960-05-01,0.031200000000000002,0.012199999999999999,-0.0364,0.0027,0.0479
1960-06-01,0.0208,-0.0019,-0.0021,0.0024,0.0086
1960-07-01,-0.023700000000000002,-0.004699999999999999,0.0196,0.0013,-0.0088
1960-08-01,0.0301,0.0085,-0.0022,0.0017000000000000001,0.0191
1960-09-01,-0.0599,-0.0109,0.016,0.0016,0.0032
1960-10-01,-0.0070999999999999995,-0.0407,0.0274,0.0022,0.0125
1960-11-01,0.046900000000000004,0.0037,-0.024300000000000002,0.0013,0.0378
1960-12-01,0.0471,-0.015300000000000001,-0.008,0.0016,0.0141
1961-01-01,0.062,0.0072,0.036699999999999997,0.0019,-0.04
1961-02-01,0.035699999999999996,0.0394,-0.006500000000000001,0.0014000000000000002,0.0098
1961-03-01,0.028900000000000002,0.0333,-0.0074,0.002,0.0454
1961-04-01,0.0029,7.000000000000001e-4,0.020499999999999997,0.0017000000000000001,0.036000000000000004
1961-05-01,0.024,0.0199,0.0043,0.0018,-0.015700000000000002
1961-06-01,-0.0308,-0.0248,-0.0017000000000000001,0.002,0.0033
1961-07-01,0.028300000000000002,-0.0184,-0.0018,0.0018,0.0027
1961-08-01,0.025699999999999997,-0.0177,-0.0027,0.0014000000000000002,0.0159
1961-09-01,-0.0215,-0.0105,-0.0064,0.0017000000000000001,0.008199999999999999
1961-10-01,0.025699999999999997,-0.0154,-1e-4,0.0019,0.0311
1961-11-01,0.044500000000000005,0.012199999999999999,-0.011699999999999999,0.0015,0.013500000000000002
1961-12-01,-0.0018,-0.009000000000000001,0.0187,0.0019,-0.022099999999999998
1962-01-01,-0.0387,0.0182,0.0507,0.0024,-0.0203
1962-02-01,0.0181,-0.012,0.0091,0.002,-0.0101
1962-03-01,-0.0068000000000000005,0.0048,-0.013300000000000001,0.002,0.0184
1962-04-01,-0.0659,-0.0069,2e-4,0.0022,0.0291
1962-05-01,-0.08650000000000001,-0.0335,0.0281,0.0024,0.0040999999999999995
1962-06-01,-0.08470000000000001,-0.0063,0.026000000000000002,0.002,0.0646
1962-07-01,0.06280000000000001,0.0163,-0.035699999999999996,0.0027,0.0068000000000000005
1962-08-01,0.0213,0.0125,-0.0121,0.0023,-0.006
1962-09-01,-0.052199999999999996,-0.0248,0.0134,0.0021,0.0395
1962-10-01,-5e-4,-0.0401,0.013500000000000002,0.0025,0.0076
1962-11-01,0.10869999999999999,0.0259,0.009899999999999999,0.002,-0.0716
1962-12-01,0.0101,-0.038,0.0034999999999999996,0.0023,0.058899999999999994
1963-01-01,0.0493,0.031200000000000002,0.0217,0.0025,-0.021099999999999997
1963-02-01,-0.023799999999999998,0.0046,0.022000000000000002,0.0023,0.0253
1963-03-01,0.0308,-0.0248,0.019,0.0023,0.016200000000000003
1963-04-01,0.0451,-0.013500000000000002,0.01,0.0025,-9e-4
1963-05-01,0.0176,0.010700000000000001,0.026099999999999998,0.0024,0.0033
1963-06-01,-0.02,-0.0029,0.0077,0.0023,0.0121
1963-07-01,-0.0039000000000000003,-0.0053,-0.0089,0.0027,0.0097
1963-08-01,0.0507,-0.0089,0.0168,0.0025,0.0101
1963-09-01,-0.015700000000000002,-0.0034999999999999996,8e-4,0.0027,0.0019
1963-10-01,0.0253,-0.005600000000000001,-0.0014000000000000002,0.0029,0.031200000000000002
1963-11-01,-0.0085,-0.011699999999999999,0.0181,0.0027,-0.0074
1963-12-01,0.0183,-0.021099999999999997,-8e-4,0.0029,0.0175
1964-01-01,0.022400000000000003,-0.0014000000000000002,0.0147,0.003,0.0086
1964-02-01,0.0154,0.0013,0.0274,0.0026,0.0026
1964-03-01,0.0141,0.009899999999999999,0.0336,0.0031,0.0075
1964-04-01,0.001,-0.0144,-0.0058,0.0029,-0.0058
1964-05-01,0.014199999999999999,-0.0086,0.0182,0.0026,0.025699999999999997
1964-06-01,0.0127,-0.001,0.0063,0.003,0.0046
1964-07-01,0.0174,0.0022,0.0075,0.003,-0.0032
1964-08-01,-0.0144,0.0017000000000000001,8e-4,0.0028000000000000004,-0.0022
1964-09-01,0.0269,-0.0053,0.017,0.0028000000000000004,-0.0040999999999999995
1964-10-01,0.0059,0.0044,0.011699999999999999,0.0029,8e-4
1964-11-01,0,0.0069,-0.0196,0.0029,0.0103
1964-12-01,3e-4,-0.0036,-0.0248,0.0031,-0.0074
1965-01-01,0.0354,0.027000000000000003,0.0012,0.0028000000000000004,-0.0144
1965-02-01,0.0044,0.0353,0.0011,0.003,0.0032
1965-03-01,-0.0134,0.018799999999999997,0.0103,0.0036,0.0015
1965-04-01,0.0311,0.0115,0.0066,0.0031,0.0263
1965-05-01,-0.0077,0.0013,-0.0161,0.0031,0.006
1965-06-01,-0.055099999999999996,-0.0435,0.0059,0.0034999999999999996,-0.0313
1965-07-01,0.0143,0.0087,0.021400000000000002,0.0031,0.0412
1965-08-01,0.0273,0.028300000000000002,-0.0102,0.0033,0.0258
1965-09-01,0.0286,0.0064,-0.0012,0.0031,0.033
1965-10-01,0.026000000000000002,0.0253,0.015700000000000002,0.0031,0.0346
1965-11-01,-3e-4,0.04650000000000001,0.001,0.0034999999999999996,0.044500000000000005
1965-12-01,0.0101,0.0206,0.0202,0.0033,0.0012
1966-01-01,0.0072,0.0384,0.0353,0.0038,0.053899999999999997
1966-02-01,-0.0121,0.0438,0.0029,0.0034999999999999996,0.045700000000000005
1966-03-01,-0.025099999999999997,0.0098,-0.02,0.0038,0.014199999999999999
1966-04-01,0.021400000000000002,0.0341,-0.004699999999999999,0.0034000000000000002,0.06280000000000001
1966-05-01,-0.056600000000000004,-0.046,-0.0161,0.0040999999999999995,-0.047
1966-06-01,-0.0144,0.0104,0.0049,0.0038,0.0325
1966-07-01,-0.0163,-0.0043,0.009899999999999999,0.0034999999999999996,-0.013999999999999999
1966-08-01,-0.0791,-0.0329,0.0044,0.0040999999999999995,-0.021400000000000002
1966-09-01,-0.0106,-0.0104,0.0051,0.004,-0.0184
1966-10-01,0.038599999999999995,-0.0652,0.0268,0.0045000000000000005,-0.0526
1966-11-01,0.013999999999999999,0.0435,-0.04769999999999999,0.004,0.0572
1966-12-01,0.0013,0.0209,-0.0132,0.004,0.0106
1967-01-01,0.0815,0.083,0.0225,0.0043,-0.0693
1967-02-01,0.0078000000000000005,0.0333,-0.0218,0.0036,0.0352
1967-03-01,0.039900000000000005,0.014199999999999999,0.0054,0.0039000000000000003,0.015300000000000001
1967-04-01,0.038900000000000004,0.0062,-0.0245,0.0032,0.0059
1967-05-01,-0.0433,0.018000000000000002,0.0118,0.0033,0.0072
1967-06-01,0.0241,0.0591,0.0085,0.0027,0.06
1967-07-01,0.0458,0.031,0.027200000000000002,0.0031,-0.0103
1967-08-01,-0.0089,0.0039000000000000003,0.0152,0.0031,-0.0138
1967-09-01,0.0311,0.0302,-0.0242,0.0032,0.0252
1967-10-01,-0.030899999999999997,0.0138,-0.0322,0.0039000000000000003,0.036699999999999997
1967-11-01,0.0037,0.0016,-0.0169,0.0036,0.0126
1967-12-01,0.0305,0.057800000000000004,-0.0063,0.0033,0.0325
1968-01-01,-0.0406,0.038900000000000004,0.0484,0.004,-0.047
1968-02-01,-0.0375,-0.0296,0.013300000000000001,0.0039000000000000003,-0.034300000000000004
1968-03-01,0.002,-0.013500000000000002,-0.0059,0.0038,0.0323
1968-04-01,0.09050000000000001,0.056600000000000004,-0.011699999999999999,0.0043,0.0509
1968-05-01,0.022799999999999997,0.0649,0.0066,0.0045000000000000005,0.038
1968-06-01,0.0069,-0.0025,0.0083,0.0043,-0.019
1968-07-01,-0.027200000000000002,-0.0137,0.053899999999999997,0.0048,-0.0088
1968-08-01,0.0134,0.0232,0.01,0.0042,0.0189
1968-09-01,0.0403,0.0281,0.003,0.0043,-0.006500000000000001
1968-10-01,0.0042,-0.0048,0.0286,0.0044,-0.0146
1968-11-01,0.054299999999999994,0.023700000000000002,-0.009300000000000001,0.0042,0.0175
1968-12-01,-0.0394,0.034,-1e-4,0.0043,-1e-4
1969-01-01,-0.0125,-0.0076,0.0168,0.0053,-0.0017000000000000001
1969-02-01,-0.0584,-0.0394,0.009000000000000001,0.0046,-0.0236
1969-03-01,0.0264,-0.0026,-0.0052,0.0046,0.0397
1969-04-01,0.0146,-0.0087,-3e-4,0.0053,0.0113
1969-05-01,-0.001,-0.0022,0.0072,0.0048,0.017
1969-06-01,-0.0718,-0.0541,-0.0109,0.0051,-0.023
1969-07-01,-0.07,-0.0322,0.0118,0.0053,0.017
1969-08-01,0.046799999999999994,0.0089,-0.0377,0.005,0.0217
1969-09-01,-0.0298,0.011399999999999999,-0.0319,0.0062,0.0252
1969-10-01,0.0506,0.0387,-0.031,0.006,-0.0431
1969-11-01,-0.0379,-0.0258,-0.0121,0.0052,0.0366
1969-12-01,-0.0263,-0.037200000000000004,-0.028399999999999998,0.0064,0.0496
1970-01-01,-0.081,0.029500000000000002,0.031200000000000002,0.006,0.006
1970-02-01,0.0513,-0.0256,0.0393,0.0062,0.0023
1970-03-01,-0.0106,-0.023,0.039900000000000005,0.005699999999999999,-0.0036
1970-04-01,-0.11,-0.061200000000000004,0.0617,0.005,-0.0077
1970-05-01,-0.0692,-0.045599999999999995,0.0332,0.0053,-0.0278
1970-06-01,-0.0579,-0.021400000000000002,0.006,0.0058,0.057
1970-07-01,0.0693,-0.005,0.0091,0.0052,-0.031400000000000004
1970-08-01,0.0449,0.015300000000000001,0.0127,0.0053,-0.0655
1970-09-01,0.0418,0.0859,-0.0552,0.0054,-0.08800000000000001
1970-10-01,-0.022799999999999997,-0.042199999999999994,0.0021,0.0046,0.0942
1970-11-01,0.046,-0.0394,0.017,0.0046,0.0273
1970-12-01,0.0572,0.0292,0.009899999999999999,0.0042,-0.0223
1971-01-01,0.0484,0.0738,0.0148,0.0038,-0.06509999999999999
1971-02-01,0.0141,0.018600000000000002,-0.0127,0.0033,0.0079
1971-03-01,0.041299999999999996,0.026099999999999998,-0.0403,0.003,-0.0141
1971-04-01,0.0315,-0.0048,0.008100000000000001,0.0028000000000000004,0.0141
1971-05-01,-0.0398,-0.0104,-0.0141,0.0029,0.0086
1971-06-01,-0.001,-0.0148,-0.0194,0.0037,0.0273
1971-07-01,-0.045,-0.0151,-1e-4,0.004,-0.023700000000000002
1971-08-01,0.0379,-0.0015,0.0264,0.004699999999999999,0.0361
1971-09-01,-0.0085,0.0051,-0.0291,0.0037,0.0212
1971-10-01,-0.044199999999999996,-0.0174,-0.0048,0.0037,0.004699999999999999
1971-11-01,-0.0046,-0.0278,-0.017,0.0037,0.0151
1971-12-01,0.08710000000000001,0.0326,-0.0040999999999999995,0.0037,-0.0058
1972-01-01,0.024900000000000002,0.0588,0.0227,0.0029,0.0017000000000000001
1972-02-01,0.0287,0.0131,-0.0277,0.0025,0.0254
1972-03-01,0.0063,-0.0027,-0.0163,0.0027,0.0294
1972-04-01,0.0029,8e-4,0.001,0.0029,0.0281
1972-05-01,0.0125,-0.0273,-0.027200000000000002,0.003,0.0329
1972-06-01,-0.024300000000000002,0.0024,-0.024900000000000002,0.0029,0.019
1972-07-01,-0.008,-0.0287,0.0066,0.0031,0.027000000000000003
1972-08-01,0.0326,-0.0403,0.0453,0.0029,-0.054000000000000006
1972-09-01,-0.011399999999999999,-0.0265,0.004699999999999999,0.0034000000000000002,0.0182
1972-10-01,0.0052,-0.0273,0.013500000000000002,0.004,0.0070999999999999995
1972-11-01,0.046,-0.012,0.0483,0.0037,-0.0509
1972-12-01,0.0062,-0.0195,-0.0219,0.0037,0.0492
1973-01-01,-0.0329,-0.0349,0.0268,0.0044,0.0373
1973-02-01,-0.048499999999999995,-0.0387,0.016,0.0040999999999999995,0.0216
1973-03-01,-0.013000000000000001,-0.0282,0.0262,0.0046,0.0359
1973-04-01,-0.056799999999999996,-0.0385,0.0542,0.0052,0.0636
1973-05-01,-0.0294,-0.063,0.0040999999999999995,0.0051,0.07139999999999999
1973-06-01,-0.015700000000000002,-0.0285,0.011899999999999999,0.0051,0.043
1973-07-01,0.050499999999999996,0.0797,-0.0526,0.0064,-0.1157
1973-08-01,-0.0382,-0.0202,0.0106,0.006999999999999999,0.0346
1973-09-01,0.0475,0.029300000000000003,0.022400000000000003,0.0068000000000000005,-0.07
1973-10-01,-0.0083,-0.0028000000000000004,0.016,0.006500000000000001,0.0687
1973-11-01,-0.1275,-0.07719999999999999,0.039900000000000005,0.005600000000000001,0.0866
1973-12-01,0.0060999999999999995,-0.0537,0.0394,0.0064,0.1038
1974-01-01,-0.0017000000000000001,0.09720000000000001,0.06,0.0063,-0.0885
1974-02-01,-0.004699999999999999,-2e-4,0.025,0.0058,0.0032
1974-03-01,-0.0281,0.025,-0.0012,0.005600000000000001,-0.0105
1974-04-01,-0.0529,-0.0074,0.0087,0.0075,0.021099999999999997
1974-05-01,-0.046799999999999994,-0.0296,-0.0207,0.0075,-0.0039000000000000003
1974-06-01,-0.028300000000000002,-0.0017000000000000001,0.0079,0.006,0.0231
1974-07-01,-0.0805,0.0084,0.051699999999999996,0.006999999999999999,0.030899999999999997
1974-08-01,-0.0935,-0.0072,0.0264,0.006,0.03
1974-09-01,-0.1177,0.0027,0.0559,0.008100000000000001,0.0424
1974-10-01,0.161,-0.0346,-0.09880000000000001,0.0051,-0.0054
1974-11-01,-0.0451,-0.012199999999999999,-0.002,0.0054,0.021400000000000002
1974-12-01,-0.0345,-0.0483,0.0011,0.006999999999999999,0.0292
1975-01-01,0.1366,0.1115,0.0827,0.0058,-0.1382
1975-02-01,0.0556,0.0016,-0.0444,0.0043,-0.006
1975-03-01,0.026600000000000002,0.0378,0.0239,0.0040999999999999995,-0.0204
1975-04-01,0.042300000000000004,-0.0066,-0.0113,0.0044,0.0138
1975-05-01,0.0519,0.0384,-0.040999999999999995,0.0044,-0.0058
1975-06-01,0.0483,0.0086,0.013999999999999999,0.0040999999999999995,2e-4
1975-07-01,-0.0659,0.027000000000000003,0.0169,0.0048,0.0045000000000000005
1975-08-01,-0.0285,-0.032400000000000005,-0.009399999999999999,0.0048,-0.001
1975-09-01,-0.0426,-0.001,0.0043,0.0053,0.0040999999999999995
1975-10-01,0.053099999999999994,-0.0401,0.0027,0.005600000000000001,-0.0016
1975-11-01,0.0264,-0.0121,0.020499999999999997,0.0040999999999999995,-0.0045000000000000005
1975-12-01,-0.016,-0.0077,0.0169,0.0048,-0.0011
1976-01-01,0.1216,0.0478,0.0857,0.004699999999999999,0.044500000000000005
1976-02-01,0.0032,0.0704,0.0582,0.0034000000000000002,0.0038
1976-03-01,0.0232,-0.0118,-0.0011,0.004,0.0015
1976-04-01,-0.0149,-0.0011,-0.0014000000000000002,0.0042,0.0059
1976-05-01,-0.0134,-0.0123,-0.013500000000000002,0.0037,-0.011200000000000002
1976-06-01,0.0405,-0.013000000000000001,0.0069,0.0043,-0.0042
1976-07-01,-0.010700000000000001,0.0029,0.0173,0.004699999999999999,-0.0013
1976-08-01,-0.005600000000000001,-0.02,0.008100000000000001,0.0042,-0.0085
1976-09-01,0.0207,-2e-4,-0.0029,0.0044,0.0022
1976-10-01,-0.0242,0.0022,-0.0018,0.0040999999999999995,-0.0044
1976-11-01,0.0036,0.0232,0.0151,0.004,0.028900000000000002
1976-12-01,0.0565,0.030299999999999997,0.0227,0.004,0.0073
1977-01-01,-0.0405,0.047599999999999996,0.042699999999999995,0.0036,0.0401
1977-02-01,-0.0194,0.0104,0.004699999999999999,0.0034999999999999996,0.0036
1977-03-01,-0.0137,0.01,0.0109,0.0038,0.0055000000000000005
1977-04-01,0.0015,-0.0012,0.0338,0.0038,0.0421
1977-05-01,-0.014499999999999999,0.0118,0.0085,0.0037,0.0203
1977-06-01,0.0471,0.0209,-0.0074,0.004,0.0166
1977-07-01,-0.0169,0.0216,-0.005699999999999999,0.0042,0.0036
1977-08-01,-0.0175,0.0149,-0.0273,0.0044,-0.017
1977-09-01,-0.0027,0.013300000000000001,-0.0046,0.0043,0.02
1977-10-01,-0.0438,0.0125,0.0181,0.0049,-8e-4
1977-11-01,0.04,0.037200000000000004,0.0023,0.005,0.020099999999999996
1977-12-01,0.0027,0.0132,-0.003,0.0049,0.0158
1978-01-01,-0.0601,0.022400000000000003,0.0336,0.0049,-0.0066
1978-02-01,-0.0138,0.0359,0.0083,0.0046,0.0197
1978-03-01,0.0285,0.0348,0.0116,0.0053,0.0137
1978-04-01,0.0788,0.0044,-0.035699999999999996,0.0054,0.0086
1978-05-01,0.0176,0.045599999999999995,-0.0053,0.0051,0.028300000000000002
1978-06-01,-0.0169,0.0166,0.005699999999999999,0.0054,0.0275
1978-07-01,0.051100000000000007,0.0025,-0.0111,0.005600000000000001,0.0418
1978-08-01,0.0375,0.0506,-0.005699999999999999,0.005600000000000001,0.028300000000000002
1978-09-01,-0.0143,-0.0043,0.018600000000000002,0.0062,-0.031400000000000004
1978-10-01,-0.1191,-0.0989,0.0139,0.0068000000000000005,-0.08460000000000001
1978-11-01,0.0271,0.03,-0.021400000000000002,0.006999999999999999,0.0547
1978-12-01,0.0088,0.0129,-0.0213,0.0078000000000000005,0.030299999999999997
1979-01-01,0.042300000000000004,0.0362,0.022000000000000002,0.0077,-0.013600000000000001
1979-02-01,-0.0356,0.0045000000000000005,0.011399999999999999,0.0073,-0.0106
1979-03-01,0.056799999999999996,0.0322,-0.0073,0.008100000000000001,0.029300000000000003
1979-04-01,-6e-4,0.0218,0.0108,0.008,0.008100000000000001
1979-05-01,-0.022099999999999998,0.0019,0.0132,0.008199999999999999,-0.0054
1979-06-01,0.0385,0.0116,0.0139,0.008100000000000001,0.0084
1979-07-01,0.008199999999999999,0.0128,0.018600000000000002,0.0077,-0.010700000000000001
1979-08-01,0.0553,0.020499999999999997,-0.0158,0.0077,-0.0021
1979-09-01,-0.008199999999999999,-0.0027,-0.009000000000000001,0.0083,0.0528
1979-10-01,-0.081,-0.0337,-0.018600000000000002,0.0087,0.020099999999999996
1979-11-01,0.0521,0.0287,-0.032799999999999996,0.009899999999999999,0.0814
1979-12-01,0.0179,0.0417,-0.021,0.0095,0.0478
1980-01-01,0.055099999999999996,0.016200000000000003,0.0175,0.008,0.0755
1980-02-01,-0.012199999999999999,-0.018500000000000003,0.0060999999999999995,0.0089,0.0788
1980-03-01,-0.129,-0.0664,-0.0101,0.0121,-0.0955
1980-04-01,0.0397,0.0105,0.0108,0.0126,-0.0043
1980-05-01,0.0526,0.0213,0.0038,0.008100000000000001,-0.011200000000000002
1980-06-01,0.030600000000000002,0.0166,-0.0076,0.0060999999999999995,0.016200000000000003
1980-07-01,0.0649,0.0414,-0.0641,0.0053,0.0034999999999999996
1980-08-01,0.018000000000000002,0.0393,-0.026099999999999998,0.0064,0.0321
1980-09-01,0.0219,0.0097,-0.0458,0.0075,0.053899999999999997
1980-10-01,0.0106,0.025,-0.0279,0.0095,0.073
1980-11-01,0.0959,-0.0336,-0.0833,0.0096,0.1522
1980-12-01,-0.0452,-0.0026,0.0279,0.0131,-0.0668
1981-01-01,-0.0504,0.0292,0.0672,0.0104,-0.0795
1981-02-01,0.005699999999999999,-0.0034000000000000002,0.0102,0.010700000000000001,-0.013500000000000002
1981-03-01,0.0356,0.0354,0.0064,0.0121,0.0074
1981-04-01,-0.021099999999999997,0.044000000000000004,0.022799999999999997,0.0108,-0.0091
1981-05-01,0.0011,0.02,-0.0042,0.0115,0.037000000000000005
1981-06-01,-0.0236,-0.0083,0.0513,0.013500000000000002,-0.0581
1981-07-01,-0.0154,-0.0218,-0.0049,0.0124,-0.0245
1981-08-01,-0.0704,-0.0194,0.0479,0.0128,-0.0115
1981-09-01,-0.0717,-0.0265,0.051699999999999996,0.0124,0.0195
1981-10-01,0.0492,0.0223,-0.0421,0.0121,0.0401
1981-11-01,0.0336,-0.0103,0.018500000000000003,0.010700000000000001,-0.0027
1981-12-01,-0.0365,0.012,0.008199999999999999,0.0087,0.013000000000000001
1982-01-01,-0.032400000000000005,-0.0128,0.0319,0.008,0.0172
1982-02-01,-0.058600000000000006,0.0044,0.0605,0.0092,0.048799999999999996
1982-03-01,-0.0187,-0.0021,0.0383,0.0098,0.0296
1982-04-01,0.0327,0.0147,-0.027000000000000003,0.0113,-0.004
1982-05-01,-0.039900000000000005,0.0052,0.0176,0.0106,0.025
1982-06-01,-0.030899999999999997,-0.004,0.0155,0.0096,0.0496
1982-07-01,-0.0319,0.0083,9e-4,0.0105,0.0444
1982-08-01,0.1114,-0.041299999999999996,0.009300000000000001,0.0076,-0.0352
1982-09-01,0.0129,0.0296,0.0027,0.0051,0.04190000000000001
1982-10-01,0.113,0.0235,-0.036699999999999997,0.0059,0.0018
1982-11-01,0.0467,0.0466,-0.018500000000000003,0.0063,0.0594
1982-12-01,0.0055000000000000005,-0.0025,1e-4,0.0067,4e-4
1983-01-01,0.036000000000000004,0.0271,-0.0070999999999999995,0.0069,-0.0174
1983-02-01,0.0259,0.032799999999999996,0.006999999999999999,0.0062,0.0378
1983-03-01,0.0282,0.0174,0.020099999999999996,0.0063,0.009300000000000001
1983-04-01,0.0667,0.0049,0.0051,0.0070999999999999995,0.0172
1983-05-01,0.0052,0.0626,-0.014199999999999999,0.0069,-0.015600000000000001
1983-06-01,0.030699999999999998,0.0095,-0.0391,0.0067,0.018000000000000002
1983-07-01,-0.0407,0.0149,0.0562,0.0074,-0.0311
1983-08-01,-0.005,-0.042699999999999995,0.0554,0.0076,-0.054299999999999994
1983-09-01,0.0091,0.0062,0.0101,0.0076,-3e-4
1983-10-01,-0.0344,-0.035699999999999996,0.049699999999999994,0.0076,-0.0452
1983-11-01,0.0216,0.0202,-0.0073,0.006999999999999999,-0.0013
1983-12-01,-0.0178,-0.0027,0.017,0.0073,0.0084
1984-01-01,-0.0192,-0.0037,0.0757,0.0076,-0.0256
1984-02-01,-0.0482,-0.0169,0.0334,0.0070999999999999995,0.0022
1984-03-01,0.0063,7.000000000000001e-4,0.004699999999999999,0.0073,0.010700000000000001
1984-04-01,-0.0051,-0.0116,0.011899999999999999,0.008100000000000001,0.0207
1984-05-01,-0.059699999999999996,7.000000000000001e-4,0.0029,0.0078000000000000005,0.0151
1984-06-01,0.0182,-0.0031,-0.026600000000000002,0.0075,-0.006999999999999999
1984-07-01,-0.0274,-0.022099999999999998,0.0033,0.008199999999999999,0.028300000000000002
1984-08-01,0.10279999999999999,-0.0024,-0.018000000000000002,0.0083,-0.0559
1984-09-01,-0.008,0.0018,0.052300000000000006,0.0086,0.0362
1984-10-01,-0.0084,-0.0123,0.004699999999999999,0.01,0.0315
1984-11-01,-0.0176,-0.0063,0.0404,0.0073,0.016399999999999998
1984-12-01,0.0184,-0.005600000000000001,-0.0025,0.0064,0.0149
1985-01-01,0.0799,0.033,-0.0533,0.006500000000000001,-0.0682
1985-02-01,0.012199999999999999,0.008,-0.001,0.0058,0.018799999999999997
1985-03-01,-0.0084,-0.010700000000000001,0.0407,0.0062,0.0158
1985-04-01,-0.0096,0.0015,0.037200000000000004,0.0072,0.0304
1985-05-01,0.0509,-0.0222,-0.009399999999999999,0.0066,0.039900000000000005
1985-06-01,0.0127,0.005600000000000001,0.004699999999999999,0.0055000000000000005,0.035699999999999996
1985-07-01,-0.0074,0.0285,-0.016,0.0062,-0.0391
1985-08-01,-0.0102,-0.0031,0.022799999999999997,0.0055000000000000005,0.018500000000000003
1985-09-01,-0.0454,-0.0159,0.0129,0.006,0.0151
1985-10-01,0.04019999999999999,-0.0151,0.0075,0.006500000000000001,0.048799999999999996
1985-11-01,0.06480000000000001,0.0025,-0.028399999999999998,0.0060999999999999995,-0.004699999999999999
1985-12-01,0.0388,-0.0051,-0.0154,0.006500000000000001,-0.0023
1986-01-01,0.006500000000000001,0.0121,0.0044,0.005600000000000001,0.03
1986-02-01,0.0713,-0.005600000000000001,-0.0077,0.0053,0.0276
1986-03-01,0.048799999999999996,-0.0058,-0.0037,0.006,0.0241
1986-04-01,-0.0131,0.0278,-0.0286,0.0052,-0.0036
1986-05-01,0.0462,-0.013500000000000002,-0.0021,0.0049,0.020499999999999997
1986-06-01,0.0103,-0.0095,0.013000000000000001,0.0052,0.0507
1986-07-01,-0.0645,-0.0336,0.047,0.0052,0.018500000000000003
1986-08-01,0.060700000000000004,-0.0417,0.0351,0.0046,-0.0528
1986-09-01,-0.086,0.0236,0.0322,0.0045000000000000005,-0.0579
1986-10-01,0.0466,-0.025,-0.014199999999999999,0.0046,0.0446
1986-11-01,0.011699999999999999,-0.0191,-7.000000000000001e-4,0.0039000000000000003,-0.0026
1986-12-01,-0.0327,0.0013,0.0036,0.0049,0.0034999999999999996
1987-01-01,0.1247,-0.0181,-0.0316,0.0042,0.022000000000000002
1987-02-01,0.043899999999999995,0.0349,-0.0591,0.0043,-0.0207
1987-03-01,0.016399999999999998,0.0045000000000000005,0.0161,0.004699999999999999,0.0168
1987-04-01,-0.021099999999999997,-0.0169,-0.0039000000000000003,0.0044,0.0022
1987-05-01,0.0011,-0.005,0.0023,0.0038,-0.0074
1987-06-01,0.0394,-0.0212,0.0104,0.0048,-0.0025
1987-07-01,0.0385,-0.0066,0.0073,0.0046,0.026600000000000002
1987-08-01,0.0352,-0.0077,-0.0095,0.004699999999999999,-0.0086
1987-09-01,-0.0259,0.005600000000000001,0.003,0.0045000000000000005,0.0077
1987-10-01,-0.2324,-0.084,0.042300000000000004,0.006,-0.0786
1987-11-01,-0.07769999999999999,0.0275,0.0296,0.0034999999999999996,-0.011699999999999999
1987-12-01,0.0681,0.0012,-0.043899999999999995,0.0039000000000000003,0.0587
1988-01-01,0.0421,-0.0076,0.0495,0.0029,-0.0727
1988-02-01,0.0475,0.0334,-0.0169,0.0046,-0.0147
1988-03-01,-0.0227,0.061399999999999996,0.0074,0.0044,0.0058
1988-04-01,0.005600000000000001,0.0098,0.0163,0.0046,0.022400000000000003
1988-05-01,-0.0029,-0.026099999999999998,0.0242,0.0051,0.0063
1988-06-01,0.0479,0.021,-0.012199999999999999,0.0049,-0.029300000000000003
1988-07-01,-0.0125,-0.0026,0.0217,0.0051,0.006500000000000001
1988-08-01,-0.0331,4e-4,0.021,0.0059,0.0034999999999999996
1988-09-01,0.033,-0.013000000000000001,-0.0075,0.0062,0.0027
1988-10-01,0.0115,-0.0292,0.0169,0.0060999999999999995,0.013300000000000001
1988-11-01,-0.0229,-0.0171,0.013000000000000001,0.005699999999999999,0.0033
1988-12-01,0.0149,0.0197,-0.0161,0.0063,0.0049
1989-01-01,0.061,-0.0222,0.0062,0.0055000000000000005,-0.0016
1989-02-01,-0.0225,0.0282,0.009300000000000001,0.0060999999999999995,0.009899999999999999
1989-03-01,0.015700000000000002,0.0067,0.0054,0.0067,0.0351
1989-04-01,0.0433,-0.0068000000000000005,-0.013999999999999999,0.0067,0.0177
1989-05-01,0.0335,-5e-4,-0.0087,0.0079,0.0152
1989-06-01,-0.013500000000000002,-0.0102,0.0223,0.0070999999999999995,0.0043
1989-07-01,0.07200000000000001,-0.0416,-0.0279,0.006999999999999999,0.053899999999999997
1989-08-01,0.0144,0.005600000000000001,0.006,0.0074,-0.0012
1989-09-01,-0.0076,0.0032,-0.0127,0.006500000000000001,0.034
1989-10-01,-0.036699999999999997,-0.032400000000000005,-0.0111,0.0068000000000000005,0.0132
1989-11-01,0.0103,-0.0124,-0.0109,0.0069,0.026000000000000002
1989-12-01,0.0116,-0.023700000000000002,0.0016,0.0060999999999999995,0.027999999999999997
1990-01-01,-0.0785,-0.0125,0.0085,0.005699999999999999,-0.0327
1990-02-01,0.0111,0.0097,0.0064,0.005699999999999999,-0.0054
1990-03-01,0.0183,0.0146,-0.0292,0.0064,0.018000000000000002
1990-04-01,-0.0336,-0.0045000000000000005,-0.0259,0.0069,0.0239
1990-05-01,0.0842,-0.0256,-0.0383,0.0068000000000000005,0.030299999999999997
1990-06-01,-0.0109,0.013600000000000001,-0.019299999999999998,0.0063,0.024
1990-07-01,-0.019,-0.030899999999999997,-4e-4,0.0068000000000000005,0.061399999999999996
1990-08-01,-0.1015,-0.0356,0.016,0.0066,0.018799999999999997
1990-09-01,-0.061200000000000004,-0.036699999999999997,0.0060999999999999995,0.006,0.057800000000000004
1990-10-01,-0.0192,-0.0553,0,0.0068000000000000005,0.06709999999999999
1990-11-01,0.0635,0.0045000000000000005,-0.0297,0.005699999999999999,-0.0548
1990-12-01,0.0246,0.008199999999999999,-0.0163,0.006,0.0029
1991-01-01,0.046900000000000004,0.0383,-0.015700000000000002,0.0052,-0.0645
1991-02-01,0.0719,0.039900000000000005,-0.0063,0.0048,-0.0461
1991-03-01,0.0265,0.039,-0.013000000000000001,0.0044,0.0287
1991-04-01,-0.0028000000000000004,0.0048,0.014499999999999999,0.0053,-0.0236
1991-05-01,0.0365,-0.004,-0.0049,0.004699999999999999,-0.0011
1991-06-01,-0.049400000000000006,0.0015,0.010700000000000001,0.0042,0.004699999999999999
1991-07-01,0.0424,-0.0091,-0.0132,0.0049,0.042199999999999994
1991-08-01,0.0232,0.0159,-0.0078000000000000005,0.0046,0.015700000000000002
1991-09-01,-0.0159,0.016399999999999998,-0.010700000000000001,0.0046,0.0179
1991-10-01,0.0129,0.008100000000000001,-0.0046,0.0042,0.030600000000000002
1991-11-01,-0.04190000000000001,-0.005,-0.018799999999999997,0.0039000000000000003,0.011399999999999999
1991-12-01,0.1084,-0.022400000000000003,-0.0418,0.0038,0.0819
1992-01-01,-0.0059,0.08460000000000001,0.047,0.0034000000000000002,-0.024900000000000002
1992-02-01,0.0109,0.0087,0.0647,0.0028000000000000004,-0.0053
1992-03-01,-0.026600000000000002,-0.0104,0.0355,0.0034000000000000002,-0.0029
1992-04-01,0.010700000000000001,-0.060599999999999994,0.0432,0.0032,-0.0258
1992-05-01,0.003,0.0040999999999999995,0.011899999999999999,0.0028000000000000004,0.0021
1992-06-01,-0.023399999999999997,-0.030699999999999998,0.0325,0.0032,-0.0058
1992-07-01,0.0377,-0.0051,-0.0055000000000000005,0.0031,0.0159
1992-08-01,-0.023799999999999998,-0.0014000000000000002,-0.0108,0.0026,-0.0051
1992-09-01,0.011899999999999999,0.0049,-0.0023,0.0026,0.015
1992-10-01,0.0102,0.021,-0.019799999999999998,0.0023,0.0248
1992-11-01,0.041299999999999996,0.0379,-0.014199999999999999,0.0023,-0.0015
1992-12-01,0.015300000000000001,0.0167,0.0265,0.0028000000000000004,0.0432
1993-01-01,0.009300000000000001,0.018500000000000003,0.059500000000000004,0.0023,0.0484
1993-02-01,0.0012,-0.0349,0.0644,0.0022,0.031400000000000004
1993-03-01,0.023,0.0023,0.011899999999999999,0.0025,0.0373
1993-04-01,-0.0305,-0.0068000000000000005,0.0248,0.0024,0.0038
1993-05-01,0.028900000000000002,0.0208,-0.035,0.0022,0.0022
1993-06-01,0.0031,-0.0026,0.027200000000000002,0.0025,0.0455
1993-07-01,-0.0034000000000000002,0.009000000000000001,0.0282,0.0024,0.0319
1993-08-01,0.0371,0.0014000000000000002,0.0014000000000000002,0.0025,0.0265
1993-09-01,-0.0012,0.0298,-0.0034999999999999996,0.0026,0.0337
1993-10-01,0.0141,0.0203,-0.0278,0.0022,-0.027200000000000002
1993-11-01,-0.0189,-0.0113,-0.0066,0.0025,-0.0473
1993-12-01,0.0165,0.012,0.0027,0.0023,0.0236
1994-01-01,0.0287,0.0051,0.0128,0.0025,0
1994-02-01,-0.0255,0.027999999999999997,-0.015600000000000001,0.0021,-0.003
1994-03-01,-0.0478,-0.011399999999999999,0.0155,0.0027,-0.0127
1994-04-01,0.0068000000000000005,-0.0092,0.0166,0.0027,0.0039000000000000003
1994-05-01,0.0058,-0.0212,0.006999999999999999,0.0031,-0.0219
1994-06-01,-0.030299999999999997,-0.004,0.0167,0.0031,-0.0087
1994-07-01,0.0282,-0.0176,0.005699999999999999,0.0028000000000000004,0.001
1994-08-01,0.0401,0.0143,-0.025,0.0037,0.0155
1994-09-01,-0.0231,0.0311,-0.0184,0.0037,0.0131
1994-10-01,0.0134,-0.0226,-0.0163,0.0038,0.0149
1994-11-01,-0.0404,0.0031,-0.0073,0.0037,-0.0018
1994-12-01,0.0086,0.0019,-9e-4,0.0044,0.0348
1995-01-01,0.018000000000000002,-0.0344,0.025099999999999997,0.0042,-0.0181
1995-02-01,0.0363,-0.0066,0.0109,0.004,-0.0039000000000000003
1995-03-01,0.0219,-0.0021,-0.0208,0.0046,0.0043
1995-04-01,0.021099999999999997,-0.0049,0.017,0.0044,0.0179
1995-05-01,0.028999999999999998,-0.0252,0.0227,0.0054,-0.0042
1995-06-01,0.027200000000000002,0.0315,-0.0254,0.004699999999999999,0.029300000000000003
1995-07-01,0.037200000000000004,0.0206,-0.0159,0.0045000000000000005,0.025699999999999997
1995-08-01,0.0055000000000000005,0.013600000000000001,0.0281,0.004699999999999999,0.0016
1995-09-01,0.0335,-0.022000000000000002,-5e-4,0.0043,0.0291
1995-10-01,-0.0152,-0.038,-0.0051,0.004699999999999999,0.0416
1995-11-01,0.039599999999999996,-0.0111,0.0058,0.0042,-0.0068000000000000005
1995-12-01,0.0103,0.0072,0.0018,0.0049,0.0252
1996-01-01,0.0226,-0.0273,0.004,0.0043,0.0054
1996-02-01,0.013300000000000001,0.0178,-0.010700000000000001,0.0039000000000000003,0.0059
1996-03-01,0.0073,0.0151,0.0036,0.0039000000000000003,-0.0184
1996-04-01,0.0206,0.052199999999999996,-0.0405,0.0046,-0.0088
1996-05-01,0.0236,0.0318,-0.0089,0.0042,0.0154
1996-06-01,-0.011399999999999999,-0.039900000000000005,0.023799999999999998,0.004,0.0098
1996-07-01,-0.059699999999999996,-0.0431,0.051399999999999994,0.0045000000000000005,-0.0017000000000000001
1996-08-01,0.0277,0.0246,-0.0074,0.0040999999999999995,1e-4
1996-09-01,0.0501,-0.0098,-0.027000000000000003,0.0044,0.027000000000000003
1996-10-01,0.0086,-0.0444,0.049400000000000006,0.0042,0.0379
1996-11-01,0.0625,-0.0405,0.0139,0.0040999999999999995,-0.023700000000000002
1996-12-01,-0.017,0.0317,0.0132,0.0046,0.0063
1997-01-01,0.049800000000000004,-0.019299999999999998,-0.0146,0.0045000000000000005,0.0195
1997-02-01,-0.0049,-0.032,0.056900000000000006,0.0039000000000000003,-0.0213
1997-03-01,-0.050199999999999995,-0.0034999999999999996,0.034,0.0043,0.009000000000000001
1997-04-01,0.0404,-0.057800000000000004,7.000000000000001e-4,0.0043,0.048600000000000004
1997-05-01,0.0674,0.0519,-0.0412,0.0049,-0.051699999999999996
1997-06-01,0.040999999999999995,0.0124,0.0159,0.0037,0.026000000000000002
1997-07-01,0.0733,-0.0273,0.0029,0.0043,0.0379
1997-08-01,-0.0415,0.0731,0.012,0.0040999999999999995,-0.0256
1997-09-01,0.0535,0.0253,0.0038,0.0044,0.0147
1997-10-01,-0.038,-0.0077,0.0225,0.0042,-0.005699999999999999
1997-11-01,0.0298,-0.0513,0.011899999999999999,0.0039000000000000003,0.0033
1997-12-01,0.0132,-0.024700000000000003,0.038599999999999995,0.0048,0.0398
1998-01-01,0.0015,-0.0106,-0.0159,0.0043,0.0014000000000000002
1998-02-01,0.0704,0.0034000000000000002,-0.0085,0.0039000000000000003,-0.011200000000000002
1998-03-01,0.047599999999999996,-0.0111,0.0141,0.0039000000000000003,0.0215
1998-04-01,0.0073,2e-4,0.009000000000000001,0.0043,0.0074
1998-05-01,-0.030699999999999998,-0.0335,0.034,0.004,0.0182
1998-06-01,0.0318,-0.0323,-0.0196,0.0040999999999999995,0.0728
1998-07-01,-0.0246,-0.049100000000000005,-0.0176,0.004,0.0374
1998-08-01,-0.16079999999999997,-0.056799999999999996,0.036000000000000004,0.0043,0.0184
1998-09-01,0.061500000000000006,0.001,-0.0337,0.0046,-0.008100000000000001
1998-10-01,0.0713,-0.031200000000000002,-0.0229,0.0032,-0.0537
1998-11-01,0.061,0.012,-0.0323,0.0031,0.012
1998-12-01,0.0616,-0.0051,-0.0418,0.0038,0.0891
1999-01-01,0.035,0.0078000000000000005,-0.0462,0.0034999999999999996,0.030299999999999997
1999-02-01,-0.0408,-0.060599999999999994,0.018799999999999997,0.0034999999999999996,-0.001
1999-03-01,0.0345,-0.0377,-0.0277,0.0043,-0.0127
1999-04-01,0.0433,0.0395,0.0241,0.0037,-0.0904
1999-05-01,-0.0246,0.0337,0.023,0.0034000000000000002,-0.0519
1999-06-01,0.04769999999999999,0.031400000000000004,-0.0326,0.004,0.0506
1999-07-01,-0.0349,0.026000000000000002,-0.0042,0.0038,0.0166
1999-08-01,-0.0138,-0.009399999999999999,-0.0184,0.0039000000000000003,0.031200000000000002
1999-09-01,-0.0279,0.0344,-0.0348,0.0039000000000000003,0.06480000000000001
1999-10-01,0.061200000000000004,-0.0661,-0.0337,0.0039000000000000003,0.055
1999-11-01,0.0337,0.0722,-0.0616,0.0036,0.0564
1999-12-01,0.07719999999999999,0.0699,-0.0832,0.0044,0.1322
2000-01-01,-0.047400000000000005,0.0579,-0.0189,0.0040999999999999995,0.0192
2000-02-01,0.0245,0.2148,-0.0981,0.0043,0.182
2000-03-01,0.052000000000000005,-0.1729,0.0823,0.004699999999999999,-0.0683
2000-04-01,-0.064,-0.0663,0.0725,0.0046,-0.0839
2000-05-01,-0.044199999999999996,-0.0611,0.0483,0.005,-0.0898
2000-06-01,0.0464,0.128,-0.08410000000000001,0.004,0.1661
2000-07-01,-0.025099999999999997,-0.0308,0.0833,0.0048,-0.001
2000-08-01,0.0703,-0.0063,-0.0137,0.005,0.057300000000000004
2000-09-01,-0.0545,-0.0173,0.0717,0.0051,0.0197
2000-10-01,-0.0276,-0.0393,0.0564,0.005600000000000001,-0.044800000000000006
2000-11-01,-0.1072,-0.0339,0.1234,0.0051,-0.0232
2000-12-01,0.011899999999999999,0.0073,0.076,0.005,0.0674
2001-01-01,0.0313,0.0668,-0.051100000000000007,0.0054,-0.253
2001-02-01,-0.1005,-0.0074,0.12480000000000001,0.0038,0.1257
2001-03-01,-0.0726,0.0027,0.0643,0.0042,0.0855
2001-04-01,0.0794,0.005600000000000001,-0.046900000000000004,0.0039000000000000003,-0.079
2001-05-01,0.0072,0.025,0.0336,0.0032,0.022099999999999998
2001-06-01,-0.0194,0.06269999999999999,-0.0113,0.0028000000000000004,0.0038
2001-07-01,-0.0213,-0.04190000000000001,0.0521,0.003,0.0558
2001-08-01,-0.0646,0.0248,0.023,0.0031,0.0553
2001-09-01,-0.0925,-0.0625,0.0146,0.0028000000000000004,0.1148
2001-10-01,0.0246,0.07490000000000001,-0.0766,0.0022,-0.08470000000000001
2001-11-01,0.0754,-0.004699999999999999,0.0222,0.0017000000000000001,-0.08689999999999999
2001-12-01,0.016,0.0473,0.0085,0.0015,7.000000000000001e-4
2002-01-01,-0.0144,0.011899999999999999,0.0344,0.0014000000000000002,0.0375
2002-02-01,-0.0229,-0.01,0.0216,0.0013,0.0682
2002-03-01,0.0424,0.0421,0.0106,0.0013,-0.016399999999999998
2002-04-01,-0.052000000000000005,0.0596,0.0388,0.0015,0.07629999999999999
2002-05-01,-0.0138,-0.0321,0.015300000000000001,0.0014000000000000002,0.0316
2002-06-01,-0.0721,0.042800000000000005,-3e-4,0.0013,0.0603
2002-07-01,-0.0818,-0.0526,-0.0387,0.0015,0.0374
2002-08-01,0.005,-0.0287,0.0331,0.0014000000000000002,0.019
2002-09-01,-0.1035,0.024300000000000002,0.0144,0.0014000000000000002,0.0913
2002-10-01,0.0784,-0.0341,-0.0395,0.0014000000000000002,-0.0558
2002-11-01,0.0596,0.0323,-0.0127,0.0012,-0.16329999999999997
2002-12-01,-0.0576,0.0011,0.0213,0.0011,0.0964
2003-01-01,-0.025699999999999997,0.013000000000000001,-0.0073,0.001,0.0155
2003-02-01,-0.018799999999999997,-0.0046,-0.0138,9e-4,0.011699999999999999
2003-03-01,0.0109,0.0104,-0.019299999999999998,0.001,0.0148
2003-04-01,0.08220000000000001,0.0067,0.011699999999999999,0.001,-0.0933
2003-05-01,0.0605,0.0471,0.0053,9e-4,-0.107
2003-06-01,0.014199999999999999,0.0174,0.0019,0.001,-0.01
2003-07-01,0.0235,0.051100000000000007,-0.011899999999999999,7.000000000000001e-4,-0.0032
2003-08-01,0.023399999999999997,0.0262,0.0154,7.000000000000001e-4,-0.0062
2003-09-01,-0.0124,0.008,0.001,8e-4,-0.0019
2003-10-01,0.0608,0.0263,0.0192,7.000000000000001e-4,0.039900000000000005
2003-11-01,0.013500000000000002,0.02,0.0181,7.000000000000001e-4,0.0146
2003-12-01,0.0429,-0.0271,0.016,8e-4,-0.0557
2004-01-01,0.0215,0.0254,0.0246,7.000000000000001e-4,0.0258
2004-02-01,0.013999999999999999,-0.0152,0.0087,6e-4,-0.011399999999999999
2004-03-01,-0.0132,0.0175,0.0023,9e-4,0.0017000000000000001
2004-04-01,-0.0183,-0.0174,-0.0302,8e-4,-0.0538
2004-05-01,0.011699999999999999,-0.0025,-0.0023,6e-4,0.015
2004-06-01,0.018600000000000002,0.022799999999999997,0.0123,8e-4,0.020499999999999997
2004-07-01,-0.0406,-0.038,0.0322,0.001,-0.022799999999999997
2004-08-01,8e-4,-0.0149,0.01,0.0011,-0.0159
2004-09-01,0.016,0.0302,-2e-4,0.0011,0.054900000000000004
2004-10-01,0.0143,0.0015,-0.0025,0.0011,-0.0138
2004-11-01,0.0454,0.0373,0.014499999999999999,0.0015,0.0316
2004-12-01,0.034300000000000004,-3e-4,-0.0021,0.0016,-0.0287
2005-01-01,-0.0276,-0.0172,0.0207,0.0016,0.0305
2005-02-01,0.0189,-0.005699999999999999,0.0154,0.0016,0.0337
2005-03-01,-0.0197,-0.013999999999999999,0.020499999999999997,0.0021,0.0040999999999999995
2005-04-01,-0.026099999999999998,-0.0393,5e-4,0.0021,-0.0069
2005-05-01,0.0365,0.0288,-0.0059,0.0024,0.0045000000000000005
2005-06-01,0.005699999999999999,0.0259,0.0281,0.0023,0.020499999999999997
2005-07-01,0.0392,0.028999999999999998,-0.0078000000000000005,0.0024,6e-4
2005-08-01,-0.012199999999999999,-0.0098,0.0134,0.003,0.0208
2005-09-01,0.0049,-0.0067,0.0069,0.0029,0.034300000000000004
2005-10-01,-0.0202,-0.0123,0.0040999999999999995,0.0027,-0.0139
2005-11-01,0.0361,0.009899999999999999,-0.012,0.0031,0.0034999999999999996
2005-12-01,-0.0025,-0.0040999999999999995,0.0022,0.0032,0.0077
2006-01-01,0.0304,0.0542,0.0109,0.0034999999999999996,0.0253
2006-02-01,-0.003,-0.004,-0.0037,0.0034000000000000002,-0.0184
2006-03-01,0.0146,0.0345,0.0055000000000000005,0.0037,0.0126
2006-04-01,0.0073,-0.0143,0.023399999999999997,0.0036,0.0060999999999999995
2006-05-01,-0.035699999999999996,-0.0298,0.0239,0.0043,-0.037000000000000005
2006-06-01,-0.0034999999999999996,-0.0038,0.008,0.004,0.0154
2006-07-01,-0.0078000000000000005,-0.039900000000000005,0.0262,0.004,-0.0213
2006-08-01,0.0203,0.0101,-0.0204,0.0042,-0.0338
2006-09-01,0.0184,-0.0134,6e-4,0.0040999999999999995,-0.0096
2006-10-01,0.0323,0.0172,-0.0026,0.0040999999999999995,-0.002
2006-11-01,0.0171,0.0072,0.0011,0.0042,-0.0103
2006-12-01,0.0087,-0.0113,0.0271,0.004,0.0079
2007-01-01,0.013999999999999999,0.0014000000000000002,-0.006999999999999999,0.0044,0.0024
2007-02-01,-0.0196,0.0118,-0.0012,0.0038,-0.013500000000000002
2007-03-01,0.0068000000000000005,0.0015,-0.009399999999999999,0.0043,0.0256
2007-04-01,0.0349,-0.0217,-0.0143,0.0044,-0.0024
2007-05-01,0.032400000000000005,0.0023,-0.0062,0.0040999999999999995,-0.0034000000000000002
2007-06-01,-0.0196,0.0076,-0.010700000000000001,0.004,0.0051
2007-07-01,-0.0373,-0.026099999999999998,-0.0373,0.004,0.0294
2007-08-01,0.0092,-0.0014000000000000002,-0.0189,0.0042,0.001
2007-09-01,0.0322,-0.0222,-0.0223,0.0032,0.0463
2007-10-01,0.018000000000000002,0.0012,-0.0311,0.0032,0.050199999999999995
2007-11-01,-0.0483,-0.029300000000000003,-0.009399999999999999,0.0034000000000000002,0.009899999999999999
2007-12-01,-0.0087,0.0016,-0.0052,0.0027,0.0663
2008-01-01,-0.0636,-0.0098,0.0401,0.0021,-0.0775
2008-02-01,-0.030899999999999997,-0.0040999999999999995,-0.0084,0.0013,0.061
2008-03-01,-0.009300000000000001,0.0077,0.0034999999999999996,0.0017000000000000001,0.042699999999999995
2008-04-01,0.046,-0.0172,-0.0109,0.0018,-0.0031
2008-05-01,0.018600000000000002,0.029500000000000002,-0.015300000000000001,0.0018,0.0331
2008-06-01,-0.08439999999999999,0.0124,-0.027000000000000003,0.0017000000000000001,0.1275
2008-07-01,-0.0077,0.0256,0.0527,0.0015,-0.0507
2008-08-01,0.015300000000000001,0.035,0.0148,0.0013,-0.0403
2008-09-01,-0.0924,-0.0124,0.059000000000000004,0.0015,0.0028000000000000004
2008-10-01,-0.1723,-0.0252,-0.0222,8e-4,0.0785
2008-11-01,-0.0786,-0.0287,-0.063,3e-4,0.0717
2008-12-01,0.0174,0.0349,7.000000000000001e-4,0,-0.0509
2009-01-01,-0.0812,0.0018,-0.11109999999999999,0,-0.0218
2009-02-01,-0.10099999999999999,0.0013,-0.0691,1e-4,0.0441
2009-03-01,0.0895,0,0.0334,2e-4,-0.11869999999999999
2009-04-01,0.1018,0.0528,0.0526,1e-4,-0.34299999999999997
2009-05-01,0.0521,-0.0252,0.0037,0,-0.1249
2009-06-01,0.0043,0.026600000000000002,-0.027200000000000002,1e-4,0.0548
2009-07-01,0.07719999999999999,0.0187,0.0484,1e-4,-0.0558
2009-08-01,0.0333,-0.0108,0.07629999999999999,1e-4,-0.0907
2009-09-01,0.0408,0.024300000000000002,0.0104,1e-4,-0.0479
2009-10-01,-0.0259,-0.0434,-0.042,0,0.026099999999999998
2009-11-01,0.0556,-0.0239,-0.0033,0,0.003
2009-12-01,0.0275,0.0604,-0.0017000000000000001,1e-4,0.0302
2010-01-01,-0.0336,0.004,0.0043,0,-0.054000000000000006
2010-02-01,0.034,0.011899999999999999,0.0322,0,0.0374
2010-03-01,0.06309999999999999,0.0148,0.022099999999999998,1e-4,0.037599999999999995
2010-04-01,0.02,0.0487,0.028900000000000002,1e-4,0.0316
2010-05-01,-0.0789,9e-4,-0.024399999999999998,1e-4,-0.0025
2010-06-01,-0.0557,-0.0181,-0.047,1e-4,-0.0276
2010-07-01,0.0693,0.0024,-0.003,1e-4,0.0183
2010-08-01,-0.04769999999999999,-0.029500000000000002,-0.0196,1e-4,-6e-4
2010-09-01,0.09539999999999998,0.039599999999999996,-0.0317,1e-4,0.0141
2010-10-01,0.0388,0.0121,-0.024900000000000002,1e-4,0.0158
2010-11-01,0.006,0.0377,-0.0088,1e-4,0.026600000000000002
2010-12-01,0.0682,0.0067,0.0378,1e-4,-0.030299999999999997
2011-01-01,0.0199,-0.024399999999999998,0.0077,1e-4,-0.0029
2011-02-01,0.0349,0.0147,0.0124,1e-4,0.0199
2011-03-01,0.0046,0.0256,-0.018799999999999997,1e-4,0.034
2011-04-01,0.028999999999999998,-0.0032,-0.0248,0,4e-4
2011-05-01,-0.0127,-0.006500000000000001,-0.02,0,-0.0062
2011-06-01,-0.0175,-0.0014000000000000002,-0.0038,0,0.0178
2011-07-01,-0.0235,-0.0129,-0.0091,0,0.0016
2011-08-01,-0.0599,-0.030699999999999998,-0.024,1e-4,-0.0028000000000000004
2011-09-01,-0.0759,-0.0333,-0.0175,0,-0.0242
2011-10-01,0.11349999999999999,0.033,0.0012,0,-0.0143
2011-11-01,-0.0028000000000000004,-0.0017000000000000001,-0.0046,0,0.0385
2011-12-01,0.0074,-0.006,0.0161,0,0.0181
2012-01-01,0.050499999999999996,0.0206,-0.009399999999999999,0,-0.0793
2012-02-01,0.044199999999999996,-0.018600000000000002,0.0043,0,-0.0029
2012-03-01,0.0311,-0.0066,0.011200000000000002,0,0.013000000000000001
2012-04-01,-0.0085,-0.0040999999999999995,-0.0077,0,0.0375
2012-05-01,-0.061900000000000004,9e-4,-0.0106,1e-4,0.0649
2012-06-01,0.038900000000000004,0.0064,0.0059,0,-0.0106
2012-07-01,0.0079,-0.027200000000000002,-0.0012,0,0.0302
2012-08-01,0.0255,0.0048,0.013000000000000001,1e-4,-0.023700000000000002
2012-09-01,0.0273,0.0054,0.0158,1e-4,-0.011399999999999999
2012-10-01,-0.0176,-0.011699999999999999,0.0356,1e-4,0.0014000000000000002
2012-11-01,0.0078000000000000005,0.0060999999999999995,-0.0083,1e-4,0.0049
2012-12-01,0.0118,0.0152,0.0353,1e-4,-0.0286
2013-01-01,0.0557,0.0031,0.0095,0,-0.0179
2013-02-01,0.0129,-0.0033,0.001,0,0.0129
2013-03-01,0.0403,0.0083,-0.0023,0,0.0192
2013-04-01,0.0155,-0.0236,0.005,0,0.0022
2013-05-01,0.027999999999999997,0.0172,0.026699999999999998,0,-0.0202
2013-06-01,-0.012,0.0132,5e-4,0,0.0052
2013-07-01,0.0565,0.0187,0.005699999999999999,0,0.0175
2013-08-01,-0.0271,0.0026,-0.0268,0,2e-4
2013-09-01,0.0377,0.028999999999999998,-0.0123,0,0.030699999999999998
2013-10-01,0.0418,-0.015600000000000001,0.0126,0,8e-4
2013-11-01,0.0313,0.0129,0.0028000000000000004,0,0.0044
2013-12-01,0.0281,-0.0046,-1e-4,0,2e-4
2014-01-01,-0.0332,0.0092,-0.0202,0,0.0171
2014-02-01,0.04650000000000001,0.0037,-0.0031,0,0.0207
2014-03-01,0.0043,-0.0187,0.0492,0,-0.0329
2014-04-01,-0.0019,-0.042,0.011399999999999999,0,-0.038900000000000004
2014-05-01,0.0206,-0.0189,-0.0013,0,0.0088
2014-06-01,0.026099999999999998,0.030899999999999997,-0.0069,0,0.0069
2014-07-01,-0.0204,-0.042800000000000005,2e-4,0,-0.0014000000000000002
2014-08-01,0.0424,0.0038,-0.0043,0,0.008199999999999999
2014-09-01,-0.0197,-0.037200000000000004,-0.013500000000000002,0,0.005
2014-10-01,0.0252,0.042199999999999994,-0.0183,0,-6e-4
2014-11-01,0.0255,-0.020499999999999997,-0.030899999999999997,0,0.0068000000000000005
2014-12-01,-6e-4,0.024900000000000002,0.0227,0,0.011200000000000002
2015-01-01,-0.0311,-0.0054,-0.0361,0,0.0385
2015-02-01,0.0613,0.006,-0.018600000000000002,0,-0.027999999999999997
2015-03-01,-0.011200000000000002,0.030699999999999998,-0.0040999999999999995,0,0.0274
2015-04-01,0.0059,-0.0304,0.0183,0,-0.0727
2015-05-01,0.013600000000000001,0.0092,-0.011200000000000002,0,0.0583
2015-06-01,-0.015300000000000001,0.028999999999999998,-0.0078000000000000005,0,0.0302
2015-07-01,0.0154,-0.042,-0.0407,0,0.10060000000000001
2015-08-01,-0.0604,0.0036,0.027999999999999997,0,-0.0208
2015-09-01,-0.030699999999999998,-0.0263,0.0058,0,0.0524
2015-10-01,0.0775,-0.0187,-0.0045000000000000005,0,-0.0326
2015-11-01,0.005600000000000001,0.036000000000000004,-0.0038,0,0.0229
2015-12-01,-0.0217,-0.0281,-0.0259,1e-4,0.0335
2016-01-01,-0.057699999999999994,-0.0339,0.0207,1e-4,0.0139
2016-02-01,-8e-4,0.008100000000000001,-0.005699999999999999,2e-4,-0.0426
2016-03-01,0.0696,0.0075,0.011000000000000001,2e-4,-0.0504
2016-04-01,0.0092,0.0067,0.0321,1e-4,-0.060700000000000004
2016-05-01,0.0178,-0.0019,-0.0165,1e-4,0.0137
2016-06-01,-5e-4,0.0059,-0.014499999999999999,2e-4,0.041299999999999996
2016-07-01,0.0395,0.025099999999999997,-0.0129,2e-4,-0.0332
2016-08-01,0.005,0.011699999999999999,0.0311,2e-4,-0.0349
2016-09-01,0.0025,0.0213,-0.0121,2e-4,0.0015
2016-10-01,-0.0202,-0.0441,0.0412,2e-4,0.006
2016-11-01,0.048600000000000004,0.0567,0.0821,1e-4,-0.0462
2016-12-01,0.0182,9e-4,0.036000000000000004,3e-4,-0.0025
2017-01-01,0.0194,-0.0113,-0.0274,4e-4,-0.009399999999999999
2017-02-01,0.035699999999999996,-0.0204,-0.0167,4e-4,-0.016
2017-03-01,0.0017000000000000001,0.0113,-0.0333,3e-4,-0.0103
2017-04-01,0.0109,0.0072,-0.0213,5e-4,0.0048
2017-05-01,0.0106,-0.0252,-0.0375,6e-4,0.015
2017-06-01,0.0078000000000000005,0.0223,0.0149,6e-4,-9e-4
2017-07-01,0.0187,-0.0146,-0.0022,7.000000000000001e-4,0.016200000000000003
2017-08-01,0.0016,-0.0165,-0.0207,9e-4,0.0329
2017-09-01,0.025099999999999997,0.044500000000000005,0.030899999999999997,9e-4,-0.0132
2017-10-01,0.0225,-0.019299999999999998,0.0022,9e-4,0.042800000000000005
2017-11-01,0.031200000000000002,-0.005600000000000001,-5e-4,8e-4,-0.0087
2017-12-01,0.0106,-0.0132,3e-4,9e-4,-0.0155
2018-01-01,0.0558,-0.0318,-0.013600000000000001,0.0011,0.0405
2018-02-01,-0.0365,0.0026,-0.0103,0.0011,0.035699999999999996
2018-03-01,-0.0235,0.0406,-0.0023,0.0012,-0.011399999999999999
2018-04-01,0.0029,0.011000000000000001,0.0048,0.0014000000000000002,0.0036
2018-05-01,0.0265,0.053099999999999994,-0.0313,0.0014000000000000002,0.0387
2018-06-01,0.0048,0.0113,-0.0233,0.0014000000000000002,-0.0233
2018-07-01,0.0319,-0.0225,0.0045000000000000005,0.0016,-0.0143
2018-08-01,0.0344,0.011399999999999999,-0.0398,0.0016,0.0528
2018-09-01,6e-4,-0.023,-0.017,0.0015,3e-4
2018-10-01,-0.0768,-0.0482,0.034300000000000004,0.0019,-0.0206
2018-11-01,0.0169,-0.0068000000000000005,0.0026,0.0018,-0.0141
2018-12-01,-0.0955,-0.0242,-0.019,0.0019,0.0212
2019-01-01,0.08410000000000001,0.028999999999999998,-0.0044,0.0021,-0.08650000000000001
2019-02-01,0.034,0.0204,-0.0268,0.0018,0.0085
2019-03-01,0.011000000000000001,-0.0298,-0.0405,0.0019,0.0216
2019-04-01,0.039599999999999996,-0.0174,0.0217,0.0021,-0.0296
2019-05-01,-0.0694,-0.0134,-0.023700000000000002,0.0021,0.0756
2019-06-01,0.0693,0.0025,-0.0070999999999999995,0.0018,-0.0223
2019-07-01,0.011899999999999999,-0.0194,0.0042,0.0019,0.028999999999999998
2019-08-01,-0.0258,-0.0232,-0.0495,0.0016,0.0747
2019-09-01,0.0143,-0.0097,0.0683,0.0018,-0.0681
2019-10-01,0.0206,0.0028000000000000004,-0.019299999999999998,0.0015,0.0019
2019-11-01,0.0387,0.008,-0.0202,0.0012,-0.0263
2019-12-01,0.0277,0.0072,0.0179,0.0014000000000000002,-0.018799999999999997
2020-01-01,-0.0011,-0.0313,-0.062400000000000004,0.0013,0.0603
2020-02-01,-0.08130000000000001,0.0103,-0.0379,0.0012,-0.0036
2020-03-01,-0.1338,-0.0489,-0.1402,0.0012,0.0816
2020-04-01,0.1365,0.024700000000000003,-0.0118,0,-0.053899999999999997
2020-05-01,0.0558,0.0245,-0.048,1e-4,0.0034999999999999996
2020-06-01,0.0246,0.0269,-0.0204,1e-4,-0.0078000000000000005
2020-07-01,0.057699999999999994,-0.022799999999999997,-0.015300000000000001,1e-4,0.07629999999999999
2020-08-01,0.07629999999999999,-0.0026,-0.0292,1e-4,0.0040999999999999995
2020-09-01,-0.0363,2e-4,-0.0262,1e-4,0.0318
2020-10-01,-0.021,0.0441,0.0416,1e-4,-0.031
2020-11-01,0.1247,0.0565,0.0213,1e-4,-0.1245
2020-12-01,0.0463,0.0482,-0.0143,1e-4,-0.0226
2021-01-01,-3e-4,0.0712,0.029900000000000003,0,0.0452
2021-02-01,0.0278,0.0203,0.0718,0,-0.0793
2021-03-01,0.0308,-0.0241,0.0741,0,-0.0611
2021-04-01,0.0493,-0.0311,-0.009300000000000001,0,0.011399999999999999
2021-05-01,0.0029,-0.0028000000000000004,0.0704,0,0.0088
2021-06-01,0.0275,0.018000000000000002,-0.0776,0,0.022400000000000003
2021-07-01,0.0127,-0.039599999999999996,-0.0175,0,-0.0229
2021-08-01,0.028999999999999998,-0.0048,-0.0013,0,0.0252
2021-09-01,-0.0437,0.008,0.0509,0,0.015700000000000002
2021-10-01,0.0665,-0.022799999999999997,-0.0045000000000000005,0,0.0325
