date,mkt,mkt_rf,smb,hml,mom,rf,cpi
1989-12-31,1,1,1,1,1,1,1
1990-01-31,0.9272,0.9215,0.9875,1.0085,0.9673,1.0057,1.0103092783505156
1990-02-28,0.9427769600000001,0.93172865,0.9970787500000001,1.0149544,0.9620765800000001,1.01143249,1.015067406819984
1990-03-31,0.9660635509120001,0.948779284295,1.01163609975,0.9853177315199999,0.9793939584400001,1.017905657936,1.0206185567010309
1990-04-30,0.9402696541026497,0.9169003003426881,1.007083737301125,0.9597980022736319,1.0028014740467162,1.0249292069757583,1.0222045995241873
1990-05-31,1.0258341926259908,0.9941033056315425,0.9813023936262163,0.9230377387865518,1.0331863587103316,1.0318987255831935,1.0245836637589214
1990-06-30,1.0211153553399113,0.9832675796001586,0.9946481061795329,0.9052231104279713,1.0579828313193795,1.0383996875543675,1.0301348136399684
1990-07-31,1.0086577480047643,0.9645854955877556,0.9639134796985853,0.9048610211838002,1.1229429771623893,1.0454608054297372,1.034099920697859
1990-08-31,0.9129361277191123,0.8666800677855984,0.9295981598213157,0.9193387975227411,1.1440543051330423,1.0523608467455734,1.0436161776367963
1990-09-30,0.8625420534690172,0.8136392476371197,0.8954819073558735,0.9249467641876298,1.2101806439697322,1.0586750118260468,1.0523394131641555
1990-10-31,0.8518465320060015,0.7980173740824871,0.8459617578790937,0.9249467641876298,1.2913837651801012,1.0658740019064639,1.0586835844567803
1990-11-30,0.9107943120208166,0.8486914773367249,0.8497685857895495,0.8974758452912571,1.2206159348482317,1.0719494837173307,1.061062648691515
1990-12-31,0.9386646179686536,0.8695692876792083,0.8567366881930238,0.8828469890130097,1.2241557210592915,1.0783811806196346,1.061062648691515
1991-01-31,0.9875690445648205,0.9103520872713631,0.8895497033508166,0.8689862912855054,1.145197677050967,1.083988762758857,1.0674068199841396
1991-02-28,1.0633155902829423,0.9758064023461742,0.9250427365145143,0.8635116776504067,1.0924040641389174,1.0891919088200992,1.068992862807296
1991-03-31,1.096172042022685,1.0016652720083479,0.96111940323858025,0.8522860258409515,1.1237560607797044,1.0939843532189077,1.070578905630452
1991-04-30,1.0989124721277417,0.9988606092467244,0.9657327763741254,0.8646441732156452,1.0972354177453034,1.099782470290968,1.0721649484536082
1991-05-31,1.1441876659794046,1.0353190214842298,0.9618698452686288,0.8604074167668885,1.0960284587857836,1.1049514479013354,1.0753370340999207
1991-06-30,1.0924703834771354,0.9841742618229088,0.9633126500365319,0.8696137761262942,1.1011797925420768,1.109592243982521,1.078509119746233
1991-07-31,1.144144232615604,1.0259032505242,0.9545465049211994,0.8581348742814271,1.1476495797873523,1.1150292459780353,1.0800951625693893
1991-08-31,1.1759514422823176,1.0497042059363617,0.9697237943494466,0.8514414222620319,1.1656676781900137,1.120158380509534,1.0832672482157018
1991-09-30,1.1626631909845275,1.0330139090619734,0.9856272645767774,0.8423309990438281,1.186533129629615,1.125311109059878,1.0880253766851704
1991-10-31,1.1825447315503628,1.046339788488873,0.9936108454198493,0.8384562764482265,1.2228410433962813,1.1300374157179294,1.0896114195083269
1991-11-30,1.137608031751449,1.002498151351189,0.98864279119275,0.8226932984509998,1.236781431290999,1.1344445616392294,1.0927835051546393
1991-12-31,1.2652476529139616,1.111168950957658,0.9664971926700324,0.7883047185757481,1.3380738305137319,1.1387554509734585,1.0935765265662174
1992-01-31,1.2620845337816766,1.1046130541470078,1.0482628551699171,0.8253550403488081,1.3047557921339399,1.1426272195067684,1.0951625693893736
1992-02-29,1.2793750918944855,1.1166533364372102,1.0573827420098953,0.878755511459376,1.2978405864356302,1.1458265757213872,1.0991276764472642
1992-03-31,1.2496935897625334,1.0869503576879804,1.0463859614929925,0.909951332116184,1.2940768487349668,1.14972238607884,1.104678826328311
1992-04-30,1.2670643306602327,1.0985807265152416,0.9829749722265172,0.949261229663603,1.2606896660376046,1.1534014977142923,1.1062648691514672
1992-05-31,1.2744133037780618,1.1018764686947873,0.987005169612646,0.9605574382965999,1.2633371143362835,1.1566310219078924,1.1078509119746234
1992-06-30,1.248670155041745,1.0760925593273294,0.9567041109055378,0.9917755550412394,1.256009759073133,1.1603322411779977,1.111816019032514
1992-07-31,1.2996158973674483,1.1166612488139698,0.9518249199399195,0.9863207894885127,1.2759803142423958,1.1639292711256495,1.1141950832672483
1992-08-31,1.2720640403432584,1.0900847110921972,0.9504923650520036,0.9756685249620367,1.2694728146397596,1.166955487230576,1.1173671689135607
1992-09-30,1.2905089689282356,1.1030567191541942,0.9551497776407584,0.9734244873546241,1.288514906859356,1.1699895714973756,1.1205392545598734
1992-10-31,1.3066403310398385,1.114307897689567,0.9752079229712143,0.9541506825050025,1.320470076549468,1.1726805475118196,1.124504361617764
1992-11-30,1.3636098494731752,1.160328813864146,1.0121683032518234,0.9406017428134315,1.3184893714346437,1.1753777127710967,1.12609040444092
1992-12-31,1.3882911877486397,1.1780818447162675,1.0290715139161286,0.9655276889979874,1.3754481122806201,1.1786687703668557,1.1252973830293418
1993-01-31,1.404395365526524,1.189038005872129,1.048109336923577,1.0229765864933675,1.4420198009150023,1.1813797085386994,1.1308485329103886
1993-02-28,1.4091703097693142,1.1904648514791756,1.0115303210649442,1.0888562786635403,1.4872992226637334,1.1839787438974845,1.134813639968279
1993-03-31,1.4451041526684316,1.2178455430631967,1.0138568408033934,1.1018136683796365,1.5427754836690908,1.1869386907572281,1.1387787470261697
1993-04-30,1.4044967259784487,1.1807012539997692,1.0069626142859305,1.1291386473554514,1.5486380305070335,1.1897873436150455,1.1419508326724823
1993-05-31,1.4481765741563783,1.2148235202403623,1.0279074366630776,1.0896187946980105,1.552045034174149,1.1924048757709984,1.1435368754956383
1993-06-30,1.456286362971654,1.2185894731531077,1.0252348773277535,1.1192564259137963,1.6226630832290727,1.195385887960426,1.1451229183187948
1993-07-31,1.4548300766086824,1.2144462689443871,1.0344619912237032,1.1508194571245653,1.6744260355840803,1.198254814091531,1.1451229183187948
1993-08-31,1.5124413476423861,1.2595022255222237,1.0359102380114165,1.1524306043645398,1.7187983255270582,1.2012504511267597,1.1482950039651072
1993-09-30,1.5145587655290855,1.2579908228515972,1.0667803631041568,1.148397097249264,1.7767218290973203,1.2043737022996892,1.1506740681998413
1993-10-31,1.5392460734072095,1.2757284934538047,1.088436004475171,1.1164716579457343,1.7283949953458733,1.2070233244447484,1.15543219666931
1993-11-30,1.5140024378033312,1.2516172249275277,1.0761366776246017,1.1091029450032925,1.6466419120660134,1.2100408827558602,1.1562252180808883
1993-12-31,1.5424656836340338,1.272268909138832,1.089050317756097,1.1120975229548014,1.6855026611907713,1.2128239767861988,1.1562252180808883
1994-01-31,1.5905906129634153,1.3087830268311162,1.0946044743766532,1.1263323712486226,1.6855026611907713,1.2158560367281641,1.1593973037272005
1994-02-28,1.5533707926200715,1.275409059646923,1.1252533996591996,1.1087615862571443,1.680446153207199,1.2184093344052933,1.163362410785091
1994-03-31,1.4833137698729064,1.2144445065958,1.1124255109030847,1.12594739084413,1.6591044870614675,1.2216990396081875,1.1673275178429818
1994-04-30,1.4974052506866988,1.2227027292406514,1.1021911962027764,1.1446381175321425,1.6655749945610074,1.2249976270151295,1.168913560666138
1994-05-31,1.5107321574178105,1.2297944050702472,1.0788247428432776,1.1526505843548673,1.6290989021801212,1.2287951196588764,1.1697065820777162
1994-06-30,1.4696402427360462,1.1925316345966186,1.0745094438719043,1.1718998491135937,1.614925741731154,1.2326043845298191,1.1736716891356067
1994-07-31,1.5151990902608634,1.2261610266922434,1.0555980776597589,1.1785796782535412,1.616540667472885,1.2360556768065025,1.1768437747819191
1994-08-31,1.5815648104142894,1.2753300838626023,1.0706931301702933,1.1491151862972027,1.641597047818715,1.2406290828106867,1.1816019032513878
1994-09-30,1.5508824530922523,1.245869958925376,1.1039916865185895,1.1279714668693341,1.6631019691451403,1.2452194104170862,1.1847739888977002
1994-10-31,1.5775576312854391,1.2625646163749764,1.0790414744032695,1.109585531959364,1.6878821884854027,1.2499512441766711,1.1855670103092784
1994-11-30,1.5196612662172635,1.2115570058734273,1.0823865029739197,1.1014855575760607,1.684844000546129,1.2545760637801249,1.1871530531324346
1994-12-31,1.5394168626780877,1.2219763961239387,1.0844430373295701,1.1004942205742423,1.7434765717651342,1.2600961984607575,1.1871530531324346
1995-01-31,1.5735919170295414,1.2439719712541697,1.047138196845433,1.1281166255106556,1.7119196458161852,1.2653886024942926,1.1919111816019035
1995-02-28,1.637007671285832,1.289128153810696,1.040227084746253,1.1404130967287216,1.7052431591975021,1.2704501569042697,1.1966693100713721
1995-03-31,1.6803883745749064,1.3173600603791502,1.0380426078682858,1.1166925043167641,1.7125757047820513,1.2762942276260294,1.2006344171292627
1995-04-30,1.7232382781265663,1.3451563576531502,1.0329561990897311,1.135676276890149,1.7432308098976501,1.2819099222275838,1.2045995241871532
1995-05-31,1.78251767489412,1.3841658920250914,1.00692570287267,1.1614561283755553,1.7359092404960799,1.2888322358076127,1.2069785884218873
1995-06-30,1.8393799887232423,1.4218152042881738,1.038643862513159,1.1319551427148162,1.7867713812426151,1.2948897473159084,1.2093576526566219
1995-07-31,1.9160821342530012,1.4747067298876937,1.0600399260809301,1.1139570559456506,1.8326914057405506,1.30071675117883,1.2093576526566219
1995-08-31,1.9356261720223817,1.4828176169020761,1.0744564690756309,1.1452592492177234,1.8356237119897356,1.3068301199093704,1.2125297383029343
1995-09-30,2.0087928413248277,1.5324920070682957,1.050818426755967,1.1446866195931147,1.8890403620086367,1.3124494894249807,1.2149088025376684
1995-10-31,1.9877005164909172,1.5091981285608578,1.0108873265392402,1.1388487178331899,1.967624441068196,1.318618002025278,1.218873909595559
1995-11-30,2.0747617991132197,1.5689623744518677,0.9996664772146547,1.1454540403966222,1.9542445948689322,1.3241561976337841,1.218080888183981
1995-12-31,2.10629817845974,1.585122686908722,1.0068640758506002,1.1475158576693363,2.003491558659629,1.3306445630021895,1.217287866772403
1996-01-31,2.162957599460307,1.620946459632859,0.9793766865798789,1.1521059211000135,2.0143104130763914,1.336366334623099,1.224425059476606
1996-02-29,2.2001604701710247,1.6425050475459761,0.9968095916010008,1.1397783877442433,2.026194844513542,1.341578163328129,1.2283901665344965
1996-03-31,2.22480226743694,1.654495334393062,1.0118614164341757,1.1438815899401227,1.988912859374493,1.3468103181651088,1.2347343378271214
1996-04-30,2.280867284576351,1.6885779382815589,1.0646805823720398,1.0975543855475478,1.9714104262119974,1.353005645628668,1.23949246629659
1996-05-31,2.3442753950875734,1.7284283776250038,1.0985374248914708,1.0877861515161746,2.0017701467756623,1.3586882693403086,1.2418715305313244
1996-06-30,2.3269277571639257,1.7087242941200789,1.054705781638301,1.1136754619222595,2.0213874942140637,1.36412302241767,1.2426645519429025
1996-07-31,2.198481344968477,1.6067134537611103,1.0092479624496902,1.1709183806650636,2.0179511354738997,1.3702615760185493,1.2450436161776368
1996-08-31,2.2683930517384745,1.6512194164302931,1.0340754623259525,1.1622535846481423,2.0181529305874473,1.3758796484802254,1.2474226804123714
1996-09-30,2.3920204730582215,1.7339455091934508,1.023941522795158,1.1308727378626424,2.0726430597133083,1.3819335189335382,1.251387787470262
1996-10-31,2.4226383351133665,1.7488574405725144,0.9784785191830532,1.1867378511130569,2.1511962316764426,1.387737639713059,1.2553528945281525
1996-11-30,2.5839860482319166,1.8581610306082965,0.9388501391561395,1.2032335072435283,2.1002128809857106,1.3934273640358825,1.2577319587628866
1996-12-31,2.551944621233841,1.8265722930879553,0.9686116885673892,1.219116189539143,2.1134442221359206,1.3998371299104475,1.2577319587628866
1997-01-31,2.6905152141668385,1.9175355932837357,0.9499174829780386,1.2013170931718715,2.1546563844675712,1.4061363969950444,1.2616970658207771
1997-02-28,2.6878246989526717,1.9081396688766454,0.9195201235227414,1.269672035773351,2.108762203478412,1.4116203289433251,1.2656621728786677
1997-03-31,2.564453545270744,1.8123510574990378,0.9163018030904118,1.312840884989645,2.1277410633097174,1.4176902963577815,1.2688342585249803
1997-04-30,2.679084618744346,1.8855700402219988,0.863339558871786,1.3137598736091376,2.2311492789865697,1.4237863646321198,1.2704203013481363
1997-05-31,2.872782436679562,2.0126574609329615,0.9081468819772318,1.2596329668164412,2.1157988612629643,1.430762917818817,1.2696272799365582
1997-06-30,3.001195811599138,2.0951764168312126,0.9194079033137494,1.2796611309888226,2.170809631655801,1.4360567406147469,1.2712133227597147
1997-07-31,3.234088606579231,2.2487528481849406,0.8943080675532841,1.28337214826869,2.253083316695556,1.4422317845993902,1.2727993655828709
1997-08-31,3.1131336926931676,2.1554296049852653,0.9596819872914291,1.2987726140479143,2.19540438378815,1.4481449349162476,1.2751784298176052
1997-09-30,3.293384133500102,2.270745088851977,0.9839619415699024,1.3037079499812965,2.2276768282298356,1.454516772629879,1.2783505154639174
1997-10-31,3.182067749787799,2.184456775475602,0.976385434619814,1.3330413788558755,2.214979070308926,1.4606257430749245,1.28152260111023
1997-11-30,3.2893034329556476,2.249553587384775,0.9262968618238175,1.3489045712642604,2.2222885012409455,1.4663221834729168,1.280729579698652
1997-12-31,3.3485108947488493,2.2792476947382543,0.9034173293367693,1.400972287715061,2.310735583590335,1.4733605299535866,1.2791435368754958
1998-01-31,3.367932257938393,2.282666566280362,0.8938411056457995,1.3786968283403913,2.3139706134073617,1.479695980232387,1.28152260111023
1998-02-28,3.6181696247032153,2.4433662925464996,0.8968801654049953,1.3669779052994981,2.288054142537199,1.4854667945552933,1.2839016653449644
1998-03-31,3.8045053603754315,2.559670528071713,0.8869247955689998,1.386252293764221,2.337247306601749,1.491260115054059,1.2862807295796985
1998-04-30,3.8486376225557866,2.5783561229266367,0.8871021805281136,1.398728564408099,2.3545429366706023,1.4976725335487915,1.288659793814433
1998-05-31,3.7458789980335476,2.499200589952789,0.8573842574804218,1.4462853355979743,2.3973956181180074,1.5036632236829865,1.2910388580491674
1998-06-30,3.880356054062952,2.578675168713288,0.8296907459638042,1.417938143020254,2.571926019116998,1.5098282429000869,1.2926249008723236
1998-07-31,3.800420719349255,2.515239759562941,0.7889529303369814,1.3929824317030977,2.6681160522319742,1.5158675558716872,1.2942109436954798
1998-08-31,3.205654876771097,2.1107892062252205,0.7441404038938408,1.4431297992444092,2.7172093875930425,1.5223857863619354,1.295796986518636
1998-09-30,3.4175486641256665,2.240602742408072,0.7448845442977347,1.3944963250098728,2.6951999915535385,1.5293887609792003,1.2973830293417923
1998-10-31,3.672156039603029,2.400357717941767,0.7216441465156453,1.3625623591671465,2.5504677520071137,1.5342828050143338,1.3005551149881047
1998-11-30,3.9075412417415833,2.5467795387362147,0.7303038762738331,1.3185515949660478,2.581073365031199,1.5390390817098785,1.3005551149881047
1998-12-31,4.163094438951483,2.7036611583223658,0.7265793265048366,1.263436138296467,2.8110470018554787,1.544887430220376,1.2997620935765266
1999-01-31,4.323373574851115,2.7982892988636485,0.7322466452515742,1.2050653887071703,2.8962217260117,1.5502945362261473,1.3029341792228393
1999-02-28,4.162111740509169,2.684119095470012,0.6878724985493289,1.227720618014865,2.8933255042856882,1.555720567102939,1.3045202220459953
1999-03-31,4.323601676040924,2.776721204263727,0.6619397053540192,1.1937127568958532,2.8565802703812597,1.5624101655414815,1.3084853291038858
1999-04-30,4.526810954814847,2.8969532324083462,0.688086323715503,1.2224812343370433,2.598345413938794,1.5681910831539851,1.3180015860428231
1999-05-31,4.4308425625727725,2.825688182891101,0.7112748328247155,1.2505983027267953,2.4634912869553705,1.5735229328367089,1.3180015860428231
1999-06-30,4.659917123057785,2.9604735092150065,0.7336088625754117,1.2098287980579017,2.588143946075312,1.5798170245680556,1.3180015860428231
1999-07-31,4.514993700530688,2.857152983743403,0.7526826930023723,1.2047475171060587,2.631107135580162,1.5858203292614144,1.3219666931007137
1999-08-31,4.470295262895434,2.8177242725677436,0.7456074756881501,1.182580162791307,2.7131976782102627,1.5920050285455338,1.3251387787470261
1999-09-30,4.363008176585944,2.7391097653631036,0.7712563728518225,1.1414263731261698,2.889012887758288,1.5982138481568615,1.3314829500396512
1999-10-31,4.647040008881688,2.9067432830033253,0.720276326606317,1.102960304351818,3.0479085965849935,1.6044468821646731,1.3338620142743853
1999-11-30,4.820374601212976,3.0047005316405375,0.7722802773872931,1.035017949603746,3.219810641432387,1.6102228909404661,1.3346550356859637
1999-12-31,5.213717168671954,3.236663412683187,0.8262626687766649,0.9489044561967143,3.645469608229749,1.6173078716606042,1.3346550356859637
2000-01-31,4.987963215268459,3.083245566922004,0.8741032772988339,0.9309701619745964,3.7154626247077602,1.6239388339344125,1.3386201427438542
2000-02-29,5.13161655586819,3.1587850833115927,1.0618606612626234,0.8396419890848885,4.391676822404572,1.6309217709203305,1.3465503568596353
2000-03-31,5.422579214585916,3.3230419076437956,0.8782649529303157,0.9087445247865749,4.09172529543434,1.6385871032436559,1.3576526566217288
2000-04-30,5.100478009239512,3.1103672255545924,0.8200359865510357,0.9746285028336015,3.7484295431473993,1.6461246039185766,1.358445678033307
2000-05-31,4.9005392712773235,2.9728889941850793,0.7699317877727674,1.0217030595204646,3.411820570172763,1.6543552269381694,1.3600317208564632
2000-06-30,5.147526450549701,3.110831043515267,0.8684830566076817,0.9357778322147934,3.978523966878458,1.6609726478459221,1.3671689135606662
2000-07-31,5.043031663603542,3.032749184323034,0.8417337784641651,1.0137281256382855,3.97454544291158,1.6689453165555823,1.3703409992069788
2000-08-31,5.422771947872888,3.245951451980943,0.8364308556598409,0.999840050317041,4.2022868967904135,1.67729004313836,1.3703409992069788
2000-09-30,5.154887013647968,3.069047097847982,0.8219606018569257,1.071528581924773,4.285071948657184,1.6858442223583658,1.3774781919111816
2000-10-31,5.041479499347712,2.984341397947378,0.7896575502039485,1.13196279394533,4.093100725357343,1.6952849500035727,1.379857256145916
2000-11-30,4.526744442464311,2.664420000087419,0.7628881592520346,1.2716470027181839,3.9981407885290525,1.7039309032485912,1.380650277557494
2000-12-31,4.6032464235419575,2.6961265980884592,0.7684572428145745,1.3682921749247658,4.2676154776759105,1.712450557764834,1.379857256145916
2001-01-31,4.772185567285948,2.7805153606086286,0.819790186634588,1.2983724447861102,3.187908761823905,1.721697790776764,1.3885804916732751
2001-02-28,4.310715222929397,2.5010735668674613,0.8137237392534921,1.460409325895417,3.5886288931851693,1.728240242381716,1.3941316415543221
2001-03-31,4.015862301681026,2.3194956259128836,0.8159207933494764,1.5543136455504922,3.895456663552501,1.7354988513997192,1.3973037272006343
2001-04-30,4.350383631411056,2.5036635786103663,0.8204899497922336,1.4814163355741743,3.5877155871318536,1.742267296920178,1.4028548770816813
2001-05-31,4.395627621177732,2.521689956376361,0.8410021985370394,1.5311919244494667,3.6670041016074677,1.7478425522703227,1.409199048374306
2001-06-30,4.322660202666182,2.4727691712226596,0.8937330363853117,1.5138894557031877,3.6809387171935763,1.7527365114166795,1.4115781126090405
2001-07-31,4.24355552095739,2.4200991878756173,0.8562856221607671,1.5927630963453239,3.886335097612978,1.7579947209509295,1.40761300555115
2001-08-31,3.9825768564185107,2.263760780338852,0.877521505590354,1.6293966475612662,4.101249428510975,1.7634445045858775,1.40761300555115
2001-09-30,3.6253397123977704,2.0543629081575085,0.8226764114909569,1.6531858386156606,4.572072862904036,1.7683821491987177,1.4139571768437749
2001-10-31,3.72249881669003,2.104900235698183,0.8842948747116296,1.526551803377701,4.184818291416064,1.772272589926955,1.409199048374306
2001-11-30,4.009503475456832,2.2636097134698256,0.8801386888004848,1.560441253412686,3.821157581892008,1.7752854533298308,1.4068199841395719
2001-12-31,4.079669786277326,2.299827468885343,0.9217692487807477,1.5737050040666936,3.823832392199332,1.7779483815098256,1.4012688342585249
2002-01-31,4.026634079055721,2.266709953333394,0.9327383028412386,1.6278404562065878,3.967226106906807,1.7804375092439395,1.4044409199048375
2002-02-28,3.939658782948117,2.2148022954020594,0.9234109198128263,1.6630018100606503,4.237790927397851,1.7827520780059567,1.4099920697858843
2002-03-31,4.11182187176295,2.3087099127271067,0.9622865195369462,1.680629629247293,4.168291156188527,1.7850696557073646,1.4179222839016654
2002-04-30,3.904174867238921,2.188656997265297,1.0196387961013484,1.7458380588620879,4.486331771405712,1.787747260190926,1.4258524980174467
2002-05-31,3.855763098885158,2.158453530703036,0.9869083907464951,1.772549381162678,4.628099855382132,1.7902501063551932,1.4258524980174467
2002-06-30,3.5827750714840882,2.002829031139347,1.029148069870445,1.7720176163483294,4.907174276661675,1.792577431493455,1.4266455194290246
2002-07-31,3.295078233243916,1.8389976163921484,0.9750148813952596,1.7034405345956491,5.090702594608822,1.7952662976406955,1.4282315622521808
2002-08-31,3.3161667339366767,1.8481926044741088,0.9470319542992157,1.7598244162907648,5.18742594390639,1.7977796704573925,1.4329896907216495
2002-09-30,2.977586110401742,1.6569046699110386,0.9700448307886866,1.7851658878853518,5.661037932585042,1.800296561996033,1.4353687549563838
2002-10-31,3.215197482011801,1.786805996032064,0.9369663020587924,1.7146518353138804,5.345152015946797,1.8028169771828275,1.4377478191911184
2002-11-30,3.410681488918119,1.8932996333955752,0.9672303136152914,1.692875757005394,4.472288691742685,1.804980357555447,1.4377478191911184
2002-12-31,3.2179779847942456,1.78424557451199,0.9682942669602683,1.7289340106296092,4.90341732162668,1.8069658359487581,1.4345757335448057
2003-01-31,3.1384939285698277,1.7383904632470322,0.9808820924307518,1.7163127923520132,4.979420290111894,1.808772801784707,1.4409199048374306
2003-02-28,3.082314887248428,1.7057087225379879,0.9763700348055702,1.6926276758175551,5.037679507506204,1.810400697306313,1.4520222045995241
2003-03-31,3.1189944344066833,1.7243009476136517,0.9865242831675481,1.6599599616742764,5.112237164217295,1.812211098003619,1.4607454401268833
2003-04-30,3.3784947713493194,1.866038485507494,0.9931339958647706,1.6793814932258655,4.635265436795821,1.8140233091016225,1.4575733544805711
2003-05-31,3.5859343503101675,1.9789338138806973,1.0399106070700013,1.6882822151399628,4.139292035058669,1.8156559300798136,1.4551942902458368
2003-06-30,3.6404405524348813,2.0070346740378033,1.0580050516330193,1.6914899513487287,4.097899114708082,1.8174715860098933,1.4567803330689928
2003-07-31,3.7285392138038054,2.054199988877692,1.1120691097714666,1.671361220927679,4.084785837541016,1.8187438161201002,1.4583663758921492
2003-08-31,3.8183970088564774,2.10226826861743,1.141205320447479,1.6971001837299653,4.059460165348262,1.820016936791384,1.463917525773196
2003-09-30,3.7741036035537423,2.0762001420865737,1.1503349630110589,1.6987972839136949,4.0517471910341,1.821472950340817,1.4686756542426644
2003-10-31,4.006210975172297,2.2024331107254373,1.1805887725382496,1.731414191764838,4.213411903956361,1.8227479814060554,1.4670896114195084
2003-11-30,4.0630991710197435,2.232165957720231,1.2042005479890145,1.7627527886357817,4.274927717754124,1.8240239049930396,1.463124504361618
2003-12-31,4.240656604793306,2.327925877306429,1.1715667131385124,1.7909568332539543,4.036814243875219,1.8254831241170337,1.4615384615384617
2004-01-31,4.334799181419717,2.377976283668517,1.2013245076522308,1.8350143713520015,4.1409640513672,1.8267609623039156,1.4686756542426644
2004-02-29,4.398087249468444,2.4112679516398763,1.1830643751359167,1.8509789963827636,4.0937570611816145,1.8278570188812977,1.4766058683584458
2004-03-31,4.343990776299983,2.37943921467823,1.2037680017007955,1.855236248074444,4.100716448185623,1.8295020901982908,1.486122125297383
2004-04-30,4.2679709377147335,2.3358954770496188,1.1828224384712016,1.799208113382596,3.880097903273237,1.830965691870449,1.4908802537668517
2004-05-31,4.320466980248625,2.3632254541310993,1.1798653823750236,1.795069934721816,3.938299371822335,1.8320642712855713,1.499603489294211
2004-06-30,4.4042840396654475,2.4071814475779374,1.206766313093174,1.817149294918894,4.019034508944692,1.8335299227025996,1.5043616177636796
2004-07-31,4.229874391694696,2.309449880806273,1.1609091931956335,1.8756615022152825,3.9274005221407533,1.835363452625302,1.5019825535289455
2004-08-31,4.237911153038916,2.311297440710918,1.1436116462170185,1.8944181172374355,3.8649548538387153,1.83738235242319,1.5027755749405234
2004-09-30,4.310379433755882,2.348278199762293,1.1781487179327725,1.894039233613988,4.077140875314461,1.8394034730108557,1.505947660586836
2004-10-31,4.376759277035723,2.3818585780188934,1.1799159410096716,1.8893041355299531,4.020876331235121,1.8414268168311678,1.5138778747026171
2004-11-30,4.582029287128699,2.4899949574609517,1.2239268056093326,1.9166990454951374,4.147936023302151,1.8441889570564147,1.5146708961141953
2004-12-31,4.7465241385366195,2.5754017845018624,1.2235596275676497,1.9126739774995976,4.028890259433379,1.8471396593877052,1.5091197462331485
2005-01-31,4.623114510934667,2.504320695249611,1.2025144019734861,1.952266328833839,4.151771412346098,1.8500950828427256,1.5122918318794607
2005-02-28,4.717888358408828,2.5516523563898286,1.1956600698822373,1.9823312302978804,4.291686108942161,1.853055234975274,1.5210150674068201
2005-03-31,4.6348535233008326,2.5013848049689487,1.178920828903886,2.0229690205189867,4.309282021988824,1.856946650968722,1.5329103885804918
2005-04-30,4.523617038741612,2.4360986615592592,1.1325892403279632,2.0239805050292463,4.279547976037101,1.8608462389357563,1.5432196669310072
2005-05-31,4.699585741548661,2.525016262706172,1.1652078104494086,2.0120390200495737,4.298805941929268,1.865312269909202,1.541633624107851
2005-06-30,4.73718242748105,2.539408855403597,1.1953866927400483,2.068577316512967,4.386931463738818,1.869602488129993,1.542426645519429
2005-07-31,4.934249216464261,2.638953682535418,1.2300529068295096,2.0524424134441657,4.389563622617061,1.8740895341015051,1.549563838223632
2005-08-31,4.88885412367279,2.606758447608486,1.2179983883425802,2.0799451417843176,4.480866545967495,1.8797118027038093,1.5574940523394132
2005-09-30,4.9269871858374366,2.6195315640017673,1.209837799140685,2.094296763262629,4.63456026849418,1.8851629669316503,1.576526566217288
2005-10-31,4.840764910085282,2.5666170264089314,1.1949567942112544,2.1028833799920057,4.570139880762111,1.8902529069423655,1.5796986518636003
2005-11-30,5.030522894560626,2.659271901062294,1.206786866473946,2.077648779432102,4.5861353703447785,1.896112690953887,1.5670103092783505
2005-12-31,5.0340442605868185,2.6526237213096384,1.2018390403214028,2.082219606746852,4.621448612696434,1.9021802515649398,1.5606661379857258
2006-01-31,5.2046983610207125,2.7332634824374513,1.266978716306823,2.1049158004603927,4.738371262597654,1.908837882445417,1.5725614591593975
2006-02-28,5.20678024036512,2.725063691990139,1.2619108014415956,2.0971276119986895,4.651185231365857,1.9153279312457316,1.5757335448057097
2006-03-31,5.302064318763802,2.764849621893195,1.3054467240913306,2.1086618138646824,4.709790165281067,1.9224146445913408,1.5844567803330691
2006-04-30,5.359856819838328,2.7850330241330155,1.2867788359368246,2.158004500309116,4.738519885289281,1.9293353373118698,1.597938144329897
2006-05-31,5.1915573156954045,2.685607345171467,1.2484328266259073,2.209580807866504,4.563194649533577,1.9376314792623108,1.605868358445678
2006-06-30,5.1941530943532515,2.676207719463367,1.2436887818847286,2.227257454329436,4.633467847136395,1.94538200517936,1.6090404440919905
2006-07-31,5.174415312594709,2.6553332992515526,1.194065599487528,2.285611599632867,4.53477498199239,1.9531635332000776,1.6137985725614592
2006-08-31,5.301188487753279,2.7092365652263593,1.206125662042352,2.2389851230003566,4.381499587601047,1.9613668200395178,1.6169706582077716
2006-09-30,5.420465228727728,2.7590865180265243,1.1899635781709845,2.240328514074157,4.3394371915600765,1.9694084240016798,1.6090404440919905
2006-10-31,5.617770163053417,2.848205012558781,1.2104309517155256,2.234503659937564,4.330758317176956,1.9774829985400868,1.6003172085646313
2006-11-30,5.737428667526454,2.8969093182735355,1.2191460545678774,2.2369616139634956,4.286151506510034,1.985788427133955,1.597938144329897
2006-12-31,5.81029401160404,2.922112429342515,1.2053697041512605,2.297583273701906,4.320012103411464,1.993731580842491,1.6003172085646313
2007-01-31,5.917203421417554,2.9630220033533106,1.2070572217370723,2.2815001907859926,4.33038013245965,2.002503999798198,1.6052022204599525
2007-02-28,5.823711607359157,2.9049467720875857,1.22130049695357,2.2787623905570493,4.271920000671446,2.010113514997431,1.6137906423473434
2007-03-31,5.8883548062008435,2.924700410137781,1.2231324476990002,2.2573420240858133,4.381281152688635,2.01875700311192,1.6284853291038859
2007-04-30,6.119767150084535,3.0267724544515895,1.196590473583932,2.2250620331413864,4.370766077922182,2.0276395339256124,1.639064234734338
2007-05-31,6.343138651062621,3.124839881975821,1.1993426316731748,2.2112666485359096,4.355905473257247,2.035952856014707,1.6490800951625695
2007-06-30,6.244185688106045,3.063593020289095,1.208457635673891,2.1876060953965752,4.37812059117086,2.044096667438766,1.6522759714512294
2007-07-31,6.036254304692114,2.949321000632312,1.1769168913828025,2.106008388038283,4.506837336551283,2.0522730541085212,1.6518556701030929
2007-08-31,6.1171401123749884,2.976454753838129,1.1752692077348665,2.0662048295043594,4.511344173887834,2.0608926009357766,1.6488263283108644
2007-09-30,6.333686872353064,3.072296596911717,1.1491782313231527,2.0201284618064124,4.72021940913884,2.0674874572587716,1.653370340999207
2007-10-31,6.467961034046949,3.127597935656128,1.1505572452007404,1.957302466644233,4.9571744234776105,2.0741034171219996,1.6569072164948455
2007-11-30,6.177549583618241,2.976534955363937,1.1168459179163588,1.9389038234577771,5.006250450270039,2.0811553687402147,1.6667486122125297
2007-12-31,6.140484286116531,2.950639101252271,1.118632871385025,1.9288215235757966,5.338164855122943,2.0867744882358132,1.6656304520222047
2008-01-31,5.762844502520364,2.762978454412626,1.1076702692454516,2.006167266671186,4.9244570788509145,2.0911567146611083,1.6739095955590804
2008-02-29,5.592264305245761,2.677602420171276,1.1031288211415453,1.9893154616311484,5.22484896066082,2.093875218390168,1.678770816812054
2008-03-31,5.5497630965258935,2.652700717663683,1.1116229130643354,1.9962780657468575,5.447950011281037,2.097434806261431,1.6933227597145124
2008-04-30,5.815041772539832,2.774724950676213,1.0925029989596289,1.9745186348302166,5.431061366246066,2.101210188912702,1.703592386994449
2008-05-31,5.933668624699645,2.82633483475879,1.124731837428938,1.9443084997173143,5.61082949746881,2.104992367252745,1.717938144329897
2008-06-30,5.4429542294369835,2.587792174705148,1.1386785122130567,1.8918121702249469,6.326210258396083,2.1085708542770747,1.7352498017446472
2008-07-31,5.409207913214474,2.5678661749599185,1.1678286821257111,1.9915106715958015,6.005471398295402,2.1117337105584904,1.7443616177636796
2008-08-31,5.499000764573835,2.6071545274368053,1.2087026860001109,2.020985029535419,5.763450900944097,2.1144789643822164,1.7373988897700239
2008-09-30,4.999141595074073,2.3662534491016443,1.1937147726937094,2.1402231462780086,5.77958856346674,2.1176506828287898,1.734996034892942
2008-10-31,4.14178881151887,1.9585479798214311,1.163633160421828,2.092710192430637,6.2332862656988794,2.1193448033750526,1.7174702616970658
2008-11-30,3.817486747576942,1.8046061086074665,1.1302368887177217,1.960869450307507,6.680212890949489,2.1199806068160654,1.684575733544806
2008-12-31,3.883911016984781,1.8360062548972367,1.16968215613397,1.962242058922722,6.340190054800161,2.1199806068160654,1.6671530531324348
2009-01-31,3.568537442405617,1.6869225469995812,1.1717875840150112,1.7442369661764077,6.201973911605517,2.1199806068160654,1.6744091990483745
2009-02-28,3.2084720144668903,1.5165433697526236,1.1733109078742308,1.623710191813618,6.475480961107321,2.1201926048767468,1.6827359238699446
2009-03-31,3.49627195416457,1.652274001345483,1.1733109078742308,1.677942112220193,5.706841371023882,2.1206166433977223,1.6868279143536877
2009-04-30,3.8525420662939394,1.8204754946824533,1.23526172380999,1.7662018673229751,3.74939478076269,2.120828705062062,1.6910388580491675
2009-05-31,4.053259507947854,1.9153222679554092,1.2041331283699783,1.7727368142320703,3.28109537264543,2.120828705062062,1.6959238699444885
2009-06-30,4.071093849782824,1.9235581537076172,1.2361630695846197,1.724518372884958,3.4608993990663994,2.121040787932568,1.7104916732751787
2009-07-31,4.385789404371036,2.0720568431738453,1.259279318985852,1.80798506213259,3.2677812125984946,2.1212528920113614,1.7077795400475813
2009-08-31,4.532274770477029,2.1410563360515344,1.245679102340805,1.9459343223733065,2.9713934566158113,2.1214650173005625,1.7116098334655037
2009-09-30,4.717644808589539,2.228411434562437,1.2759491045276863,1.966172039325989,2.8290637100439135,2.1216771638022927,1.712680412371134
2009-10-31,4.59545780804707,2.17069557840727,1.220572913391185,1.8835928136742972,2.90290227287606,2.1216771638022927,1.7143298969072165
2009-11-30,4.850965262174488,2.2913862525667144,1.1914012207611355,1.877376957389172,2.9116109796946876,2.1216771638022927,1.7155432196669311
2009-12-31,4.984851903410504,2.354399374512299,1.263361854495108,1.8741854165616105,2.9995416312814673,2.1218893315186724,1.7125218080888185
2010-01-31,4.8173608794559115,2.275291555528686,1.2684153019130884,1.8822444138528254,2.837566383192268,2.1218893315186724,1.718374306106265
2010-02-28,4.981151149357412,2.3526514684166613,1.2835094440058543,1.9428526839788864,2.943691365923659,2.1218893315186724,1.7188025376685172
2010-03-31,5.295959901996801,2.5011037760737524,1.3025053837771408,1.9857897282948198,3.054374161282389,2.1221015204518245,1.7258604282315624
2010-04-30,5.402408696026936,2.5511258515952275,1.3659373959670875,2.04317905144254,3.1508923847789125,2.1223137306038695,1.7288580491673275
2010-05-31,4.976698890780013,2.3498420219043643,1.3671667396234577,1.9933254825873419,3.1430151538169655,2.12252596197693,1.7301982553528945
2010-06-30,4.699994432452645,2.218955821284291,1.342421021636273,1.8996391849057368,3.056267935571617,2.1227382145731277,1.7285091197462332
2010-07-31,5.026174046064858,2.372729459699292,1.3456428320882001,1.8939402673510195,3.112197638792578,2.122950488394585,1.7288739095955592
2010-08-31,4.786928161472171,2.259550264471636,1.3059463685415984,1.8568190381109397,3.110330320209302,2.1231627834434246,1.7312609040444094
2010-09-30,5.244079800892763,2.47511135970223,1.3576618447358457,1.797957874602823,3.154185977724253,2.123375099721769,1.7322680412371134
2010-10-31,5.448074505147491,2.5711456804586765,1.3740895530571495,1.7531887235252126,3.204022116172297,2.1235874372317407,1.734425059476606
2010-11-30,5.481307759628891,2.5865725545414286,1.425892729207404,1.7377606627581907,3.2892491044624794,2.123799795975464,1.7351546391752577
2010-12-31,5.855681079611544,2.762976802761154,1.4354462104930936,1.8034480158104504,3.1895848565972664,2.1240121759550616,1.7381363996827914
2011-01-31,5.972794701203775,2.817960041136101,1.4004213229570621,1.817334565532191,3.1803350605131344,2.124224577172657,1.746415543219667
2011-02-28,6.181842515745907,2.916306846571751,1.4210075164045308,1.83986951414479,3.243623728217346,2.1244369996303742,1.7550277557494054
2011-03-31,6.210897175569912,2.9297218580659807,1.4573853088244868,1.805279967278868,3.353906934976736,2.124649443330337,1.7721411578112611
2011-04-30,6.391013193661439,3.014683791949894,1.4527216758362487,1.760509024090352,3.3552484977507264,2.124649443330337,1.78355273592387
2011-05-31,6.309847326101938,2.97639730779213,1.443278984943313,1.7252988436085448,3.3344459570646716,2.124649443330337,1.7919429024583664
2011-06-30,6.1994249978951546,2.924310354905768,1.4412583943643924,1.7187427080028324,3.393799095100423,2.124649443330337,1.7900237906423475
2011-07-31,6.053738510444619,2.8555890615654826,1.4226661610770919,1.7031021493600067,3.399229173652584,2.124649443330337,1.7916098334655037
2011-08-31,5.691724947520031,2.68453927677771,1.378990309932025,1.6622276977753665,3.3897113319663568,2.1248619082746703,1.7965503568596353
2011-09-30,5.259723024003261,2.480782745670282,1.3330699326112887,1.6331387130642976,3.3076803177327707,2.1248619082746703,1.7992783505154641
2011-10-31,5.85670158722763,2.762351587303859,1.3770612403874611,1.6350984795199748,3.2603804891891923,2.1248619082746703,1.7955670103092785
2011-11-30,5.840302822783393,2.754617002859408,1.3747202362788025,1.627577026514183,3.385905138022976,2.1248619082746703,1.7940523394131642
2011-12-31,5.88352106367199,2.775001168680568,1.3664719148611295,1.6537810166410614,3.447190021021192,2.1248619082746703,1.7896272799365582
2012-01-31,6.180638877387426,2.9151387276989364,1.3946212363072688,1.6382354750846353,3.1738278523542114,2.1248619082746703,1.797501982553529
2012-02-29,6.45382311576795,3.0439878594632295,1.3686812813119535,1.6452798876274992,3.164623751582384,2.1248619082746703,1.8054163362410787
2012-03-31,6.654537014668333,3.138655881892536,1.3596479848552947,1.6637070223689274,3.205763860352955,2.1248619082746703,1.8191276764472641
2012-04-30,6.597973450043653,3.111977306896449,1.354073428117388,1.6508964782966866,3.325980005116191,2.1248619082746703,1.8246233148295006
2012-05-31,6.190218690830955,2.9193459115995593,1.3552920942026936,1.6333969756267417,3.5418361074482316,2.1250743944654977,1.8224821570182395
2012-06-30,6.431018197904279,3.032908467560782,1.3639659636055907,1.6430340177829394,3.50429264470928,2.1250743944654977,1.8198096748612214
2012-07-31,6.481823241667723,3.056868444454512,1.3268660893955186,1.6410623769616,3.6101222825795003,2.1250743944654977,1.8168437747819193
2012-08-31,6.647757916654417,3.1348185897881025,1.333235046624617,1.6623961878621005,3.524562384482366,2.125286901904944,1.82695479777954
2012-09-30,6.829906483570748,3.220399137289318,1.34043451587639,1.6886620476303218,3.484382373299267,2.1254994305951347,1.8351070578905633
2012-10-31,6.71038312010826,3.163720112473026,1.3247514320406362,1.7487784165259614,3.489260508621886,2.125711980538194,1.834393338620143
2012-11-30,6.763395146757116,3.188397129350316,1.332832415776084,1.734263555668796,3.506357885114133,2.125924551736248,1.8257018239492468
2012-12-31,6.843879549003526,3.2260202154766495,1.3530914684958806,1.7954830591839042,3.406076049599869,2.1261371441914214,1.8207850911974623
2013-01-31,7.225083639883023,3.4057095414786995,1.357286052048218,1.8125401482461514,3.345107288312031,2.1261371441914214,1.826169706582078
2013-02-28,7.318287218837513,3.4496431945637744,1.352807008076459,1.8143526883943975,3.3882591723312565,2.1261371441914214,1.841126090404441
2013-03-31,7.613214193756664,3.5886638153046944,1.3640353062434936,1.8101796772110903,3.4533137484400167,2.1261371441914214,1.84593973037272
2013-04-30,7.731219013759893,3.6442881044419173,1.3318440730161472,1.8192305755971456,3.460911038686585,2.1261371441914214,1.8440206185567012
2013-05-31,7.947693146145171,3.746328171366291,1.354751791072025,1.8678040319655893,3.3910006357051157,2.1261371441914214,1.8473037272006345
2013-06-30,7.852320828391428,3.7013722333098955,1.3726345147141759,1.868737933981572,3.4086338390107827,2.1261371441914214,1.851736716891356
2013-07-31,8.295976955195544,3.9104997644919046,1.3983027801393308,1.879389740205267,3.468284931193472,2.1261371441914214,1.852466296590008
2013-08-31,8.071155979709745,3.804525220874174,1.401938367367693,1.8290220951677658,3.46897858817971,2.1261371441914214,1.8546946867565426
2013-09-30,8.375438560144802,3.9479558217011306,1.442594580021356,1.8065251233972024,3.575476230836827,2.1261371441914214,1.856851704996035
2013-10-31,8.725531891958855,4.112980375048238,1.420090104573023,1.8292873399520069,3.5783366118214963,2.1261371441914214,1.852069785884219
2013-11-30,8.99864104017717,4.241716660787248,1.4384092669220148,1.8344093445038725,3.594081292913511,2.1261371441914214,1.8482870737509913
2013-12-31,9.251502853406148,4.36090889895537,1.4317925842941734,1.834225903569422,3.5948001091720934,2.1261371441914214,1.8481284694686757
2014-01-31,8.944352958673063,4.216126723510052,1.44496507606968,1.7971745403173198,3.6562711910389356,2.1261371441914214,1.855003965107058
2014-02-28,9.36026537125136,4.412176616153269,1.450311446851138,1.791603299242336,3.7319560046934415,2.1261371441914214,1.8618636003172087
2014-03-31,9.400514512347742,4.431148975602728,1.4231906227950215,1.8797501815650588,3.609174652139027,2.1261371441914214,1.8738540840602698
2014-04-30,9.382653534774281,4.422729792549083,1.3634166166376307,1.9011793336349005,3.468777758170819,2.1261371441914214,1.8800317208564632
2014-05-31,9.57593619759063,4.513838026275594,1.3376480425831794,1.8987078005011753,3.499303002442722,2.1261371441914214,1.88659793814433
2014-06-30,9.825868132347745,4.631649198761387,1.3789813670989994,1.8856067166777173,3.523448193159576,2.1261371441914214,1.890111022997621
2014-07-31,9.625420422447853,4.5371635551066545,1.3199609645871624,1.8859838380210527,3.518515365689153,2.1261371441914214,1.8893735130848535
2014-08-31,10.03353824835964,4.729539289843177,1.3249768162525937,1.8778741075175622,3.547367191687804,2.1261371441914214,1.8862172878667725
2014-09-30,9.835877544866955,4.636367365833266,1.2756876786879972,1.8525228070660753,3.5651040276462425,2.1261371441914214,1.8876367961934974
2014-10-31,10.083741658997601,4.753203823452264,1.3295216987286307,1.818621639696766,3.562964965229655,2.1261371441914214,1.8828945281522602
2014-11-30,10.34087707130204,4.874410520950297,1.3022665039046937,1.762426231030136,3.587193126993216,2.1261371441914214,1.872727993655829
2014-12-31,10.33467254505926,4.8714858746377265,1.3346929398519205,1.80243330647452,3.6273696900155405,2.1261371441914214,1.862109436954798
2015-01-31,10.013264228907916,4.719982663936493,1.3274855979767202,1.7373654641107896,3.7670234230811386,2.1261371441914214,1.8533465503568596
2015-02-28,10.627077326139972,5.0093176012358,1.3354505115645805,1.705050466478329,3.6615467672348667,2.1261371441914214,1.8613957176843776
2015-03-31,10.508054060087204,4.953213244101959,1.376448842269613,1.698059759565768,3.761873148657102,2.1261371441914214,1.872474226804124
2015-04-30,10.570051579041719,4.982437202242161,1.334604797464617,1.7291342531658216,3.488384970749731,2.1261371441914214,1.8762807295796986
2015-05-31,10.713804280516687,5.050198348192654,1.3468831616012915,1.7097679495303644,3.6917578145444403,2.1261371441914214,1.8858445678033309
2015-06-30,10.54988307502478,4.972930313465307,1.3859427732877287,1.6964317595240275,3.8032489005436827,2.1261371441914214,1.8924504361617764
2015-07-31,10.712351274380163,5.049513440292673,1.327733176809644,1.6273869869113995,4.185855739938377,2.1261371441914214,1.892577319587629
2015-08-31,10.0653252574076,4.7445228284989955,1.332513016246159,1.6729538225449188,4.098789940547658,2.1261371441914214,1.889896907216495
2015-09-30,9.756319772005188,4.598865977664076,1.2974679239188849,1.6826569547156793,4.313566533432356,2.1261371441914214,1.88695479777954
2015-10-31,10.51243455433559,4.955278090933041,1.2732052737416018,1.675084998419459,4.172944264442461,2.1261371441914214,1.8861062648691516
2015-11-30,10.57130418783987,4.983027648242267,1.3190406635962995,1.668719675425465,4.268504688098194,2.1261371441914214,1.8821252973830296
2015-12-31,10.342964017382528,4.87489594827541,1.2819756209492434,1.6254998358319452,4.4114995951494835,2.1263497579058406,1.875693893735131
2016-01-31,9.747209289981294,4.593614452059919,1.238516647399064,1.6591476824336664,4.472819439522061,2.1265623928816315,1.8787946074544013
2016-02-29,9.741360964407304,4.58993956049827,1.2485486322429964,1.6496905406437945,4.282277331398421,2.1269877053602078,1.8803409992069786
2016-03-31,10.421307959722933,4.90939935390895,1.257912746984819,1.6678371365908762,4.066450553895941,2.1274131029012797,1.8884377478191912
2016-04-30,10.518226123748358,4.954565827964912,1.2663407623896172,1.7213747086754432,3.8196170052744574,2.1276258442115696,1.897390959555908
2016-05-31,10.706502371363454,5.042757099702688,1.263934714941077,1.6929720259822985,3.8719457582467176,2.127838606795991,1.9050674068199844
2016-06-30,10.703290420652046,5.040235721152837,1.2713919297592293,1.6684239316055554,4.031857118062307,2.12826417451735,1.9113243457573355
2016-07-31,11.128211050351933,5.239325032138375,1.3033038671961859,1.6469012628878437,3.8979994617426383,2.1286898273522534,1.9082315622521808
2016-08-31,11.18607774781376,5.2655216572990655,1.3185525224423813,1.6981198921636553,3.76195928052782,2.129115565317724,1.9099841395717685
2016-09-30,11.216280157732857,5.278685461442313,1.346637691170404,1.677572641468475,3.767602219448612,2.129541388430787,1.9145757335448057
2016-10-31,10.9919545545782,5.1720560151211785,1.2872509689897893,1.746688634296976,3.7902078327653035,2.1299672967084735,1.916962727993656
2016-11-30,11.527262741386158,5.423417937456068,1.3602380989315102,1.890091771172758,3.6151002308915463,2.130180293438144,1.9139809674861223
2016-12-31,11.740517102101801,5.522124143917768,1.3614623132205483,1.9581350749349773,3.6060624803143178,2.1308193475261756,1.9146074544012688
2017-01-31,11.972979340723416,5.629253352309774,1.3460777890811564,1.904482173881759,3.572165492999363,2.131671675265186,1.9257652656621729
2017-02-28,12.405203894923533,5.830217696987233,1.3186178021839008,1.8726773215779335,3.5150108451113735,2.132524343935292,1.9318239492466298
2017-03-31,12.43001430271338,5.840129067072111,1.333518183348579,1.8103171667693883,3.4788062334067265,2.1331641012384726,1.9333941316415544
2017-04-30,12.571716465764311,5.903786473903197,1.343119514268689,1.7717574111172003,3.4955045033270786,2.1342306832890916,1.9391276764472642
2017-05-31,12.71251969018087,5.9663666105265705,1.3092729025091179,1.7053165082003054,3.5479370708769844,2.135511221699065,1.9407850911974625
2017-06-30,12.819304855578388,6.0129042700886774,1.338469688235071,1.7307257241724898,3.544743927513195,2.136792528432084,1.942545598731166
2017-07-31,13.067999369776606,6.125345579939335,1.3189280307868392,1.7269181275793104,3.6021687791389088,2.1382882832019865,1.9412053925455988
2017-08-31,13.100669368201048,6.135146132867239,1.2971657182788565,1.6911709223384186,3.7206801319725784,2.140212742656868,1.9470182394924664
2017-09-30,13.441286771774273,6.289138300802206,1.3548895927422655,1.7434281038386756,3.6715671542305404,2.142138934125259,1.9573275178429819
2017-10-31,13.755812882233789,6.430643912570255,1.3287402236023398,1.7472636456671207,3.8287102284316075,2.1440668591659717,1.95609040444092
2017-11-30,14.195998894465268,6.6312800026424465,1.3212992783501667,1.7463900138442872,3.7954004494442524,2.145782112653304,1.9561379857256147
2017-12-31,14.359252881751615,6.701571570670456,1.3038581278759445,1.7469139308484405,3.7365717424778664,2.1477133165546918,1.9549881046788264
2018-01-31,15.176294370723285,7.075519264313868,1.2623954394094894,1.7231559013889017,3.88790289804822,2.1500758012029024,1.9656383822363204
2018-02-28,14.63905354999968,6.817262811166412,1.2656776675519539,1.705407395604596,4.026701031508542,2.1524408845842258,1.9745519429024585
2018-03-31,14.312602655834688,6.657057135104002,1.3170641808545631,1.7014849585947056,3.9807966397493444,2.155023813645727,1.9790166534496432
2018-04-30,14.374146847254776,6.676362600795803,1.3315518868439633,1.70965208639596,3.9951275076524424,2.1580408469848313,1.986883425852498
2018-05-31,14.775185544293185,6.853286209716891,1.4022572920353777,1.6561399760917663,4.149738942198591,2.16106210417061,1.995146708961142
2018-06-30,14.866791694667803,6.886181983523532,1.4181027994353774,1.6175519146488282,4.053050024845365,2.164087591116449,1.9983267248215704
2018-07-31,15.364829216439176,7.105851188797932,1.3861954864480817,1.624830898264748,3.995091409490076,2.1675501312622356,1.9984615384615385
2018-08-31,15.917963068230987,7.350292469692581,1.4019981149935898,1.5601626285138108,4.2060322359111515,2.171018211472255,1.9995717684377479
2018-09-30,15.951390790674271,7.354702645174396,1.3697521583487373,1.533639863829076,4.207294045581925,2.1742747387894634,2.001895321173672
2018-10-31,14.756631620452769,6.789861482025002,1.303730104316328,1.5862437111584133,4.120623788242938,2.1784058607931636,2.00543219666931
2018-11-30,15.032580631755234,6.904610141071225,1.294864739606977,1.590367944807425,4.062522992828712,2.1823269913425913,1.9987153053132436
2018-12-31,13.625531084622946,6.2452198725989225,1.2635290129084882,1.560150953856084,4.148648480276681,2.1864734126261425,1.9923314829500398
2019-01-31,14.800051864117444,6.770442863884492,1.3001713542828341,1.5532862896591173,3.789790386732748,2.191065006792657,1.996130055511499
2019-02-28,15.329893720852848,7.0006379212565655,1.326694849910204,1.511658217096253,3.8220036050199764,2.195008923804884,2.00456780333069
2019-03-31,15.527649349851849,7.077644938390387,1.2871593433828799,1.4504360593038548,3.9045588828884084,2.1991794407601133,2.015876288659794
2019-04-30,16.175152327740673,7.357919677950647,1.2647627708080178,1.4819105217907484,3.7889839399549112,2.2037977175857097,2.0265503568596355
2019-05-31,15.086564576083724,6.847280052300872,1.2478149496791904,1.4467892424243076,4.075431125815503,2.2084256927926393,2.03086439333862
2019-06-30,16.159219317443277,7.321796559925321,1.2509344870533883,1.436517038803095,3.9845490117098175,2.212400859039666,2.031268834258525
2019-07-31,16.382216544023994,7.408925938988433,1.2266663580045525,1.442550410366068,4.100100933049402,2.2166044206718416,2.0346629659000794
2019-08-31,15.985766903658615,7.217775649762531,1.198207698498847,1.3711441650529477,4.406378472748192,2.220150987744917,2.0345598731165744
2019-09-30,16.243137750807517,7.320989841554135,1.186585083823408,1.464793311526064,4.10630409875404,2.2241472595228577,2.036153846153846
2019-10-31,16.602111095100362,7.47180223229015,1.1899075220581135,1.436522800613611,4.114106076541673,2.227483480412142,2.04080888183981
2019-11-30,17.264535327794867,7.760960978679778,1.1994267822345785,1.4075050400412161,4.005905086728627,2.230156460588637,2.039714512291832
2019-12-31,17.766933305833703,7.975939597789209,1.2080626550666675,1.432699380257954,3.9305940710981284,2.233278679633461,2.037858842188739
2020-01-31,17.770486692494867,7.96716606423164,1.1702502939630808,1.3432989389298575,4.167608893585346,2.2361819419169846,2.045765265662173
2020-02-29,16.347070708426028,7.319435463209608,1.1823038719909005,1.292387909144416,4.152605501568439,2.2388653602472854,2.0513719270420303
2020-03-31,14.179449132488736,6.340094998232162,1.1244892126505457,1.1111951242823688,4.491458110496422,2.2415519986795824,2.0469072164948456
2020-04-30,16.11494393907345,7.205517965490853,1.152264096203014,1.0980830218158368,4.249368518340665,2.2415519986795824,2.033219666931007
2020-05-31,17.015769305267657,7.607585867965243,1.1804945665599877,1.0453750367686765,4.264241308154858,2.2417761538794503,2.033259318001586
2020-06-30,17.436058807107766,7.794732480317188,1.2122498704004514,1.0240493860185955,4.23098022595125,2.2420003314948382,2.0443854084060273
2020-07-31,18.443863006158598,8.24448854443149,1.184610573355321,1.0083814304125112,4.5538040171913305,2.2422245315279876,2.0547264076130056
2020-08-31,19.852974139829115,8.873543020371613,1.1815305858645972,0.9789366926444658,4.572474613661815,2.2424487539811406,2.061205392545599
2020-09-30,19.1342964759673,8.551433408732123,1.18176689198177,0.9532885512971808,4.717879306376261,2.2426729988565386,2.0640761300555113
2020-10-31,18.734389679619582,8.371853307148749,1.2338828119181662,0.9929453550311436,4.571625047878596,2.242897266156424,2.064932593180016
2020-11-30,21.072441511636107,9.415823414550198,1.3035971907915425,1.014095091093307,4.002457729417711,2.24312155588304,2.0636716891356066
2020-12-31,22.050202797776024,9.851776038643871,1.3664305753876949,0.9995935312906727,3.912002184732871,2.2433458680386282,2.065614591593973
2021-01-31,22.04358773693669,9.848820505832279,1.4637204323552986,1.029481377876264,4.088824683482796,2.2433458680386282,NaN
2021-02-28,22.65639947602353,10.122617715894418,1.4934339571321111,1.1033981408077798,3.7645808860826104,2.2433458680386282,NaN
2021-03-31,23.354216579885055,10.434394341543964,1.4574421987652273,1.1851599430416362,3.534564993942963,2.2433458680386282,NaN
2021-04-30,24.505579457273384,10.94880998258208,1.4121157463836287,1.1741379555713491,3.574859034873913,2.2433458680386282,NaN
2021-05-31,24.576645637699475,10.980561531531567,1.4081618222937546,1.2567972676435721,3.606317794380803,2.2433458680386282,NaN
2021-06-30,25.252503392736212,11.282526973648686,1.4335087350950422,1.159269799674431,3.687099312974933,2.2433458680386282,NaN
2021-07-31,25.57321018582396,11.425815066214025,1.3767417891852785,1.1389825781801284,3.602664738707807,2.2433458680386282,NaN
2021-08-31,26.314833281212856,11.75716370313423,1.3701334285971891,1.1375019008284943,3.693451890123243,2.2433458680386282,NaN
2021-09-30,25.164875066823853,11.243375649307264,1.3810944960259666,1.1954007475806645,3.7514390847981782,2.2433458680386282,NaN
2021-10-31,26.83833925876764,11.991060129986197,1.3496055415165746,1.1900214442165515,3.873360855054119,2.2433458680386282,NaN
