month,factor,return
2005-01-01,rmrf_ru,0.074718
2005-02-01,rmrf_ru,0.126475
2005-03-01,rmrf_ru,-0.031561
2005-04-01,rmrf_ru,-0.006624
2005-05-01,rmrf_ru,0.039242
2005-06-01,rmrf_ru,0.06589400000000001
2005-07-01,rmrf_ru,0.088702
2005-08-01,rmrf_ru,0.149347
2005-09-01,rmrf_ru,0.123737
2005-10-01,rmrf_ru,-0.03551
2005-11-01,rmrf_ru,0.068158
2005-12-01,rmrf_ru,0.054497
2006-01-01,rmrf_ru,0.14766500000000002
2006-02-01,rmrf_ru,0.066788
2006-03-01,rmrf_ru,0.032095
2006-04-01,rmrf_ru,0.115961
2006-05-01,rmrf_ru,-0.13922800000000002
2006-06-01,rmrf_ru,-0.006914
2006-07-01,rmrf_ru,0.024548
2006-08-01,rmrf_ru,0.041464
2006-09-01,rmrf_ru,-0.034137
2006-10-01,rmrf_ru,0.052799
2006-11-01,rmrf_ru,0.08277
2006-12-01,rmrf_ru,0.074013
2007-01-01,rmrf_ru,-0.003759
2007-02-01,rmrf_ru,0.013527
2007-03-01,rmrf_ru,0.026682
2007-04-01,rmrf_ru,-0.022615
2007-05-01,rmrf_ru,-0.066069
2007-06-01,rmrf_ru,0.055693
2007-07-01,rmrf_ru,0.042081
2007-08-01,rmrf_ru,-0.016954
2007-09-01,rmrf_ru,0.029817
2007-10-01,rmrf_ru,0.063923
2007-11-01,rmrf_ru,0.011028
2007-12-01,rmrf_ru,0.048434
2008-01-01,rmrf_ru,-0.134272
2008-02-01,rmrf_ru,0.082475
2008-03-01,rmrf_ru,-0.025126
2008-04-01,rmrf_ru,0.044632
2008-05-01,rmrf_ru,0.112306
2008-06-01,rmrf_ru,-0.033681
2008-07-01,rmrf_ru,-0.12653499999999998
2008-08-01,rmrf_ru,-0.07019
2008-09-01,rmrf_ru,-0.209928
2008-10-01,rmrf_ru,-0.245394
2008-11-01,rmrf_ru,-0.12147500000000001
2008-12-01,rmrf_ru,-3.8399999999999996e-4
2009-01-01,rmrf_ru,0.017263999999999998
2009-02-01,rmrf_ru,0.016927
2009-03-01,rmrf_ru,0.109322
2009-04-01,rmrf_ru,0.17532699999999998
2009-05-01,rmrf_ru,0.218118
2009-06-01,rmrf_ru,-0.112463
2009-07-01,rmrf_ru,0.085622
2009-08-01,rmrf_ru,0.043139000000000004
2009-09-01,rmrf_ru,0.10017
2009-10-01,rmrf_ru,-0.014700999999999999
2009-11-01,rmrf_ru,0.019604999999999997
2009-12-01,rmrf_ru,0.068887
2010-01-01,rmrf_ru,0.020935000000000002
2010-02-01,rmrf_ru,-0.053899999999999997
2010-03-01,rmrf_ru,0.076264
2010-04-01,rmrf_ru,0.011467
2010-05-01,rmrf_ru,-0.056677
2010-06-01,rmrf_ru,-0.042325
2010-07-01,rmrf_ru,0.06511499999999999
2010-08-01,rmrf_ru,-0.0039629999999999995
2010-09-01,rmrf_ru,0.060375
2010-10-01,rmrf_ru,0.051296999999999995
2010-11-01,rmrf_ru,0.050538
2010-12-01,rmrf_ru,0.08439500000000001
2011-01-01,rmrf_ru,0.032722
2011-02-01,rmrf_ru,0.022728
2011-03-01,rmrf_ru,-0.011013
2011-04-01,rmrf_ru,-0.041498999999999994
2011-05-01,rmrf_ru,-0.034265
2011-06-01,rmrf_ru,0.002202
2011-07-01,rmrf_ru,0.014047
2011-08-01,rmrf_ru,-0.07887
2011-09-01,rmrf_ru,-0.086355
2011-10-01,rmrf_ru,0.08869999999999999
2011-11-01,rmrf_ru,0.009677
2011-12-01,rmrf_ru,-0.064198
2012-01-01,rmrf_ru,0.072432
2012-02-01,rmrf_ru,0.044632
2012-03-01,rmrf_ru,-0.062889
2012-04-01,rmrf_ru,-0.032188
2012-05-01,rmrf_ru,-0.072317
2012-06-01,rmrf_ru,0.036768999999999996
2012-07-01,rmrf_ru,-0.008583
2012-08-01,rmrf_ru,0.01586
2012-09-01,rmrf_ru,0.022123
2012-10-01,rmrf_ru,-0.037624
2012-11-01,rmrf_ru,-0.030470999999999998
2012-12-01,rmrf_ru,0.040566000000000005
2013-01-01,rmrf_ru,0.042445000000000004
2013-02-01,rmrf_ru,-0.028584000000000002
2013-03-01,rmrf_ru,-0.031141000000000002
2013-04-01,rmrf_ru,-0.060077
2013-05-01,rmrf_ru,0.01974
2013-06-01,rmrf_ru,0.019074999999999998
2013-07-01,rmrf_ru,0.034858
2013-08-01,rmrf_ru,0.019178
2013-09-01,rmrf_ru,0.058242
2013-10-01,rmrf_ru,0.01756
2013-11-01,rmrf_ru,0.003953
2013-12-01,rmrf_ru,0.017172
2014-01-01,rmrf_ru,0.009442
2014-02-01,rmrf_ru,-0.003346
2014-03-01,rmrf_ru,-0.02275
2014-04-01,rmrf_ru,-0.011448
2014-05-01,rmrf_ru,0.063017
2014-06-01,rmrf_ru,0.035464
2014-07-01,rmrf_ru,-0.025463
2014-08-01,rmrf_ru,0.034324
2014-09-01,rmrf_ru,0.007417
2014-10-01,rmrf_ru,0.076586
2014-11-01,rmrf_ru,0.044777
2014-12-01,rmrf_ru,0.051612
2015-01-01,rmrf_ru,0.18099
2015-02-01,rmrf_ru,0.060255
2015-03-01,rmrf_ru,-0.11057700000000001
2015-04-01,rmrf_ru,-0.00631
2015-05-01,rmrf_ru,-0.045323
2015-06-01,rmrf_ru,0.037684
2015-07-01,rmrf_ru,0.008837000000000001
2015-08-01,rmrf_ru,0.080723
2015-09-01,rmrf_ru,-0.052072
2015-10-01,rmrf_ru,-0.006156
2015-11-01,rmrf_ru,0.017562
2015-12-01,rmrf_ru,-0.005599
2016-01-01,rmrf_ru,0.042477
2016-02-01,rmrf_ru,0.026441
2016-03-01,rmrf_ru,0.006267
2016-04-01,rmrf_ru,0.050882
2016-05-01,rmrf_ru,-0.020331000000000002
2016-06-01,rmrf_ru,-0.011693
2016-07-01,rmrf_ru,0.035135
2016-08-01,rmrf_ru,0.016621
2016-09-01,rmrf_ru,0.008132
2016-10-01,rmrf_ru,0.032294
2016-11-01,rmrf_ru,0.070174
2016-12-01,rmrf_ru,0.044054
2017-01-01,rmrf_ru,0.003729
2017-02-01,rmrf_ru,-0.06805699999999999
2017-03-01,rmrf_ru,-0.028244
2017-04-01,rmrf_ru,-0.009894
2017-05-01,rmrf_ru,-0.040332
2017-06-01,rmrf_ru,-0.003911
2017-07-01,rmrf_ru,0.024333999999999998
2017-08-01,rmrf_ru,0.042386999999999994
2017-09-01,rmrf_ru,0.031127
2017-10-01,rmrf_ru,0.002199
2017-11-01,rmrf_ru,0.014265000000000002
2017-12-01,rmrf_ru,-0.001143
2018-01-01,rmrf_ru,0.08543200000000001
2018-02-01,rmrf_ru,-0.0037430000000000002
2018-03-01,rmrf_ru,-0.008884999999999999
2018-04-01,rmrf_ru,0.047196999999999996
2018-05-01,rmrf_ru,0.008943
2018-06-01,rmrf_ru,0.017084
2018-07-01,rmrf_ru,0.024784999999999998
2018-08-01,rmrf_ru,0.057074
2018-09-01,rmrf_ru,0.064005
2018-10-01,rmrf_ru,-0.035154
2018-11-01,rmrf_ru,0.013472
2018-12-01,rmrf_ru,-0.011773
2019-01-01,rmrf_ru,0.030945
2019-02-01,rmrf_ru,-0.002415
2019-03-01,rmrf_ru,0.009788999999999999
2019-04-01,rmrf_ru,0.031724999999999996
2019-05-01,rmrf_ru,0.03842
2019-06-01,rmrf_ru,0.016072
2019-07-01,rmrf_ru,1.64e-4
2019-08-01,rmrf_ru,-0.008594000000000001
2019-09-01,rmrf_ru,0.013311
2019-10-01,rmrf_ru,0.022894
2019-11-01,rmrf_ru,0.008551
2019-12-01,rmrf_ru,0.038021
2020-01-01,rmrf_ru,0.024317000000000002
2020-02-01,rmrf_ru,-0.077702
2020-03-01,rmrf_ru,-0.082872
2020-04-01,rmrf_ru,0.033751
2020-05-01,rmrf_ru,0.020611
2020-06-01,rmrf_ru,0.001566
2020-07-01,rmrf_ru,0.04673
2020-08-01,rmrf_ru,0.019782
2020-09-01,rmrf_ru,-0.004749
2020-10-01,rmrf_ru,-0.060517
2020-11-01,rmrf_ru,0.162564
2020-12-01,rmrf_ru,0.07213599999999999
2005-01-01,smb_ru,0.036169
2005-02-01,smb_ru,0.08632
2005-03-01,smb_ru,0.073382
2005-04-01,smb_ru,-0.020734
2005-05-01,smb_ru,-0.026743000000000003
2005-06-01,smb_ru,0.072549
2005-07-01,smb_ru,0.06576399999999999
2005-08-01,smb_ru,-0.028835000000000003
2005-09-01,smb_ru,0.063594
2005-10-01,smb_ru,0.043277
2005-11-01,smb_ru,0.020478999999999997
2005-12-01,smb_ru,0.040395
2006-01-01,smb_ru,-0.0024460000000000003
2006-02-01,smb_ru,0.09956
2006-03-01,smb_ru,0.061925
2006-04-01,smb_ru,-0.073561
2006-05-01,smb_ru,0.039663
2006-06-01,smb_ru,-0.078357
2006-07-01,smb_ru,-0.0034100000000000003
2006-08-01,smb_ru,-0.004002
2006-09-01,smb_ru,0.137405
2006-10-01,smb_ru,0.019271
2006-11-01,smb_ru,-0.013999
2006-12-01,smb_ru,0.058708
2007-01-01,smb_ru,0.12656
2007-02-01,smb_ru,0.10799099999999999
2007-03-01,smb_ru,0.0424
2007-04-01,smb_ru,0.053433
2007-05-01,smb_ru,0.042739
2007-06-01,smb_ru,-0.1061
2007-07-01,smb_ru,0.0044280000000000005
2007-08-01,smb_ru,0.045454
2007-09-01,smb_ru,0.004113
2007-10-01,smb_ru,-0.046405
2007-11-01,smb_ru,0.020012
2007-12-01,smb_ru,0.01401
2008-01-01,smb_ru,0.121832
2008-02-01,smb_ru,-0.020771
2008-03-01,smb_ru,0.010155
2008-04-01,smb_ru,-0.034982
2008-05-01,smb_ru,-0.070744
2008-06-01,smb_ru,0.072727
2008-07-01,smb_ru,0.060701
2008-08-01,smb_ru,0.042286000000000004
2008-09-01,smb_ru,0.072466
2008-10-01,smb_ru,-0.014252
2008-11-01,smb_ru,0.01022
2008-12-01,smb_ru,0.14301
2009-01-01,smb_ru,-0.062400000000000004
2009-02-01,smb_ru,-0.025274
2009-03-01,smb_ru,-0.040567
2009-04-01,smb_ru,0.119169
2009-05-01,smb_ru,0.0461
2009-06-01,smb_ru,0.152815
2009-07-01,smb_ru,-0.044197
2009-08-01,smb_ru,0.064551
2009-09-01,smb_ru,0.072979
2009-10-01,smb_ru,0.025245000000000004
2009-11-01,smb_ru,-0.029811
2009-12-01,smb_ru,-0.006
2010-01-01,smb_ru,0.023488000000000002
2010-02-01,smb_ru,0.053293
2010-03-01,smb_ru,-0.0361
2010-04-01,smb_ru,0.093933
2010-05-01,smb_ru,0.006627999999999999
2010-06-01,smb_ru,0.005662
2010-07-01,smb_ru,-0.047744
2010-08-01,smb_ru,0.043893
2010-09-01,smb_ru,0.038342999999999995
2010-10-01,smb_ru,-0.010355000000000001
2010-11-01,smb_ru,0.052287999999999994
2010-12-01,smb_ru,0.001879
2011-01-01,smb_ru,0.026463
2011-02-01,smb_ru,-0.035191
2011-03-01,smb_ru,-0.023633
2011-04-01,smb_ru,0.025082
2011-05-01,smb_ru,0.039914
2011-06-01,smb_ru,0.030474
2011-07-01,smb_ru,0.02766
2011-08-01,smb_ru,0.004884
2011-09-01,smb_ru,0.031336
2011-10-01,smb_ru,-0.075674
2011-11-01,smb_ru,-0.042488
2011-12-01,smb_ru,0.025953
2012-01-01,smb_ru,-0.038574000000000004
2012-02-01,smb_ru,0.021640000000000003
2012-03-01,smb_ru,0.024172
2012-04-01,smb_ru,0.046708
2012-05-01,smb_ru,0.027467000000000002
2012-06-01,smb_ru,-0.020692
2012-07-01,smb_ru,0.010736
2012-08-01,smb_ru,0.041672
2012-09-01,smb_ru,-0.004199
2012-10-01,smb_ru,0.025804999999999998
2012-11-01,smb_ru,-0.006199
2012-12-01,smb_ru,-0.031343
2013-01-01,smb_ru,-0.006986
2013-02-01,smb_ru,0.02804
2013-03-01,smb_ru,0.068234
2013-04-01,smb_ru,-0.036802
2013-05-01,smb_ru,0.033325
2013-06-01,smb_ru,0.049478999999999995
2013-07-01,smb_ru,-0.034577
2013-08-01,smb_ru,-0.0016389999999999998
2013-09-01,smb_ru,-0.006647999999999999
2013-10-01,smb_ru,-0.064656
2013-11-01,smb_ru,0.009462
2013-12-01,smb_ru,0.071516
2014-01-01,smb_ru,-0.013479000000000001
2014-02-01,smb_ru,-0.009736
2014-03-01,smb_ru,0.031806
2014-04-01,smb_ru,0.044097
2014-05-01,smb_ru,-0.055217999999999996
2014-06-01,smb_ru,-0.014893
2014-07-01,smb_ru,0.020168
2014-08-01,smb_ru,-0.034041
2014-09-01,smb_ru,0.011977999999999999
2014-10-01,smb_ru,-0.061194
2014-11-01,smb_ru,0.035954
2014-12-01,smb_ru,0.026983999999999998
2015-01-01,smb_ru,-0.157659
2015-02-01,smb_ru,0.084182
2015-03-01,smb_ru,0.012587999999999998
2015-04-01,smb_ru,-0.001921
2015-05-01,smb_ru,0.091275
2015-06-01,smb_ru,0.03421
2015-07-01,smb_ru,-0.042238
2015-08-01,smb_ru,-0.037105
2015-09-01,smb_ru,0.069809
2015-10-01,smb_ru,-0.014473
2015-11-01,smb_ru,-0.024354
2015-12-01,smb_ru,0.049469000000000006
2016-01-01,smb_ru,-0.016606
2016-02-01,smb_ru,-0.067546
2016-03-01,smb_ru,0.025693
2016-04-01,smb_ru,-0.02752
2016-05-01,smb_ru,0.00106
2016-06-01,smb_ru,-0.044437
2016-07-01,smb_ru,0.044582
2016-08-01,smb_ru,0.044354
2016-09-01,smb_ru,0.06838
2016-10-01,smb_ru,0.017925
2016-11-01,smb_ru,-0.003881
2016-12-01,smb_ru,-0.016362
2017-01-01,smb_ru,0.020307
2017-02-01,smb_ru,0.070246
2017-03-01,smb_ru,-0.0073219999999999995
2017-04-01,smb_ru,-0.025097
2017-05-01,smb_ru,0.013617999999999998
2017-06-01,smb_ru,0.055526
2017-07-01,smb_ru,0.022376999999999998
2017-08-01,smb_ru,0.031031
2017-09-01,smb_ru,0.024415
2017-10-01,smb_ru,0.006932000000000001
2017-11-01,smb_ru,-0.018613
2017-12-01,smb_ru,0.036725
2018-01-01,smb_ru,-0.065433
2018-02-01,smb_ru,-0.014327000000000001
2018-03-01,smb_ru,0.016281
2018-04-01,smb_ru,-0.081813
2018-05-01,smb_ru,-0.036909
2018-06-01,smb_ru,0.035715
2018-07-01,smb_ru,-0.03391
2018-08-01,smb_ru,-0.061542000000000006
2018-09-01,smb_ru,-0.029869
2018-10-01,smb_ru,0.028564
2018-11-01,smb_ru,0.006775
2018-12-01,smb_ru,0.019754
2019-01-01,smb_ru,-0.008468
2019-02-01,smb_ru,0.097928
2019-03-01,smb_ru,-0.019227
2019-04-01,smb_ru,-0.0026850000000000003
2019-05-01,smb_ru,-0.091875
2019-06-01,smb_ru,0.007358
2019-07-01,smb_ru,0.033849
2019-08-01,smb_ru,0.0018809999999999999
2019-09-01,smb_ru,0.018559000000000003
2019-10-01,smb_ru,-0.056828000000000004
2019-11-01,smb_ru,0.024394999999999997
2019-12-01,smb_ru,-0.024091
2020-01-01,smb_ru,0.08217100000000001
2020-02-01,smb_ru,0.044922000000000004
2020-03-01,smb_ru,0.055800999999999996
2020-04-01,smb_ru,0.037332000000000004
2020-05-01,smb_ru,-0.004561
2020-06-01,smb_ru,0.033773
2020-07-01,smb_ru,0.10969799999999999
2020-08-01,smb_ru,0.040842
2020-09-01,smb_ru,-0.025859
2020-10-01,smb_ru,0.039096
2020-11-01,smb_ru,-0.077057
2020-12-01,smb_ru,-0.025023
2005-01-01,hml_ru,-0.049076
2005-02-01,hml_ru,-0.07412200000000001
2005-03-01,hml_ru,-0.09971500000000001
2005-04-01,hml_ru,-0.056089
2005-05-01,hml_ru,-0.239293
2005-06-01,hml_ru,0.129413
2005-07-01,hml_ru,-0.06018
2005-08-01,hml_ru,0.012140999999999999
2005-09-01,hml_ru,0.32183300000000004
2005-10-01,hml_ru,0.026437
2005-11-01,hml_ru,0.15499000000000002
2005-12-01,hml_ru,0.190115
2006-01-01,hml_ru,-0.16344
2006-02-01,hml_ru,0.08897500000000001
2006-03-01,hml_ru,-0.00296
2006-04-01,hml_ru,0.20661200000000002
2006-05-01,hml_ru,0.039855999999999996
2006-06-01,hml_ru,0.105983
2006-07-01,hml_ru,-0.018234
2006-08-01,hml_ru,-0.001051
2006-09-01,hml_ru,-0.027587999999999998
2006-10-01,hml_ru,-0.070332
2006-11-01,hml_ru,0.0225
2006-12-01,hml_ru,0.009768
2007-01-01,hml_ru,0.050018
2007-02-01,hml_ru,0.140316
2007-03-01,hml_ru,-0.020968
2007-04-01,hml_ru,-0.080526
2007-05-01,hml_ru,-0.039291
2007-06-01,hml_ru,-0.0035110000000000002
2007-07-01,hml_ru,0.079395
2007-08-01,hml_ru,0.17636500000000002
2007-09-01,hml_ru,0.045443
2007-10-01,hml_ru,0.050256999999999996
2007-11-01,hml_ru,-0.018588
2007-12-01,hml_ru,0.054154
2008-01-01,hml_ru,0.136298
2008-02-01,hml_ru,0.009109
2008-03-01,hml_ru,-0.014804999999999999
2008-04-01,hml_ru,-0.012318
2008-05-01,hml_ru,-0.054464
2008-06-01,hml_ru,0.021152
2008-07-01,hml_ru,-0.062878
2008-08-01,hml_ru,0.025293999999999997
2008-09-01,hml_ru,-0.12547
2008-10-01,hml_ru,-0.132966
2008-11-01,hml_ru,0.19084
2008-12-01,hml_ru,0.038161
2009-01-01,hml_ru,-0.10305999999999998
2009-02-01,hml_ru,-0.11532
2009-03-01,hml_ru,0.052362
2009-04-01,hml_ru,0.214472
2009-05-01,hml_ru,0.140411
2009-06-01,hml_ru,0.037465
2009-07-01,hml_ru,0.06758700000000001
2009-08-01,hml_ru,0.07044
2009-09-01,hml_ru,0.030177999999999996
2009-10-01,hml_ru,-0.01302
2009-11-01,hml_ru,-0.08388899999999999
2009-12-01,hml_ru,0.071768
2010-01-01,hml_ru,0.014332000000000001
2010-02-01,hml_ru,0.015674999999999998
2010-03-01,hml_ru,0.10525000000000001
2010-04-01,hml_ru,0.008055
2010-05-01,hml_ru,-0.024631
2010-06-01,hml_ru,-0.062252
2010-07-01,hml_ru,-0.013592
2010-08-01,hml_ru,-0.009123
2010-09-01,hml_ru,-0.024114
2010-10-01,hml_ru,-0.07580300000000001
2010-11-01,hml_ru,-0.023854
2010-12-01,hml_ru,-0.056874
2011-01-01,hml_ru,0.037134
2011-02-01,hml_ru,0.033309000000000005
2011-03-01,hml_ru,0.009356999999999999
2011-04-01,hml_ru,0.008844
2011-05-01,hml_ru,-0.031272
2011-06-01,hml_ru,-0.02088
2011-07-01,hml_ru,0.009301
2011-08-01,hml_ru,-0.004876
2011-09-01,hml_ru,-0.032863
2011-10-01,hml_ru,0.021583
2011-11-01,hml_ru,0.027195999999999998
2011-12-01,hml_ru,0.011833
2012-01-01,hml_ru,0.026309
2012-02-01,hml_ru,0.01892
2012-03-01,hml_ru,-0.018651
2012-04-01,hml_ru,-0.014437
2012-05-01,hml_ru,-0.016021
2012-06-01,hml_ru,-0.014107000000000001
2012-07-01,hml_ru,-0.031669
2012-08-01,hml_ru,0.021417000000000002
2012-09-01,hml_ru,0.039132
2012-10-01,hml_ru,-0.002187
2012-11-01,hml_ru,0.005261
2012-12-01,hml_ru,-0.049447
2013-01-01,hml_ru,-0.012475
2013-02-01,hml_ru,-0.03256
2013-03-01,hml_ru,-0.005265
2013-04-01,hml_ru,-0.067886
2013-05-01,hml_ru,-0.042133000000000004
2013-06-01,hml_ru,-0.021974
2013-07-01,hml_ru,0.106797
2013-08-01,hml_ru,0.012361
2013-09-01,hml_ru,-0.039646
2013-10-01,hml_ru,-0.021171000000000002
2013-11-01,hml_ru,-0.016247
2013-12-01,hml_ru,-0.023751
2014-01-01,hml_ru,0.014651
2014-02-01,hml_ru,-0.041131
2014-03-01,hml_ru,0.026095999999999998
2014-04-01,hml_ru,-0.006252
2014-05-01,hml_ru,0.026848999999999998
2014-06-01,hml_ru,-0.051697
2014-07-01,hml_ru,-0.015154
2014-08-01,hml_ru,0.033077999999999996
2014-09-01,hml_ru,0.009441
2014-10-01,hml_ru,-0.035698
2014-11-01,hml_ru,0.020419
2014-12-01,hml_ru,0.0018520000000000001
2015-01-01,hml_ru,-0.101961
2015-02-01,hml_ru,0.036201
2015-03-01,hml_ru,-0.009768
2015-04-01,hml_ru,0.11049400000000001
2015-05-01,hml_ru,0.013654999999999999
2015-06-01,hml_ru,0.029152
2015-07-01,hml_ru,-0.08407400000000001
2015-08-01,hml_ru,-0.065106
2015-09-01,hml_ru,0.034108
2015-10-01,hml_ru,0.047950999999999994
2015-11-01,hml_ru,-0.053273
2015-12-01,hml_ru,0.025921
2016-01-01,hml_ru,0.026527
2016-02-01,hml_ru,0.03427
2016-03-01,hml_ru,0.037049
2016-04-01,hml_ru,-0.022315
2016-05-01,hml_ru,-0.025394999999999997
2016-06-01,hml_ru,0.037084
2016-07-01,hml_ru,-0.053686
2016-08-01,hml_ru,-0.010615000000000001
2016-09-01,hml_ru,-0.006448000000000001
2016-10-01,hml_ru,-0.022671999999999998
2016-11-01,hml_ru,0.052952000000000006
2016-12-01,hml_ru,-2.4400000000000002e-4
2017-01-01,hml_ru,0.03309
2017-02-01,hml_ru,-0.04206000000000001
2017-03-01,hml_ru,-0.009339
2017-04-01,hml_ru,0.020675
2017-05-01,hml_ru,0.015504
2017-06-01,hml_ru,-0.035961
2017-07-01,hml_ru,0.00885
2017-08-01,hml_ru,0.015366999999999999
2017-09-01,hml_ru,0.0055520000000000005
2017-10-01,hml_ru,0.003934
2017-11-01,hml_ru,0.004795
2017-12-01,hml_ru,-0.024373
2018-01-01,hml_ru,0.023248
2018-02-01,hml_ru,0.010143
2018-03-01,hml_ru,-0.008801999999999999
2018-04-01,hml_ru,-0.013086
2018-05-01,hml_ru,-0.030972
2018-06-01,hml_ru,-0.026558000000000002
2018-07-01,hml_ru,-0.016265
2018-08-01,hml_ru,-0.068513
2018-09-01,hml_ru,0.031598
2018-10-01,hml_ru,0.006686
2018-11-01,hml_ru,-0.041234
2018-12-01,hml_ru,-0.034028
2019-01-01,hml_ru,0.032660999999999996
2019-02-01,hml_ru,-0.014214
2019-03-01,hml_ru,-0.023264999999999997
2019-04-01,hml_ru,0.00453
2019-05-01,hml_ru,0.097021
2019-06-01,hml_ru,0.053621
2019-07-01,hml_ru,-0.00875
2019-08-01,hml_ru,-0.033982
2019-09-01,hml_ru,0.093371
2019-10-01,hml_ru,0.089962
2019-11-01,hml_ru,0.037913999999999996
2019-12-01,hml_ru,0.009506
2020-01-01,hml_ru,-0.027761
2020-02-01,hml_ru,-0.039042
2020-03-01,hml_ru,-0.126947
2020-04-01,hml_ru,-0.007738
2020-05-01,hml_ru,0.039847
2020-06-01,hml_ru,0.021393
2020-07-01,hml_ru,-0.113994
2020-08-01,hml_ru,-0.040027999999999994
2020-09-01,hml_ru,-0.023026
2020-10-01,hml_ru,-0.073836
2020-11-01,hml_ru,0.0733
2020-12-01,hml_ru,-0.007624
2005-01-01,mom_ru,0.036032
2005-02-01,mom_ru,0.014398
2005-03-01,mom_ru,0.14562
2005-04-01,mom_ru,0.081597
2005-05-01,mom_ru,-0.005932
2005-06-01,mom_ru,0.002885
2005-07-01,mom_ru,0.041916
2005-08-01,mom_ru,0.101743
2005-09-01,mom_ru,0.01756
2005-10-01,mom_ru,-0.001532
2005-11-01,mom_ru,0.04085
2005-12-01,mom_ru,0.064024
2006-01-01,mom_ru,-0.058094
2006-02-01,mom_ru,-0.050548
2006-03-01,mom_ru,-0.084578
2006-04-01,mom_ru,-0.164834
2006-05-01,mom_ru,0.001884
2006-06-01,mom_ru,0.054687
2006-07-01,mom_ru,-0.125008
2006-08-01,mom_ru,-0.10685
2006-09-01,mom_ru,0.021086
2006-10-01,mom_ru,0.002736
2006-11-01,mom_ru,0.059485
2006-12-01,mom_ru,0.051744000000000005
2007-01-01,mom_ru,-0.017606999999999998
2007-02-01,mom_ru,0.10082200000000001
2007-03-01,mom_ru,-0.022932
2007-04-01,mom_ru,-1.7e-5
2007-05-01,mom_ru,0.049192
2007-06-01,mom_ru,0.056632999999999996
2007-07-01,mom_ru,0.02986
2007-08-01,mom_ru,-0.050460000000000005
2007-09-01,mom_ru,0.06615
2007-10-01,mom_ru,0.035944
2007-11-01,mom_ru,0.008326
2007-12-01,mom_ru,0.009129
2008-01-01,mom_ru,0.013067
2008-02-01,mom_ru,0.044126000000000005
2008-03-01,mom_ru,-0.051537
2008-04-01,mom_ru,0.156168
2008-05-01,mom_ru,0.08207300000000001
2008-06-01,mom_ru,-0.010999000000000002
2008-07-01,mom_ru,0.006553
2008-08-01,mom_ru,-0.057839999999999996
2008-09-01,mom_ru,0.05652599999999999
2008-10-01,mom_ru,0.05946799999999999
2008-11-01,mom_ru,-0.176793
2008-12-01,mom_ru,-0.021694
2009-01-01,mom_ru,-0.109848
2009-02-01,mom_ru,0.014001
2009-03-01,mom_ru,-0.286361
2009-04-01,mom_ru,-0.069109
2009-05-01,mom_ru,0.187079
2009-06-01,mom_ru,0.006101
2009-07-01,mom_ru,-0.026368
2009-08-01,mom_ru,0.049017
2009-09-01,mom_ru,0.037091
2009-10-01,mom_ru,-0.032454000000000004
2009-11-01,mom_ru,0.014064
2009-12-01,mom_ru,0.028542
2010-01-01,mom_ru,-0.073956
2010-02-01,mom_ru,-0.011934
2010-03-01,mom_ru,0.062129000000000004
2010-04-01,mom_ru,0.017062
2010-05-01,mom_ru,-0.006373
2010-06-01,mom_ru,0.028388
2010-07-01,mom_ru,-0.071212
2010-08-01,mom_ru,-0.033851
2010-09-01,mom_ru,0.0124
2010-10-01,mom_ru,-0.018216
2010-11-01,mom_ru,0.012830999999999999
2010-12-01,mom_ru,0.069974
2011-01-01,mom_ru,-0.069501
2011-02-01,mom_ru,0.029073
2011-03-01,mom_ru,0.043841
2011-04-01,mom_ru,0.057711
2011-05-01,mom_ru,-0.019531
2011-06-01,mom_ru,-0.021258
2011-07-01,mom_ru,0.019654
2011-08-01,mom_ru,0.035515
2011-09-01,mom_ru,0.091491
2011-10-01,mom_ru,-0.20879
2011-11-01,mom_ru,-0.025798
2011-12-01,mom_ru,0.06386
2012-01-01,mom_ru,-0.062382999999999994
2012-02-01,mom_ru,-0.028109000000000002
2012-03-01,mom_ru,-0.0104
2012-04-01,mom_ru,-0.012282999999999999
2012-05-01,mom_ru,0.069975
2012-06-01,mom_ru,-0.050804999999999996
2012-07-01,mom_ru,-0.024628999999999998
2012-08-01,mom_ru,-0.058689
2012-09-01,mom_ru,-0.059466
2012-10-01,mom_ru,-0.076445
2012-11-01,mom_ru,0.03254
2012-12-01,mom_ru,0.019039
2013-01-01,mom_ru,-0.087159
2013-02-01,mom_ru,-0.016288
2013-03-01,mom_ru,0.108183
2013-04-01,mom_ru,0.039506
2013-05-01,mom_ru,0.073467
2013-06-01,mom_ru,0.009892999999999999
2013-07-01,mom_ru,-0.079193
2013-08-01,mom_ru,0.00374
2013-09-01,mom_ru,0.035993
2013-10-01,mom_ru,0.018897
2013-11-01,mom_ru,0.116091
2013-12-01,mom_ru,-0.120797
2014-01-01,mom_ru,0.006452
2014-02-01,mom_ru,0.010052
2014-03-01,mom_ru,0.022496000000000002
2014-04-01,mom_ru,0.056515
2014-05-01,mom_ru,-0.088266
2014-06-01,mom_ru,-0.018793
2014-07-01,mom_ru,-0.008389
2014-08-01,mom_ru,4.7999999999999994e-5
2014-09-01,mom_ru,0.046629
2014-10-01,mom_ru,0.05357700000000001
2014-11-01,mom_ru,-0.03545
2014-12-01,mom_ru,0.119482
2015-01-01,mom_ru,0.140353
2015-02-01,mom_ru,-0.192055
2015-03-01,mom_ru,0.002606
2015-04-01,mom_ru,-0.017838
2015-05-01,mom_ru,-0.061235
2015-06-01,mom_ru,-0.012954
2015-07-01,mom_ru,-0.035598
2015-08-01,mom_ru,0.052313
2015-09-01,mom_ru,-0.044535
2015-10-01,mom_ru,-0.03328
2015-11-01,mom_ru,-0.014388000000000001
2015-12-01,mom_ru,-0.007568
2016-01-01,mom_ru,-0.033568
2016-02-01,mom_ru,0.01083
2016-03-01,mom_ru,0.007671
2016-04-01,mom_ru,0.084069
2016-05-01,mom_ru,-0.06501
2016-06-01,mom_ru,0.017268
2016-07-01,mom_ru,-0.001485
2016-08-01,mom_ru,0.030094
2016-09-01,mom_ru,0.045591999999999994
2016-10-01,mom_ru,0.062363999999999996
2016-11-01,mom_ru,0.02706
2016-12-01,mom_ru,0.012705
2017-01-01,mom_ru,-0.047456
2017-02-01,mom_ru,-0.04609
2017-03-01,mom_ru,-0.019869
2017-04-01,mom_ru,-0.015636
2017-05-01,mom_ru,0.030319
2017-06-01,mom_ru,-0.027953000000000002
2017-07-01,mom_ru,0.0015609999999999999
2017-08-01,mom_ru,0.04691
2017-09-01,mom_ru,-0.05978
2017-10-01,mom_ru,0.036627
2017-11-01,mom_ru,0.073917
2017-12-01,mom_ru,0.028422999999999997
2018-01-01,mom_ru,0.11838900000000001
2018-02-01,mom_ru,0.001924
2018-03-01,mom_ru,-0.012715
2018-04-01,mom_ru,0.016871
2018-05-01,mom_ru,0.049468
2018-06-01,mom_ru,-0.005994
2018-07-01,mom_ru,0.054851000000000004
2018-08-01,mom_ru,0.118339
2018-09-01,mom_ru,0.035462
2018-10-01,mom_ru,0.017266999999999998
2018-11-01,mom_ru,-0.023842
2018-12-01,mom_ru,0.008526
2019-01-01,mom_ru,-0.006887
2019-02-01,mom_ru,-0.016955
2019-03-01,mom_ru,0.00614
2019-04-01,mom_ru,-0.075222
2019-05-01,mom_ru,-3.7600000000000003e-4
2019-06-01,mom_ru,0.00597
2019-07-01,mom_ru,0.017516
2019-08-01,mom_ru,0.007733
2019-09-01,mom_ru,0.036025999999999996
2019-10-01,mom_ru,0.042846999999999996
2019-11-01,mom_ru,-0.034442
2019-12-01,mom_ru,-0.031056
2020-01-01,mom_ru,-6.06e-4
2020-02-01,mom_ru,0.030026
2020-03-01,mom_ru,0.14285399999999998
2020-04-01,mom_ru,-0.002761
2020-05-01,mom_ru,-0.023711000000000003
2020-06-01,mom_ru,-0.051092000000000005
2020-07-01,mom_ru,-0.015846
2020-08-01,mom_ru,0.029089999999999998
2020-09-01,mom_ru,0.029987
2020-10-01,mom_ru,0.045862
2020-11-01,mom_ru,-0.105669
2020-12-01,mom_ru,0.040487999999999996
2005-01-01,liq_ru,0.087471
2005-02-01,liq_ru,0.062817
2005-03-01,liq_ru,0.102655
2005-04-01,liq_ru,0.017944
2005-05-01,liq_ru,0.07278
2005-06-01,liq_ru,0.020343
2005-07-01,liq_ru,0.016656
2005-08-01,liq_ru,0.099467
2005-09-01,liq_ru,-0.030667
2005-10-01,liq_ru,0.026467
2005-11-01,liq_ru,-0.024123000000000002
2005-12-01,liq_ru,0.018183
2006-01-01,liq_ru,-0.006853000000000001
2006-02-01,liq_ru,0.023006000000000002
2006-03-01,liq_ru,0.073335
2006-04-01,liq_ru,-0.144595
2006-05-01,liq_ru,0.052691999999999996
2006-06-01,liq_ru,-0.079592
2006-07-01,liq_ru,-0.032701
2006-08-01,liq_ru,0.028523
2006-09-01,liq_ru,0.026829000000000002
2006-10-01,liq_ru,0.043524
2006-11-01,liq_ru,-0.024188
2006-12-01,liq_ru,0.018626
2007-01-01,liq_ru,0.054344
2007-02-01,liq_ru,0.107627
2007-03-01,liq_ru,-0.048073
2007-04-01,liq_ru,0.032827999999999996
2007-05-01,liq_ru,0.059066
2007-06-01,liq_ru,-0.043437
2007-07-01,liq_ru,0.028068
2007-08-01,liq_ru,0.029283999999999998
2007-09-01,liq_ru,-0.044624
2007-10-01,liq_ru,-0.027681
2007-11-01,liq_ru,0.076336
2007-12-01,liq_ru,-0.002461
2008-01-01,liq_ru,0.10294600000000001
2008-02-01,liq_ru,-0.06665199999999999
2008-03-01,liq_ru,-0.028262
2008-04-01,liq_ru,-0.038473
2008-05-01,liq_ru,-0.087673
2008-06-01,liq_ru,6.34e-4
2008-07-01,liq_ru,0.05256
2008-08-01,liq_ru,0.008683999999999999
2008-09-01,liq_ru,0.045955
2008-10-01,liq_ru,0.06356
2008-11-01,liq_ru,9.94e-4
2008-12-01,liq_ru,-0.027201
2009-01-01,liq_ru,-0.020066999999999998
2009-02-01,liq_ru,0.03281
2009-03-01,liq_ru,-0.059479
2009-04-01,liq_ru,-0.154586
2009-05-01,liq_ru,-0.047695
2009-06-01,liq_ru,0.051563
2009-07-01,liq_ru,-0.040345000000000006
2009-08-01,liq_ru,0.050113000000000005
2009-09-01,liq_ru,-0.01936
2009-10-01,liq_ru,0.020045
2009-11-01,liq_ru,-0.01341
2009-12-01,liq_ru,-0.023984000000000002
2010-01-01,liq_ru,0.035487000000000005
2010-02-01,liq_ru,0.051165
2010-03-01,liq_ru,0.001131
2010-04-01,liq_ru,0.041382
2010-05-01,liq_ru,0.030565000000000002
2010-06-01,liq_ru,0.023378999999999997
2010-07-01,liq_ru,-0.060647
2010-08-01,liq_ru,0.016814
2010-09-01,liq_ru,-0.007261
2010-10-01,liq_ru,-0.042185
2010-11-01,liq_ru,0.035151
2010-12-01,liq_ru,0.060694
2011-01-01,liq_ru,-0.054082
2011-02-01,liq_ru,-0.0034839999999999997
2011-03-01,liq_ru,-0.055799
2011-04-01,liq_ru,0.028441
2011-05-01,liq_ru,0.027762
2011-06-01,liq_ru,-0.016002000000000002
2011-07-01,liq_ru,-0.003418
2011-08-01,liq_ru,0.028158
2011-09-01,liq_ru,0.080692
2011-10-01,liq_ru,-0.102754
2011-11-01,liq_ru,-0.019884
2011-12-01,liq_ru,0.008783
2012-01-01,liq_ru,-0.011124
2012-02-01,liq_ru,-0.002076
2012-03-01,liq_ru,0.0558
2012-04-01,liq_ru,-0.004931
2012-05-01,liq_ru,0.029924
2012-06-01,liq_ru,-0.035967
2012-07-01,liq_ru,0.006309
2012-08-01,liq_ru,0.026511999999999997
2012-09-01,liq_ru,-0.01822
2012-10-01,liq_ru,0.054848999999999995
2012-11-01,liq_ru,-0.02302
2012-12-01,liq_ru,-0.0405
2013-01-01,liq_ru,0.009706
2013-02-01,liq_ru,0.034691
2013-03-01,liq_ru,0.043849
2013-04-01,liq_ru,0.003084
2013-05-01,liq_ru,-0.002837
2013-06-01,liq_ru,0.025163
2013-07-01,liq_ru,-0.044811
2013-08-01,liq_ru,-0.004814
2013-09-01,liq_ru,-0.04273
2013-10-01,liq_ru,-0.040394
2013-11-01,liq_ru,-0.017822
2013-12-01,liq_ru,0.00456
2014-01-01,liq_ru,0.056612
2014-02-01,liq_ru,-0.036247
2014-03-01,liq_ru,7.589999999999999e-4
2014-04-01,liq_ru,0.03055
2014-05-01,liq_ru,-0.057866
2014-06-01,liq_ru,5.7e-5
2014-07-01,liq_ru,0.021821999999999998
2014-08-01,liq_ru,0.037661
2014-09-01,liq_ru,-0.030157
2014-10-01,liq_ru,-0.058388999999999996
2014-11-01,liq_ru,-0.002032
2014-12-01,liq_ru,0.001998
2015-01-01,liq_ru,-0.122485
2015-02-01,liq_ru,-0.082798
2015-03-01,liq_ru,0.001901
2015-04-01,liq_ru,-0.063528
2015-05-01,liq_ru,0.017541
2015-06-01,liq_ru,-0.027125
2015-07-01,liq_ru,0.001465
2015-08-01,liq_ru,0.030283
2015-09-01,liq_ru,0.051168
2015-10-01,liq_ru,-0.02794
2015-11-01,liq_ru,-0.039946
2015-12-01,liq_ru,0.06082
2016-01-01,liq_ru,-0.006239
2016-02-01,liq_ru,0.00914
2016-03-01,liq_ru,-0.031625
2016-04-01,liq_ru,-0.017938
2016-05-01,liq_ru,0.04775
2016-06-01,liq_ru,-0.004822
2016-07-01,liq_ru,-0.026969
2016-08-01,liq_ru,-0.004439
2016-09-01,liq_ru,-0.001222
2016-10-01,liq_ru,-0.005938
2016-11-01,liq_ru,-0.023954
2016-12-01,liq_ru,-0.036478000000000003
2017-01-01,liq_ru,0.035356
2017-02-01,liq_ru,0.057329
2017-03-01,liq_ru,0.014421999999999999
2017-04-01,liq_ru,-0.027472
2017-05-01,liq_ru,0.023738000000000002
2017-06-01,liq_ru,-0.053542
2017-07-01,liq_ru,0.004506
2017-08-01,liq_ru,-0.017478
2017-09-01,liq_ru,0.006029
2017-10-01,liq_ru,0.009636
2017-11-01,liq_ru,-0.013841000000000001
2017-12-01,liq_ru,-0.028995000000000003
2018-01-01,liq_ru,-0.034963
2018-02-01,liq_ru,-0.008726000000000001
2018-03-01,liq_ru,0.036929
2018-04-01,liq_ru,-0.03472
2018-05-01,liq_ru,-0.003649
2018-06-01,liq_ru,8.4e-4
2018-07-01,liq_ru,-0.032101000000000005
2018-08-01,liq_ru,-0.033805
2018-09-01,liq_ru,-0.030959
2018-10-01,liq_ru,0.074558
2018-11-01,liq_ru,-0.005646
2018-12-01,liq_ru,-0.002343
2019-01-01,liq_ru,-0.04372499999999999
2019-02-01,liq_ru,3.98e-4
2019-03-01,liq_ru,-0.0027689999999999998
2019-04-01,liq_ru,0.00659
2019-05-01,liq_ru,-0.049318999999999995
2019-06-01,liq_ru,-0.015805
2019-07-01,liq_ru,0.04274
2019-08-01,liq_ru,-0.003475
2019-09-01,liq_ru,0.009967
2019-10-01,liq_ru,-0.057694
2019-11-01,liq_ru,0.00396
2019-12-01,liq_ru,-0.032482000000000004
2020-01-01,liq_ru,0.003849
2020-02-01,liq_ru,0.020556
2020-03-01,liq_ru,0.029512999999999998
2020-04-01,liq_ru,0.026056
2020-05-01,liq_ru,-0.030115
2020-06-01,liq_ru,0.003977
2020-07-01,liq_ru,-0.026232000000000002
2020-08-01,liq_ru,-0.018542
2020-09-01,liq_ru,-0.016673
2020-10-01,liq_ru,0.003154
2020-11-01,liq_ru,-0.110265
2020-12-01,liq_ru,-0.058073
2005-01-01,dy_ru,-0.036226
2005-02-01,dy_ru,-0.09277200000000001
2005-03-01,dy_ru,0.0146
2005-04-01,dy_ru,0.069559
2005-05-01,dy_ru,0.11987
2005-06-01,dy_ru,0.07099899999999999
2005-07-01,dy_ru,-0.1131
2005-08-01,dy_ru,0.028822
2005-09-01,dy_ru,-0.008727
2005-10-01,dy_ru,-5.3e-4
2005-11-01,dy_ru,0.066165
2005-12-01,dy_ru,-0.069242
2006-01-01,dy_ru,0.021324999999999997
2006-02-01,dy_ru,0.207456
2006-03-01,dy_ru,0.220789
2006-04-01,dy_ru,-0.231904
2006-05-01,dy_ru,-0.08211
2006-06-01,dy_ru,0.02349
2006-07-01,dy_ru,0.01309
2006-08-01,dy_ru,0.01459
2006-09-01,dy_ru,-0.15930999999999998
2006-10-01,dy_ru,0.06569
2006-11-01,dy_ru,-0.35680999999999996
2006-12-01,dy_ru,-0.00731
2007-01-01,dy_ru,-0.053299000000000006
2007-02-01,dy_ru,-0.124439
2007-03-01,dy_ru,0.038029
2007-04-01,dy_ru,-0.049644
2007-05-01,dy_ru,-0.035288
2007-06-01,dy_ru,-0.029037999999999998
2007-07-01,dy_ru,0.014168
2007-08-01,dy_ru,0.036753
2007-09-01,dy_ru,0.030703
2007-10-01,dy_ru,-0.0034660000000000003
2007-11-01,dy_ru,0.012325999999999998
2007-12-01,dy_ru,0.022581000000000004
2008-01-01,dy_ru,-0.020711
2008-02-01,dy_ru,0.06257399999999999
2008-03-01,dy_ru,0.023882
2008-04-01,dy_ru,0.017063
2008-05-01,dy_ru,0.021404999999999997
2008-06-01,dy_ru,0.017086
2008-07-01,dy_ru,-0.041958999999999996
2008-08-01,dy_ru,0.032004000000000005
2008-09-01,dy_ru,0.009527
2008-10-01,dy_ru,0.038699
2008-11-01,dy_ru,0.015886
2008-12-01,dy_ru,0.038928
2009-01-01,dy_ru,0.029644
2009-02-01,dy_ru,0.079395
2009-03-01,dy_ru,-0.044322
2009-04-01,dy_ru,-0.016161000000000002
2009-05-01,dy_ru,-0.042984999999999995
2009-06-01,dy_ru,0.01645
2009-07-01,dy_ru,0.044913
2009-08-01,dy_ru,-0.01621
2009-09-01,dy_ru,-0.073388
2009-10-01,dy_ru,0.011897
2009-11-01,dy_ru,0.034826
2009-12-01,dy_ru,-0.059962
2010-01-01,dy_ru,0.0063160000000000004
2010-02-01,dy_ru,0.03505
2010-03-01,dy_ru,0.060223000000000006
2010-04-01,dy_ru,0.035348000000000004
2010-05-01,dy_ru,-0.025811999999999998
2010-06-01,dy_ru,0.060598
2010-07-01,dy_ru,-0.005909
2010-08-01,dy_ru,0.006733
2010-09-01,dy_ru,-0.004497
2010-10-01,dy_ru,-0.07912
2010-11-01,dy_ru,0.025702
2010-12-01,dy_ru,0.020958
2011-01-01,dy_ru,-0.008184
2011-02-01,dy_ru,0.040309
2011-03-01,dy_ru,-0.013407
2011-04-01,dy_ru,0.0069630000000000004
2011-05-01,dy_ru,-0.008378
2011-06-01,dy_ru,0.028731
2011-07-01,dy_ru,0.057259000000000004
2011-08-01,dy_ru,0.024059
2011-09-01,dy_ru,0.098329
2011-10-01,dy_ru,-0.11476000000000001
2011-11-01,dy_ru,0.051481000000000006
2011-12-01,dy_ru,0.011075999999999999
2012-01-01,dy_ru,-0.033257
2012-02-01,dy_ru,-0.0017749999999999999
2012-03-01,dy_ru,0.012633
2012-04-01,dy_ru,-0.008842
2012-05-01,dy_ru,0.011211
2012-06-01,dy_ru,0.031004
2012-07-01,dy_ru,0.0032790000000000002
2012-08-01,dy_ru,0.010968
2012-09-01,dy_ru,-0.014767999999999998
2012-10-01,dy_ru,-0.063651
2012-11-01,dy_ru,-0.034533999999999995
2012-12-01,dy_ru,7.65e-4
2013-01-01,dy_ru,-0.035817
2013-02-01,dy_ru,0.018825
2013-03-01,dy_ru,0.036323
2013-04-01,dy_ru,0.0044009999999999995
2013-05-01,dy_ru,-0.018564
2013-06-01,dy_ru,-0.052715
2013-07-01,dy_ru,0.00114
2013-08-01,dy_ru,0.03202
2013-09-01,dy_ru,0.007418
2013-10-01,dy_ru,0.014486
2013-11-01,dy_ru,-0.014339999999999999
2013-12-01,dy_ru,-0.016872
2014-01-01,dy_ru,0.033127
2014-02-01,dy_ru,0.012499
2014-03-01,dy_ru,0.040364000000000004
2014-04-01,dy_ru,0.056664000000000006
2014-05-01,dy_ru,-0.020739
2014-06-01,dy_ru,0.008262
2014-07-01,dy_ru,0.006785
2014-08-01,dy_ru,0.006234
2014-09-01,dy_ru,-0.043418
2014-10-01,dy_ru,-0.014157
2014-11-01,dy_ru,0.038213
2014-12-01,dy_ru,0.026274000000000002
2015-01-01,dy_ru,0.04872
2015-02-01,dy_ru,-0.016221
2015-03-01,dy_ru,0.048344
2015-04-01,dy_ru,-0.094685
2015-05-01,dy_ru,-0.061535
2015-06-01,dy_ru,-0.0037830000000000003
2015-07-01,dy_ru,0.011338999999999998
2015-08-01,dy_ru,0.009319
2015-09-01,dy_ru,-0.032407
2015-10-01,dy_ru,-0.033225
2015-11-01,dy_ru,-0.007629
2015-12-01,dy_ru,-0.0319
2016-01-01,dy_ru,-0.012803
2016-02-01,dy_ru,-8.97e-4
2016-03-01,dy_ru,-0.00181
2016-04-01,dy_ru,0.042812
2016-05-01,dy_ru,-0.049372
2016-06-01,dy_ru,-0.025526
2016-07-01,dy_ru,0.040368
2016-08-01,dy_ru,-0.025905
2016-09-01,dy_ru,0.00178
2016-10-01,dy_ru,0.037343
2016-11-01,dy_ru,0.013290999999999999
2016-12-01,dy_ru,-0.054710999999999996
2017-01-01,dy_ru,0.022604000000000003
2017-02-01,dy_ru,0.034028
2017-03-01,dy_ru,4.39e-4
2017-04-01,dy_ru,-0.033052
2017-05-01,dy_ru,0.014814
2017-06-01,dy_ru,0.027933
2017-07-01,dy_ru,0.020214
2017-08-01,dy_ru,0.030732
2017-09-01,dy_ru,-0.018139000000000002
2017-10-01,dy_ru,0.032092
2017-11-01,dy_ru,-7.83e-4
2017-12-01,dy_ru,0.026692
2018-01-01,dy_ru,-0.013488
2018-02-01,dy_ru,0.017806
2018-03-01,dy_ru,0.043693
2018-04-01,dy_ru,0.019713
2018-05-01,dy_ru,0.005633
2018-06-01,dy_ru,8.35e-4
2018-07-01,dy_ru,-0.0032
2018-08-01,dy_ru,0.047192
2018-09-01,dy_ru,-0.011701
2018-10-01,dy_ru,0.037603
2018-11-01,dy_ru,0.0069
2018-12-01,dy_ru,-0.002298
2019-01-01,dy_ru,-0.053827
2019-02-01,dy_ru,0.044223
2019-03-01,dy_ru,0.029134000000000004
2019-04-01,dy_ru,-0.048115
2019-05-01,dy_ru,-0.122147
2019-06-01,dy_ru,-0.030602999999999998
2019-07-01,dy_ru,0.0021160000000000003
2019-08-01,dy_ru,0.017969
2019-09-01,dy_ru,-0.010469
2019-10-01,dy_ru,-0.03772
2019-11-01,dy_ru,0.038275000000000003
2019-12-01,dy_ru,0.001321
2020-01-01,dy_ru,-0.033618999999999996
2020-02-01,dy_ru,0.051429
2020-03-01,dy_ru,0.01754
2020-04-01,dy_ru,-0.017847
2020-05-01,dy_ru,-0.008773
2020-06-01,dy_ru,-0.010612
2020-07-01,dy_ru,-0.021977000000000003
2020-08-01,dy_ru,-0.0010040000000000001
2020-09-01,dy_ru,0.025657
2020-10-01,dy_ru,0.02005
2020-11-01,dy_ru,-0.019712
2020-12-01,dy_ru,0.09346
2007-01-01,soe_ru,-0.012444
2007-02-01,soe_ru,-0.009229000000000001
2007-03-01,soe_ru,0.052115999999999996
2007-04-01,soe_ru,-0.010967
2007-05-01,soe_ru,-0.002509
2007-06-01,soe_ru,-0.010728
2007-07-01,soe_ru,0.049436
2007-08-01,soe_ru,0.043491999999999996
2007-09-01,soe_ru,0.040652
2007-10-01,soe_ru,0.034404
2007-11-01,soe_ru,-0.035265
2007-12-01,soe_ru,-0.03299
2008-01-01,soe_ru,0.008193
2008-02-01,soe_ru,0.091476
2008-03-01,soe_ru,0.023909
2008-04-01,soe_ru,0.027297
2008-05-01,soe_ru,0.002319
2008-06-01,soe_ru,0.006662
2008-07-01,soe_ru,-0.051598
2008-08-01,soe_ru,0.031863
2008-09-01,soe_ru,-0.029788000000000002
2008-10-01,soe_ru,0.049625
2008-11-01,soe_ru,-0.08703799999999999
2008-12-01,soe_ru,0.039037999999999996
2009-01-01,soe_ru,0.075777
2009-02-01,soe_ru,0.12015700000000001
2009-03-01,soe_ru,-0.047035
2009-04-01,soe_ru,-0.003459
2009-05-01,soe_ru,-0.068094
2009-06-01,soe_ru,0.005392
2009-07-01,soe_ru,0.05003199999999999
2009-08-01,soe_ru,-0.016289
2009-09-01,soe_ru,-0.085673
2009-10-01,soe_ru,-0.01718
2009-11-01,soe_ru,0.017067000000000002
2009-12-01,soe_ru,-0.043909000000000004
2010-01-01,soe_ru,0.045611
2010-02-01,soe_ru,0.049188
2010-03-01,soe_ru,0.014698
2010-04-01,soe_ru,0.034598
2010-05-01,soe_ru,0.005292
2010-06-01,soe_ru,0.009032
2010-07-01,soe_ru,0.005437999999999999
2010-08-01,soe_ru,0.021661
2010-09-01,soe_ru,0.009130000000000001
2010-10-01,soe_ru,-0.053147
2010-11-01,soe_ru,0.04768
2010-12-01,soe_ru,0.077563000000000007
2011-01-01,soe_ru,-0.035958000000000004
2011-02-01,soe_ru,0.014204000000000001
2011-03-01,soe_ru,0.002777
2011-04-01,soe_ru,0.014367000000000001
2011-05-01,soe_ru,0.019109
2011-06-01,soe_ru,-0.022064
2011-07-01,soe_ru,0.023755000000000002
2011-08-01,soe_ru,0.026516
2011-09-01,soe_ru,0.046686
2011-10-01,soe_ru,-0.050839999999999996
2011-11-01,soe_ru,-0.038794
2011-12-01,soe_ru,-0.004088
2012-01-01,soe_ru,0.009442
2012-02-01,soe_ru,0.0077659999999999995
2012-03-01,soe_ru,0.0025679999999999995
2012-04-01,soe_ru,0.026557
2012-05-01,soe_ru,0.049565
2012-06-01,soe_ru,0.010119
2012-07-01,soe_ru,0.023878
2012-08-01,soe_ru,-0.0033729999999999997
2012-09-01,soe_ru,-0.009208
2012-10-01,soe_ru,-0.008319
2012-11-01,soe_ru,0.011444000000000001
2012-12-01,soe_ru,0.007498
2013-01-01,soe_ru,0.009133
2013-02-01,soe_ru,0.011652000000000001
2013-03-01,soe_ru,0.029931
2013-04-01,soe_ru,0.046176
2013-05-01,soe_ru,0.009528
2013-06-01,soe_ru,0.032307
2013-07-01,soe_ru,-0.054682
2013-08-01,soe_ru,-5.600000000000001e-4
2013-09-01,soe_ru,0.012311
2013-10-01,soe_ru,0.013777999999999999
2013-11-01,soe_ru,0.016814
2013-12-01,soe_ru,-1.71e-4
2014-01-01,soe_ru,-0.016034
2014-02-01,soe_ru,0.048041
2014-03-01,soe_ru,-0.0036520000000000003
2014-04-01,soe_ru,0.042922
2014-05-01,soe_ru,-0.032193
2014-06-01,soe_ru,0.026142
2014-07-01,soe_ru,0.040437
2014-08-01,soe_ru,0.0023580000000000003
2014-09-01,soe_ru,0.010308999999999999
2014-10-01,soe_ru,0.0447
2014-11-01,soe_ru,0.005477999999999999
2014-12-01,soe_ru,-0.037937
2015-01-01,soe_ru,0.122928
2015-02-01,soe_ru,-0.042238
2015-03-01,soe_ru,0.018289
2015-04-01,soe_ru,-0.057747
2015-05-01,soe_ru,-0.021413
2015-06-01,soe_ru,0.036725
2015-07-01,soe_ru,0.044941
2015-08-01,soe_ru,0.050019999999999995
2015-09-01,soe_ru,-0.021566000000000002
2015-10-01,soe_ru,-0.058129999999999994
2015-11-01,soe_ru,-0.009345
2015-12-01,soe_ru,-0.053642
2016-01-01,soe_ru,0.046402
2016-02-01,soe_ru,-0.024281
2016-03-01,soe_ru,-0.04736
2016-04-01,soe_ru,-0.045446999999999994
2016-05-01,soe_ru,0.015347999999999999
2016-06-01,soe_ru,-0.018753
2016-07-01,soe_ru,0.029782000000000003
2016-08-01,soe_ru,-0.025644999999999998
2016-09-01,soe_ru,-0.011365
2016-10-01,soe_ru,-0.002499
2016-11-01,soe_ru,0.004326
2016-12-01,soe_ru,-0.019959
2017-01-01,soe_ru,-0.022609
2017-02-01,soe_ru,0.039028
2017-03-01,soe_ru,8.14e-4
2017-04-01,soe_ru,-0.03981
2017-05-01,soe_ru,0.044771
2017-06-01,soe_ru,0.014164000000000001
2017-07-01,soe_ru,-0.003796
2017-08-01,soe_ru,0.017049
2017-09-01,soe_ru,-0.003744
2017-10-01,soe_ru,-0.010193
2017-11-01,soe_ru,-0.016605
2017-12-01,soe_ru,0.050755999999999996
2018-01-01,soe_ru,-0.066713
2018-02-01,soe_ru,-0.015781
2018-03-01,soe_ru,0.010773999999999999
2018-04-01,soe_ru,6.63e-4
2018-05-01,soe_ru,0.021145999999999998
2018-06-01,soe_ru,-0.002327
2018-07-01,soe_ru,0.007125
2018-08-01,soe_ru,0.049519
2018-09-01,soe_ru,-0.050742
2018-10-01,soe_ru,8.45e-4
2018-11-01,soe_ru,0.055035999999999995
2018-12-01,soe_ru,0.026921
2019-01-01,soe_ru,-0.02473
2019-02-01,soe_ru,0.038189
2019-03-01,soe_ru,0.024032
2019-04-01,soe_ru,-0.039869
2019-05-01,soe_ru,-0.048430999999999995
2019-06-01,soe_ru,-0.0069169999999999995
2019-07-01,soe_ru,-0.002159
2019-08-01,soe_ru,0.059972000000000004
2019-09-01,soe_ru,0.021137000000000003
2019-10-01,soe_ru,0.006264
2019-11-01,soe_ru,-0.014844999999999999
2019-12-01,soe_ru,0.021457999999999998
2020-01-01,soe_ru,-0.005377
2020-02-01,soe_ru,0.020434
2020-03-01,soe_ru,0.125865
2020-04-01,soe_ru,0.009811
2020-05-01,soe_ru,-0.004743
2020-06-01,soe_ru,-0.022480000000000003
2020-07-01,soe_ru,0.047466
2020-08-01,soe_ru,0.018207
2020-09-01,soe_ru,-0.015203
2020-10-01,soe_ru,0.049572000000000005
2020-11-01,soe_ru,-0.055839
2020-12-01,soe_ru,0.005325
2005-01-01,pe_ru,0.059716
2005-02-01,pe_ru,0.066708
2005-03-01,pe_ru,0.098747
2005-04-01,pe_ru,0.058515
2005-05-01,pe_ru,0.08081300000000001
2005-06-01,pe_ru,-0.032660999999999996
2005-07-01,pe_ru,-0.055832
2005-08-01,pe_ru,-0.028184999999999998
2005-09-01,pe_ru,-0.179562
2005-10-01,pe_ru,-0.001818
2005-11-01,pe_ru,-0.010105
2005-12-01,pe_ru,-0.06607
2006-01-01,pe_ru,0.031104
2006-02-01,pe_ru,-0.064835
2006-03-01,pe_ru,0.086468
2006-04-01,pe_ru,9e-4
2006-05-01,pe_ru,-0.023822999999999997
2006-06-01,pe_ru,0.0027029999999999997
2006-07-01,pe_ru,-0.002314
2006-08-01,pe_ru,-0.038703
2006-09-01,pe_ru,0.071056
2006-10-01,pe_ru,0.038195
2006-11-01,pe_ru,0.047599999999999996
2006-12-01,pe_ru,0.10343400000000001
2007-01-01,pe_ru,0.037786
2007-02-01,pe_ru,0.005903
2007-03-01,pe_ru,-0.007174000000000001
2007-04-01,pe_ru,0.044585
2007-05-01,pe_ru,7.109999999999999e-4
2007-06-01,pe_ru,-0.015798
2007-07-01,pe_ru,-0.019071
2007-08-01,pe_ru,-0.026179
2007-09-01,pe_ru,-0.048117
2007-10-01,pe_ru,-0.039266
2007-11-01,pe_ru,0.028319999999999998
2007-12-01,pe_ru,0.054919
2008-01-01,pe_ru,0.044027000000000004
2008-02-01,pe_ru,-0.025429
2008-03-01,pe_ru,-0.073964
2008-04-01,pe_ru,0.003469
2008-05-01,pe_ru,-0.055060000000000005
2008-06-01,pe_ru,0.049035
2008-07-01,pe_ru,-0.004028
2008-08-01,pe_ru,-0.020746
2008-09-01,pe_ru,0.015862
2008-10-01,pe_ru,0.01118
2008-11-01,pe_ru,-0.028975
2008-12-01,pe_ru,0.068175
2009-01-01,pe_ru,-0.015448
2009-02-01,pe_ru,0.037432
2009-03-01,pe_ru,0.027296
2009-04-01,pe_ru,0.040747
2009-05-01,pe_ru,0.164236
2009-06-01,pe_ru,0.018308
2009-07-01,pe_ru,-0.02368
2009-08-01,pe_ru,0.011564000000000001
2009-09-01,pe_ru,0.032476
2009-10-01,pe_ru,-0.037063
2009-11-01,pe_ru,-7.7e-4
2009-12-01,pe_ru,0.016810000000000002
2010-01-01,pe_ru,-0.046669999999999996
2010-02-01,pe_ru,-0.019415
2010-03-01,pe_ru,-0.010761
2010-04-01,pe_ru,-0.008648
2010-05-01,pe_ru,-0.027677
2010-06-01,pe_ru,0.058653000000000004
2010-07-01,pe_ru,0.018555
2010-08-01,pe_ru,0.007672
2010-09-01,pe_ru,0.08144299999999999
2010-10-01,pe_ru,0.034856
2010-11-01,pe_ru,0.029088
2010-12-01,pe_ru,0.022274
2011-01-01,pe_ru,-0.064547
2011-02-01,pe_ru,-0.029910000000000003
2011-03-01,pe_ru,-0.025483
2011-04-01,pe_ru,-0.058474000000000005
2011-05-01,pe_ru,0.042172999999999995
2011-06-01,pe_ru,-0.011666000000000001
2011-07-01,pe_ru,0.040308000000000004
2011-08-01,pe_ru,-0.0052239999999999995
2011-09-01,pe_ru,-0.04062299999999999
2011-10-01,pe_ru,0.01675
2011-11-01,pe_ru,-0.003942
2011-12-01,pe_ru,-0.016875
2012-01-01,pe_ru,-0.045891
2012-02-01,pe_ru,-0.003606
2012-03-01,pe_ru,0.021320000000000002
2012-04-01,pe_ru,0.015097000000000001
2012-05-01,pe_ru,0.014273000000000001
2012-06-01,pe_ru,0.034934
2012-07-01,pe_ru,0.031903
2012-08-01,pe_ru,-0.021247
2012-09-01,pe_ru,-0.017633
2012-10-01,pe_ru,0.022208000000000002
2012-11-01,pe_ru,-0.016797
2012-12-01,pe_ru,-0.026614
2013-01-01,pe_ru,0.0074080000000000005
2013-02-01,pe_ru,0.011838
2013-03-01,pe_ru,-4.71e-4
2013-04-01,pe_ru,0.00943
2013-05-01,pe_ru,0.023204
2013-06-01,pe_ru,0.007346
2013-07-01,pe_ru,-0.058895
2013-08-01,pe_ru,0.0294
2013-09-01,pe_ru,-0.025714
2013-10-01,pe_ru,0.015634
2013-11-01,pe_ru,0.014601
2013-12-01,pe_ru,0.019725
2014-01-01,pe_ru,-0.041292999999999996
2014-02-01,pe_ru,0.046292
2014-03-01,pe_ru,-0.023214000000000002
2014-04-01,pe_ru,0.011177
2014-05-01,pe_ru,0.016828
2014-06-01,pe_ru,0.005697
2014-07-01,pe_ru,0.049382
2014-08-01,pe_ru,0.016041
2014-09-01,pe_ru,0.004863
2014-10-01,pe_ru,0.032092999999999997
2014-11-01,pe_ru,0.011109
2014-12-01,pe_ru,-0.001684
2015-01-01,pe_ru,0.045866
2015-02-01,pe_ru,-0.07198299999999999
2015-03-01,pe_ru,0.006643
2015-04-01,pe_ru,-0.066589
2015-05-01,pe_ru,0.047584
2015-06-01,pe_ru,0.018414
2015-07-01,pe_ru,0.005781
2015-08-01,pe_ru,0.017362
2015-09-01,pe_ru,-0.044786
2015-10-01,pe_ru,-0.08535500000000001
2015-11-01,pe_ru,0.006451
2015-12-01,pe_ru,-0.033473
2016-01-01,pe_ru,-0.044536
2016-02-01,pe_ru,-0.025548
2016-03-01,pe_ru,-0.012694
2016-04-01,pe_ru,-0.011593
2016-05-01,pe_ru,0.073915
2016-06-01,pe_ru,-0.021741
2016-07-01,pe_ru,0.042214
2016-08-01,pe_ru,-0.00161
2016-09-01,pe_ru,0.011562
2016-10-01,pe_ru,0.013758
2016-11-01,pe_ru,-0.015517000000000001
2016-12-01,pe_ru,0.0016020000000000001
2017-01-01,pe_ru,-0.021144
2017-02-01,pe_ru,0.024889
2017-03-01,pe_ru,-0.020791
2017-04-01,pe_ru,-0.055330000000000004
2017-05-01,pe_ru,0.014972000000000001
2017-06-01,pe_ru,0.046977000000000005
2017-07-01,pe_ru,-0.049828000000000004
2017-08-01,pe_ru,-0.022562000000000002
2017-09-01,pe_ru,0.006651000000000001
2017-10-01,pe_ru,-0.015759000000000002
2017-11-01,pe_ru,-0.099709
2017-12-01,pe_ru,0.014305000000000002
2018-01-01,pe_ru,-0.041515
2018-02-01,pe_ru,-0.020886000000000002
2018-03-01,pe_ru,-5.78e-4
2018-04-01,pe_ru,0.085245
2018-05-01,pe_ru,0.026949
2018-06-01,pe_ru,0.012884
2018-07-01,pe_ru,0.026951
2018-08-01,pe_ru,0.078893
2018-09-01,pe_ru,-0.008464000000000001
2018-10-01,pe_ru,-0.006142999999999999
2018-11-01,pe_ru,-0.011757
2018-12-01,pe_ru,0.03691
2019-01-01,pe_ru,-0.06875300000000001
2019-02-01,pe_ru,-0.013099000000000001
2019-03-01,pe_ru,-0.012796
2019-04-01,pe_ru,0.02579
2019-05-01,pe_ru,-0.058794000000000006
2019-06-01,pe_ru,-0.028014999999999998
2019-07-01,pe_ru,0.021753
2019-08-01,pe_ru,0.027148
2019-09-01,pe_ru,-0.009857
2019-10-01,pe_ru,-0.065339
2019-11-01,pe_ru,-0.011998
2019-12-01,pe_ru,-0.001874
2020-01-01,pe_ru,0.081836
2020-02-01,pe_ru,0.026819000000000003
2020-03-01,pe_ru,0.048635000000000005
2020-04-01,pe_ru,-0.0030159999999999996
2020-05-01,pe_ru,-0.011325
2020-06-01,pe_ru,-0.017046
2020-07-01,pe_ru,0.038714
2020-08-01,pe_ru,0.021839
2020-09-01,pe_ru,0.009642
2020-10-01,pe_ru,0.021694
2020-11-01,pe_ru,-0.069418
2020-12-01,pe_ru,-0.057263
2005-01-01,rmrf_ru_fixed,0.03155062480061794
2005-02-01,rmrf_ru_fixed,0.0936158225911525
2005-03-01,rmrf_ru_fixed,-0.06980907725589307
2005-04-01,rmrf_ru_fixed,-0.01764098795792276
2005-05-01,rmrf_ru_fixed,0.005814161063855858
2005-06-01,rmrf_ru_fixed,0.05086601320162391
2005-07-01,rmrf_ru_fixed,0.0837706222014994
2005-08-01,rmrf_ru_fixed,0.11554046115962875
2005-09-01,rmrf_ru_fixed,0.12731021191400374
2005-10-01,rmrf_ru_fixed,-0.0670430519023693
2005-11-01,rmrf_ru_fixed,0.11041231360734896
2005-12-01,rmrf_ru_fixed,0.061050559749855245
2006-01-01,rmrf_ru_fixed,0.152594360953557
2006-02-01,rmrf_ru_fixed,0.11831536967607265
2006-03-01,rmrf_ru_fixed,-0.024693304938826557
2006-04-01,rmrf_ru_fixed,0.13457966182276
2006-05-01,rmrf_ru_fixed,-0.14830783805562214
2006-06-01,rmrf_ru_fixed,0.033054517621022676
2006-07-01,rmrf_ru_fixed,0.026955207839718196
2006-08-01,rmrf_ru_fixed,0.04377396729572183
2006-09-01,rmrf_ru_fixed,-0.06569695220291
2006-10-01,rmrf_ru_fixed,0.03384386668180109
2006-11-01,rmrf_ru_fixed,0.07766671993854374
2006-12-01,rmrf_ru_fixed,0.08346469556536754
2007-01-01,rmrf_ru_fixed,-0.025194604753840034
2007-02-01,rmrf_ru_fixed,-0.009074700267189293
2007-03-01,rmrf_ru_fixed,0.016957917885381157
2007-04-01,rmrf_ru_fixed,-0.009104856730067152
2007-05-01,rmrf_ru_fixed,-0.08370737315792164
2007-06-01,rmrf_ru_fixed,0.05287759090771611
2007-07-01,rmrf_ru_fixed,0.035170035667263955
2007-08-01,rmrf_ru_fixed,-0.041252214137473375
2007-09-01,rmrf_ru_fixed,0.04104261646697779
2007-10-01,rmrf_ru_fixed,0.05703192453798689
2007-11-01,rmrf_ru_fixed,-0.02056269012369808
2007-12-01,rmrf_ru_fixed,0.012252848039678186
2008-01-01,rmrf_ru_fixed,-0.17110843209703597
2008-02-01,rmrf_ru_fixed,0.04699373426750102
2008-03-01,rmrf_ru_fixed,-0.027973815963929442
2008-04-01,rmrf_ru_fixed,0.015471977550009416
2008-05-01,rmrf_ru_fixed,0.1461361662656111
2008-06-01,rmrf_ru_fixed,-0.09775003303308043
2008-07-01,rmrf_ru_fixed,-0.15289886044425657
2008-08-01,rmrf_ru_fixed,-0.10712209473038789
2008-09-01,rmrf_ru_fixed,-0.245205475560288
2008-10-01,rmrf_ru_fixed,-0.29623632413828693
2008-11-01,rmrf_ru_fixed,-0.17182421255338304
2008-12-01,rmrf_ru_fixed,0.005398419623516436
2009-01-01,rmrf_ru_fixed,0.016593550165287692
2009-02-01,rmrf_ru_fixed,0.056390626629025026
2009-03-01,rmrf_ru_fixed,0.14941904097511644
2009-04-01,rmrf_ru_fixed,0.18004622872613776
2009-05-01,rmrf_ru_fixed,0.20998535019749737
2009-06-01,rmrf_ru_fixed,-0.14455323366029654
2009-07-01,rmrf_ru_fixed,0.07655153274178564
2009-08-01,rmrf_ru_fixed,0.027571648466718356
2009-09-01,rmrf_ru_fixed,0.08752777228406274
2009-10-01,rmrf_ru_fixed,0.024901780677264895
2009-11-01,rmrf_ru_fixed,0.03095414999234755
2009-12-01,rmrf_ru_fixed,0.0588217489682332
2010-01-01,rmrf_ru_fixed,0.03940078538961442
2010-02-01,rmrf_ru_fixed,-0.06784769994616262
2010-03-01,rmrf_ru_fixed,0.08095969156103529
2010-04-01,rmrf_ru_fixed,-0.016508892538273985
2010-05-01,rmrf_ru_fixed,-0.07881316880543458
2010-06-01,rmrf_ru_fixed,-0.023441215985503753
2010-07-01,rmrf_ru_fixed,0.060901523403364806
2010-08-01,rmrf_ru_fixed,-0.024599261968488658
2010-09-01,rmrf_ru_fixed,0.04582716654341329
2010-10-01,rmrf_ru_fixed,0.05110142655523748
2010-11-01,rmrf_ru_fixed,0.021320167492267117
2010-12-01,rmrf_ru_fixed,0.07492882409163643
2011-01-01,rmrf_ru_fixed,0.024984332869867402
2011-02-01,rmrf_ru_fixed,0.02589387256748525
2011-03-01,rmrf_ru_fixed,0.013315438306489024
2011-04-01,rmrf_ru_fixed,-0.046136998321726026
2011-05-01,rmrf_ru_fixed,-0.0501660256507807
2011-06-01,rmrf_ru_fixed,-0.0064769414730573936
2011-07-01,rmrf_ru_fixed,0.01825638852391294
2011-08-01,rmrf_ru_fixed,-0.08638948175173382
2011-09-01,rmrf_ru_fixed,-0.12288894120996359
2011-10-01,rmrf_ru_fixed,0.09004044213891767
2011-11-01,rmrf_ru_fixed,-0.0056724504533353735
2011-12-01,rmrf_ru_fixed,-0.07144620207967294
2012-01-01,rmrf_ru_fixed,0.07293639788591406
2012-02-01,rmrf_ru_fixed,0.0500915726664564
2012-03-01,rmrf_ru_fixed,-0.05707496593183086
2012-04-01,rmrf_ru_fixed,-0.03546789209013846
2012-05-01,rmrf_ru_fixed,-0.12018479966247834
2012-06-01,rmrf_ru_fixed,0.05619010973588844
2012-07-01,rmrf_ru_fixed,0.01113820460064292
2012-08-01,rmrf_ru_fixed,0.029122694880088628
2012-09-01,rmrf_ru_fixed,0.01952393285708209
2012-10-01,rmrf_ru_fixed,-0.027202969394366103
2012-11-01,rmrf_ru_fixed,-0.02043812478114488
2012-12-01,rmrf_ru_fixed,0.04231639836346031
2013-01-01,rmrf_ru_fixed,0.04304085949826193
2013-02-01,rmrf_ru_fixed,-0.04179569384011739
2013-03-01,rmrf_ru_fixed,-0.038946737985024835
2013-04-01,rmrf_ru_fixed,-0.043412141013211065
2013-05-01,rmrf_ru_fixed,-0.03277312339972831
2013-06-01,rmrf_ru_fixed,-0.020766570616918507
2013-07-01,rmrf_ru_fixed,0.03189689485770593
2013-08-01,rmrf_ru_fixed,0.011491323704880221
2013-09-01,rmrf_ru_fixed,0.06530440773076478
2013-10-01,rmrf_ru_fixed,0.031121382493989002
2013-11-01,rmrf_ru_fixed,-0.023844931267624183
2013-12-01,rmrf_ru_fixed,0.012195861542288255
2014-01-01,rmrf_ru_fixed,-0.03722746338073467
2014-02-01,rmrf_ru_fixed,-0.007092790065380032
2014-03-01,rmrf_ru_fixed,-0.05687434963310721
2014-04-01,rmrf_ru_fixed,-0.05127897966109562
2014-05-01,rmrf_ru_fixed,0.09012780105051593
2014-06-01,rmrf_ru_fixed,0.03601390334221244
2014-07-01,rmrf_ru_fixed,-0.048245974258951774
2014-08-01,rmrf_ru_fixed,0.008503565902566467
2014-09-01,rmrf_ru_fixed,0.0010515275841146378
2014-10-01,rmrf_ru_fixed,0.05049469678494018
2014-11-01,rmrf_ru_fixed,0.025391319435302036
2014-12-01,rmrf_ru_fixed,-0.08775446985549286
2015-01-01,rmrf_ru_fixed,0.1654401005706744
2015-02-01,rmrf_ru_fixed,0.054498821793394665
2015-03-01,rmrf_ru_fixed,-0.08823238701643732
2015-04-01,rmrf_ru_fixed,0.02787819624154555
2015-05-01,rmrf_ru_fixed,-0.0541085078509336
2015-06-01,rmrf_ru_fixed,0.022334409386660134
2015-07-01,rmrf_ru_fixed,0.02577516323038623
2015-08-01,rmrf_ru_fixed,0.02867971096545355
2015-09-01,rmrf_ru_fixed,-0.05892826720377147
2015-10-01,rmrf_ru_fixed,0.03504058881822127
2015-11-01,rmrf_ru_fixed,0.025734263233810513
2015-12-01,rmrf_ru_fixed,-0.008570528824468161
2016-01-01,rmrf_ru_fixed,0.005557491675268554
2016-02-01,rmrf_ru_fixed,0.022217480431503726
2016-03-01,rmrf_ru_fixed,0.0074921848641278585
2016-04-01,rmrf_ru_fixed,0.03587267774607145
2016-05-01,rmrf_ru_fixed,-0.035753439615432404
2016-06-01,rmrf_ru_fixed,-0.006614970058985863
2016-07-01,rmrf_ru_fixed,0.04587394504699939
2016-08-01,rmrf_ru_fixed,0.005125614796124955
2016-09-01,rmrf_ru_fixed,-0.00408646543818429
2016-10-01,rmrf_ru_fixed,-3.2911798541346467e-4
2016-11-01,rmrf_ru_fixed,0.0497143099412772
2016-12-01,rmrf_ru_fixed,0.05940383600279797
2017-01-01,rmrf_ru_fixed,-0.015054638844413272
2017-02-01,rmrf_ru_fixed,-0.08957810068114312
2017-03-01,rmrf_ru_fixed,-0.028077586157575274
2017-04-01,rmrf_ru_fixed,0.0031047885172185395
2017-05-01,rmrf_ru_fixed,-0.0640097782945308
2017-06-01,rmrf_ru_fixed,-0.005624691598480303
2017-07-01,rmrf_ru_fixed,0.040017621093421975
2017-08-01,rmrf_ru_fixed,0.04618362747613467
2017-09-01,rmrf_ru_fixed,0.021827174647462404
2017-10-01,rmrf_ru_fixed,-0.009599819451142223
2017-11-01,rmrf_ru_fixed,0.010807257600082656
2017-12-01,rmrf_ru_fixed,0.004477272358718158
2018-01-01,rmrf_ru_fixed,0.0794040565256589
2018-02-01,rmrf_ru_fixed,-0.0029727715099495244
2018-03-01,rmrf_ru_fixed,-0.01754404239621349
2018-04-01,rmrf_ru_fixed,0.009909565353794454
2018-05-01,rmrf_ru_fixed,-0.005852330966657333
2018-06-01,rmrf_ru_fixed,0.004876865262000214
2018-07-01,rmrf_ru_fixed,0.028424648024234993
2018-08-01,rmrf_ru_fixed,0.006465521794458744
2018-09-01,rmrf_ru_fixed,0.05388908184145908
2018-10-01,rmrf_ru_fixed,-0.0487904651610071
2018-11-01,rmrf_ru_fixed,0.010747146560075919
2018-12-01,rmrf_ru_fixed,-0.010825875839358512
2019-01-01,rmrf_ru_fixed,0.06032215999313679
2019-02-01,rmrf_ru_fixed,-0.019937801168531014
2019-03-01,rmrf_ru_fixed,-0.0018221849771854993
2019-04-01,rmrf_ru_fixed,0.018547894741833326
2019-05-01,rmrf_ru_fixed,0.04055273441061697
2019-06-01,rmrf_ru_fixed,0.05072537104568492
2019-07-01,rmrf_ru_fixed,0.010930188654838913
2019-08-01,rmrf_ru_fixed,-0.005960504578285737
2019-09-01,rmrf_ru_fixed,2.222311705975602e-4
2019-10-01,rmrf_ru_fixed,0.05630870904704148
2019-11-01,rmrf_ru_fixed,0.008959748386599537
2019-12-01,rmrf_ru_fixed,0.04116227054863667
2020-01-01,rmrf_ru_fixed,0.0065315561400949565
2020-02-01,rmrf_ru_fixed,-0.09941252786418785
2020-03-01,rmrf_ru_fixed,-0.10312606617308948
2020-04-01,rmrf_ru_fixed,0.05156970332407687
2020-05-01,rmrf_ru_fixed,0.03418804088123774
2020-06-01,rmrf_ru_fixed,0.0030243910126659702
2020-07-01,rmrf_ru_fixed,0.08244287491946777
2020-08-01,rmrf_ru_fixed,0.01612542511363289
2020-09-01,rmrf_ru_fixed,-0.02293387961223326
2020-10-01,rmrf_ru_fixed,-0.0621184392090828
2020-11-01,rmrf_ru_fixed,0.15163787779108462
2020-12-01,rmrf_ru_fixed,0.06000042818315541
