month-01,cape_excess_yield
1881-01-01,-0.0104887448
1881-02-01,-0.0113928396
1881-03-01,-0.0131231181
1881-04-01,-0.0075035017
1881-05-01,-0.00888109
1881-06-01,-0.0077324654
1881-07-01,-0.0040478721
1881-08-01,0.0021436052
1881-09-01,0.0055640506
1881-10-01,0.0067240357
1881-11-01,0.0050693074
1881-12-01,0.0048775071
1882-01-01,0.0060631781
1882-02-01,0.0091749224
1882-03-01,0.0079781281
1882-04-01,0.0074981727
1882-05-01,0.0099918348
1882-06-01,0.0127292763
1882-07-01,0.0090931419
1882-08-01,0.0080445141
1882-09-01,0.0024137829
1882-10-01,0.0049450109
1882-11-01,0.0035008618
1882-12-01,0.0031815143
1883-01-01,0.003649445
1883-02-01,0.0047305376
1883-03-01,0.0024952796
1883-04-01,-0.000275395
1883-05-01,0.0015315856
1883-06-01,-0.0007597697
1883-07-01,-0.0028937843
1883-08-01,0.0002171206
1883-09-01,-0.0020348484
1883-10-01,0.0021206135
1883-11-01,0.0026325882
1883-12-01,0.0035706001
1884-01-01,0.0042286422
1884-02-01,0.0025658227
1884-03-01,0.0029697008
1884-04-01,0.0043444055
1884-05-01,0.0077210795
1884-06-01,0.0133359591
1884-07-01,0.0107765829
1884-08-01,0.0071264007
1884-09-01,0.0076948439
1884-10-01,0.0099265401
1884-11-01,0.0084526608
1884-12-01,0.0067139154
1885-01-01,0.0085123158
1885-02-01,0.008292951
1885-03-01,0.0042926132
1885-04-01,0.0057379375
1885-05-01,0.0051448214
1885-06-01,0.0032111126
1885-07-01,0.0027569142
1885-08-01,-0.0016484218
1885-09-01,-0.0017970461
1885-10-01,-0.0052907838
1885-11-01,-0.0062733325
1885-12-01,-0.0011325526
1886-01-01,-0.0038685591
1886-02-01,-0.0051008241
1886-03-01,-0.0058162973
1886-04-01,-0.0061157463
1886-05-01,-0.0053582071
1886-06-01,-0.0072154381
1886-07-01,-0.0061632867
1886-08-01,-0.0056081304
1886-09-01,-0.0079534563
1886-10-01,-0.0110920026
1886-11-01,-0.0132473919
1886-12-01,-0.0116704753
1887-01-01,-0.0090202887
1887-02-01,-0.0041399718
1887-03-01,-0.0009743604
1887-04-01,-0.004920784
1887-05-01,-0.0075842112
1887-06-01,-0.0023459262
1887-07-01,-0.0036613785
1887-08-01,0.0034779576
1887-09-01,0.0033621785
1887-10-01,0.0074165025
1887-11-01,0.0101223849
1887-12-01,0.0142970283
1888-01-01,0.0187204156
1888-02-01,0.0185459736
1888-03-01,0.0234847757
1888-04-01,0.022632996
1888-05-01,0.0233200272
1888-06-01,0.0258985373
1888-07-01,0.0252590129
1888-08-01,0.0229745752
1888-09-01,0.0216148865
1888-10-01,0.0251568771
1888-11-01,0.0296777256
1888-12-01,0.0333778407
1889-01-01,0.0252788756
1889-02-01,0.0214483016
1889-03-01,0.02189543
1889-04-01,0.0231285368
1889-05-01,0.0175118182
1889-06-01,0.0176552251
1889-07-01,0.0176535496
1889-08-01,0.0168399635
1889-09-01,0.0139601013
1889-10-01,0.0095907593
1889-11-01,0.0050333918
1889-12-01,0.0043897649
1890-01-01,-0.002955559
1890-02-01,-0.0024631021
1890-03-01,-0.003114404
1890-04-01,-0.000757033
1890-05-01,0.0014888374
1890-06-01,0.0036494746
1890-07-01,0.00378843
1890-08-01,0.0105999423
1890-09-01,0.0121801076
1890-10-01,0.0147569778
1890-11-01,0.0144792932
1890-12-01,0.0147437831
1891-01-01,0.0099493808
1891-02-01,0.0099700471
1891-03-01,0.012986888
1891-04-01,0.0116487527
1891-05-01,0.0108227411
1891-06-01,0.0080978879
1891-07-01,0.0061039371
1891-08-01,0.0020408967
1891-09-01,-0.0082668332
1891-10-01,-0.009170423
1891-11-01,-0.0093283282
1891-12-01,-0.0109731545
1892-01-01,-0.0157807154
1892-02-01,-0.0168609614
1892-03-01,-0.0213941004
1892-04-01,-0.0242210727
1892-05-01,-0.0251435802
1892-06-01,-0.0257769788
1892-07-01,-0.0209981018
1892-08-01,-0.0207150909
1892-09-01,-0.0167745114
1892-10-01,-0.0169715207
1892-11-01,-0.0120595269
1892-12-01,-0.008686893
1893-01-01,-0.0041021548
1893-02-01,-0.0020583818
1893-03-01,-0.002664984
1893-04-01,-0.0035887992
1893-05-01,0.0010804606
1893-06-01,0.0030336803
1893-07-01,0.0073343908
1893-08-01,0.0023197397
1893-09-01,0.0053443004
1893-10-01,0.005529562
1893-11-01,0.0012583785
1893-12-01,0.0003074989
1894-01-01,-0.0028314225
1894-02-01,-0.0058029214
1894-03-01,-0.0119050717
1894-04-01,-0.0105147834
1894-05-01,-0.0061149548
1894-06-01,-0.0051897331
1894-07-01,-0.0027700207
1894-08-01,-0.0004167758
1894-09-01,0.0019768624
1894-10-01,0.0005772498
1894-11-01,0.0028246637
1894-12-01,0.0022655091
1895-01-01,0.0030027892
1895-02-01,0.0024857878
1895-03-01,0.004490944
1895-04-01,0.0073255558
1895-05-01,0.0083761114
1895-06-01,0.011519127
1895-07-01,0.0077553381
1895-08-01,0.0046143263
1895-09-01,0.0052937748
1895-10-01,0.0059598073
1895-11-01,0.0065966071
1895-12-01,0.0055613476
1896-01-01,0.0062604116
1896-02-01,0.0017805234
1896-03-01,0.00405987
1896-04-01,0.0026304574
1896-05-01,0.0031802127
1896-06-01,0.0032653673
1896-07-01,0.0060532997
1896-08-01,0.0085761667
1896-09-01,0.0055058694
1896-10-01,0.0089894799
1896-11-01,0.0096930201
1896-12-01,0.0107363382
1897-01-01,0.0038227048
1897-02-01,0.0031669328
1897-03-01,0.0029851887
1897-04-01,0.0025014578
1897-05-01,-0.0001568868
1897-06-01,-0.001598516
1897-07-01,-0.0027943488
1897-08-01,-0.0005732139
1897-09-01,0.0024584612
1897-10-01,0.0008620891
1897-11-01,0.0016591271
1897-12-01,-0.0017115718
1898-01-01,-0.0041739014
1898-02-01,-0.0005501052
1898-03-01,0.0022245766
1898-04-01,0.0046218682
1898-05-01,0.0130362337
1898-06-01,0.0020330446
1898-07-01,-0.0011232274
1898-08-01,-0.0025961972
1898-09-01,-0.0021445693
1898-10-01,-0.0018673158
1898-11-01,-0.0042081024
1898-12-01,-0.0046050712
1899-01-01,-0.0040674293
1899-02-01,-0.0004102599
1899-03-01,0.0003139377
1899-04-01,0.0018540733
1899-05-01,0.0063341791
1899-06-01,0.0095015041
1899-07-01,0.010012959
1899-08-01,0.0109207747
1899-09-01,0.0159898219
1899-10-01,0.0182436473
1899-11-01,0.0193247743
1899-12-01,0.0237717005
1900-01-01,0.0257378116
1900-02-01,0.026897653
1900-03-01,0.0267343071
1900-04-01,0.0263242499
1900-05-01,0.0242328587
1900-06-01,0.0242863931
1900-07-01,0.0265083722
1900-08-01,0.0205030006
1900-09-01,0.0229104467
1900-10-01,0.0193076135
1900-11-01,0.0179748126
1900-12-01,0.0134902674
1901-01-01,0.0154413629
1901-02-01,0.011385946
1901-03-01,0.0087471301
1901-04-01,0.002473622
1901-05-01,0.0059728054
1901-06-01,0.0045684934
1901-07-01,0.0105647383
1901-08-01,0.0118661885
1901-09-01,0.0152054207
1901-10-01,0.0158102567
1901-11-01,0.0179774896
1901-12-01,0.0205474496
1902-01-01,0.0204939743
1902-02-01,0.0201554814
1902-03-01,0.0228084652
1902-04-01,0.0244711149
1902-05-01,0.0263423827
1902-06-01,0.0283712121
1902-07-01,0.0247093359
1902-08-01,0.0205953725
1902-09-01,0.0222664998
1902-10-01,0.0337912355
1902-11-01,0.028188899
1902-12-01,0.0298818221
1903-01-01,0.0254615155
1903-02-01,0.0246869476
1903-03-01,0.0242107045
1903-04-01,0.0277605817
1903-05-01,0.0266817246
1903-06-01,0.0325161246
1903-07-01,0.0380459524
1903-08-01,0.0442933462
1903-09-01,0.0438226186
1903-10-01,0.0429265111
1903-11-01,0.0436635307
1903-12-01,0.042371395
1904-01-01,0.0481489554
1904-02-01,0.0553570231
1904-03-01,0.0567927221
1904-04-01,0.0534956482
1904-05-01,0.0512155871
1904-06-01,0.0513628083
1904-07-01,0.04903155
1904-08-01,0.0462169579
1904-09-01,0.0442990892
1904-10-01,0.0440906925
1904-11-01,0.0449590901
1904-12-01,0.0461129479
1905-01-01,0.0451508441
1905-02-01,0.0431884677
1905-03-01,0.0403296918
1905-04-01,0.0369221392
1905-05-01,0.0367447857
1905-06-01,0.0350980497
1905-07-01,0.0352171559
1905-08-01,0.0368518005
1905-09-01,0.0352874766
1905-10-01,0.0349373787
1905-11-01,0.0373178188
1905-12-01,0.0395886106
1906-01-01,0.0396755669
1906-02-01,0.0416145818
1906-03-01,0.0430017835
1906-04-01,0.0453546415
1906-05-01,0.0502406403
1906-06-01,0.0512290054
1906-07-01,0.0474700962
1906-08-01,0.0473716343
1906-09-01,0.0476819452
1906-10-01,0.0498526245
1906-11-01,0.0476386254
1906-12-01,0.0500437595
1907-01-01,0.0531797293
1907-02-01,0.0587990116
1907-03-01,0.0639599861
1907-04-01,0.0654075495
1907-05-01,0.0733295082
1907-06-01,0.0778015756
1907-07-01,0.0751666906
1907-08-01,0.0766938794
1907-09-01,0.0747736533
1907-10-01,0.0883399315
1907-11-01,0.0859701704
1907-12-01,0.0774087029
1908-01-01,0.0718963826
1908-02-01,0.0719316167
1908-03-01,0.0689194889
1908-04-01,0.0670319878
1908-05-01,0.0563041713
1908-06-01,0.0635053334
1908-07-01,0.0644882284
1908-08-01,0.0616723426
1908-09-01,0.0627248817
1908-10-01,0.0639841557
1908-11-01,0.0614112938
1908-12-01,0.0604315993
1909-01-01,0.0585891126
1909-02-01,0.0595525765
1909-03-01,0.0585959671
1909-04-01,0.0577405599
1909-05-01,0.0572622769
1909-06-01,0.0564145792
1909-07-01,0.0540946265
1909-08-01,0.0528672983
1909-09-01,0.0505373941
1909-10-01,0.0523103042
1909-11-01,0.0530187525
1909-12-01,0.0526095903
1910-01-01,0.0524499864
1910-02-01,0.053847169
1910-03-01,0.0554923694
1910-04-01,0.0589683635
1910-05-01,0.0593978793
1910-06-01,0.0627246646
1910-07-01,0.065622385
1910-08-01,0.0632724934
1910-09-01,0.0597951059
1910-10-01,0.0524897649
1910-11-01,0.0491048535
1910-12-01,0.0524855484
1911-01-01,0.0495676227
1911-02-01,0.0443602788
1911-03-01,0.0470699764
1911-04-01,0.0432591607
1911-05-01,0.0419065529
1911-06-01,0.0406646098
1911-07-01,0.0415201237
1911-08-01,0.0491038965
1911-09-01,0.0538758479
1911-10-01,0.0534474098
1911-11-01,0.0474511949
1911-12-01,0.0440984354
1912-01-01,0.0470476408
1912-02-01,0.0491429307
1912-03-01,0.0502658813
1912-04-01,0.0516416206
1912-05-01,0.0501167007
1912-06-01,0.0468140577
1912-07-01,0.0463556348
1912-08-01,0.0472388738
1912-09-01,0.0469752926
1912-10-01,0.039873848
1912-11-01,0.0436799188
1912-12-01,0.0431497614
1913-01-01,0.0440205828
1913-02-01,0.0470515125
1913-03-01,0.0522102537
1913-04-01,0.052519055
1913-05-01,0.0554485292
1913-06-01,0.0619276367
1913-07-01,0.0628862276
1913-08-01,0.0608385661
1913-09-01,0.0609511612
1913-10-01,0.065108722
1913-11-01,0.0707020157
1913-12-01,0.0691064029
1914-01-01,0.0634215274
1914-02-01,0.0580423272
1914-03-01,0.0607378617
1914-04-01,0.0620107762
1914-05-01,0.0656777188
1914-06-01,0.0659944152
1914-07-01,0.0729622913
1914-08-01,0.0755271025
1914-09-01,0.0742023231
1914-10-01,0.0721227474
1914-11-01,0.071602652
1914-12-01,0.0737548259
1915-01-01,0.0719078236
1915-02-01,0.071334718
1915-03-01,0.068208639
1915-04-01,0.0637034237
1915-05-01,0.0690169539
1915-06-01,0.0681400421
1915-07-01,0.0686261536
1915-08-01,0.0639592409
1915-09-01,0.062216272
1915-10-01,0.0598142127
1915-11-01,0.0578887196
1915-12-01,0.0567696487
1916-01-01,0.0599867916
1916-02-01,0.0610557998
1916-03-01,0.0630635914
1916-04-01,0.0657487226
1916-05-01,0.0645796203
1916-06-01,0.0655912552
1916-07-01,0.070364501
1916-08-01,0.0692554634
1916-09-01,0.0683081138
1916-10-01,0.0670314889
1916-11-01,0.0675216133
1916-12-01,0.0718120503
1917-01-01,0.0770000618
1917-02-01,0.0855316697
1917-03-01,0.0837977454
1917-04-01,0.0954048914
1917-05-01,0.1003078441
1917-06-01,0.1004467065
1917-07-01,0.1003175412
1917-08-01,0.10721879
1917-09-01,0.1184226442
1917-10-01,0.1282208558
1917-11-01,0.1449824367
1917-12-01,0.1563399992
1918-01-01,0.1541154491
1918-02-01,0.1528923566
1918-03-01,0.1543629176
1918-04-01,0.158549154
1918-05-01,0.159370491
1918-06-01,0.1628850485
1918-07-01,0.1676420933
1918-08-01,0.1714794979
1918-09-01,0.1775520576
1918-10-01,0.1748179518
1918-11-01,0.1746379741
1918-12-01,0.1799828351
1919-01-01,0.1821311333
1919-02-01,0.1749565207
1919-03-01,0.1729319075
1919-04-01,0.1698149747
1919-05-01,0.1611409584
1919-06-01,0.1556552693
1919-07-01,0.1577288212
1919-08-01,0.1706409636
1919-09-01,0.1679234143
1919-10-01,0.1619225775
1919-11-01,0.170285577
1919-12-01,0.1788410589
1920-01-01,0.1863420962
1920-02-01,0.2036970333
1920-03-01,0.19179384
1920-04-01,0.2000270235
1920-05-01,0.2176673789
1920-06-01,0.2257060923
1920-07-01,0.2236472675
1920-08-01,0.2243164347
1920-09-01,0.2132697127
1920-10-01,0.2139375631
1920-11-01,0.2236893806
1920-12-01,0.2353400609
1921-01-01,0.2192079629
1921-02-01,0.2141431784
1921-03-01,0.2160920578
1921-04-01,0.2152085818
1921-05-01,0.2029534232
1921-06-01,0.2164477504
1921-07-01,0.2172313713
1921-08-01,0.2158515787
1921-09-01,0.2064012363
1921-10-01,0.2036068699
1921-11-01,0.1935377083
1921-12-01,0.1869675232
1922-01-01,0.1795195618
1922-02-01,0.1740801068
1922-03-01,0.1624325731
1922-04-01,0.1501186002
1922-05-01,0.1442706925
1922-06-01,0.145879818
1922-07-01,0.1456932746
1922-08-01,0.1364824358
1922-09-01,0.131706425
1922-10-01,0.1298924866
1922-11-01,0.1369059804
1922-12-01,0.1390405134
1923-01-01,0.1344148699
1923-02-01,0.1292158155
1923-03-01,0.1272114755
1923-04-01,0.1325894359
1923-05-01,0.1394810836
1923-06-01,0.1446254893
1923-07-01,0.1508203145
1923-08-01,0.1487019019
1923-09-01,0.1482108553
1923-10-01,0.1516527076
1923-11-01,0.1467063621
1923-12-01,0.1435374023
1924-01-01,0.1396233589
1924-02-01,0.1388761965
1924-03-01,0.1400079261
1924-04-01,0.1427333486
1924-05-01,0.1422100074
1924-06-01,0.1399872918
1924-07-01,0.1348788781
1924-08-01,0.1276893074
1924-09-01,0.1302879751
1924-10-01,0.1343520172
1924-11-01,0.1272151759
1924-12-01,0.1239289192
1925-01-01,0.1198628709
1925-02-01,0.1190010285
1925-03-01,0.1241625013
1925-04-01,0.1231034037
1925-05-01,0.1200769853
1925-06-01,0.1207337279
1925-07-01,0.1203679012
1925-08-01,0.1190595223
1925-09-01,0.1168386461
1925-10-01,0.1127116398
1925-11-01,0.1121687069
1925-12-01,0.1095786522
1926-01-01,0.1071766661
1926-02-01,0.1070847533
1926-03-01,0.1113169892
1926-04-01,0.1140362194
1926-05-01,0.1111074655
1926-06-01,0.1045609564
1926-07-01,0.0985973903
1926-08-01,0.0931367709
1926-09-01,0.0908304118
1926-10-01,0.0915290188
1926-11-01,0.0893674772
1926-12-01,0.0863476605
1927-01-01,0.0835210825
1927-02-01,0.0778098449
1927-03-01,0.075133225
1927-04-01,0.0678553773
1927-05-01,0.0644682565
1927-06-01,0.0635362901
1927-07-01,0.060442435
1927-08-01,0.0543518219
1927-09-01,0.0494303991
1927-10-01,0.0493993387
1927-11-01,0.0469483741
1927-12-01,0.0439260427
1928-01-01,0.0412646378
1928-02-01,0.0389500269
1928-03-01,0.0365953529
1928-04-01,0.0318237153
1928-05-01,0.0288254909
1928-06-01,0.028629213
1928-07-01,0.0253000928
1928-08-01,0.0216024904
1928-09-01,0.0181212946
1928-10-01,0.0143450798
1928-11-01,0.0096446681
1928-12-01,0.007326401
1929-01-01,0.004501454
1929-02-01,0.0065369906
1929-03-01,0.0042490484
1929-04-01,0.002239542
1929-05-01,0.0017264044
1929-06-01,0.0022656305
1929-07-01,-0.001618583
1929-08-01,-0.0047089853
1929-09-01,-0.0060695163
1929-10-01,-0.003656227
1929-11-01,0.0071336923
1929-12-01,0.002900008
1930-01-01,-0.0001082264
1930-02-01,-0.0043688622
1930-03-01,-0.0075243722
1930-04-01,-0.0119147697
1930-05-01,-0.0115339833
1930-06-01,-0.0089774381
1930-07-01,-0.0090462645
1930-08-01,-0.0067573794
1930-09-01,-0.0042387408
1930-10-01,0.0030636907
1930-11-01,0.0070525207
1930-12-01,0.0104549221
1931-01-01,0.00880631
1931-02-01,0.0056344747
1931-03-01,0.0040196373
1931-04-01,0.0096311144
1931-05-01,0.0159297035
1931-06-01,0.016369825
1931-07-01,0.0135850278
1931-08-01,0.015493992
1931-09-01,0.0270533108
1931-10-01,0.0378135665
1931-11-01,0.0346451909
1931-12-01,0.0541151649
1932-01-01,0.0540169821
1932-02-01,0.0526590801
1932-03-01,0.0525714393
1932-04-01,0.0849792577
1932-05-01,0.1013003326
1932-06-01,0.124109761
1932-07-01,0.1154099184
1932-08-01,0.0580898534
1932-09-01,0.046926287
1932-10-01,0.0614115953
1932-11-01,0.0606126862
1932-12-01,0.0625514315
1933-01-01,0.0554038506
1933-02-01,0.0672467476
1933-03-01,0.0658475904
1933-04-01,0.0530783084
1933-05-01,0.0274901632
1933-06-01,0.0152940455
1933-07-01,0.0136921835
1933-08-01,0.0193802198
1933-09-01,0.0194265398
1933-10-01,0.0271360424
1933-11-01,0.025048617
1933-12-01,0.0233765259
1934-01-01,0.0188883055
1934-02-01,0.0154916381
1934-03-01,0.0199775837
1934-04-01,0.0193521564
1934-05-01,0.027744982
1934-06-01,0.0280420452
1934-07-01,0.0315302914
1934-08-01,0.0355880815
1934-09-01,0.0400187816
1934-10-01,0.0373663773
1934-11-01,0.0349643602
1934-12-01,0.0325188804
1935-01-01,0.0353110252
1935-02-01,0.0399112901
1935-03-01,0.0454421528
1935-04-01,0.0407226122
1935-05-01,0.0336500432
1935-06-01,0.0282479192
1935-07-01,0.0232537554
1935-08-01,0.0185216738
1935-09-01,0.0170952391
1935-10-01,0.0153064654
1935-11-01,0.0090440331
1935-12-01,0.0095898296
1936-01-01,0.0063450084
1936-02-01,0.0030319918
1936-03-01,0.0011986641
1936-04-01,0.0004605313
1936-05-01,0.0038968865
1936-06-01,0.0031610942
1936-07-01,0.0022336429
1936-08-01,0.0027788018
1936-09-01,0.0015801041
1936-10-01,-0.0015323637
1936-11-01,-0.0034157639
1936-12-01,-0.0026171082
1937-01-01,-0.0019147818
1937-02-01,-0.0025544666
1937-03-01,-0.000785241
1937-04-01,0.0032817335
1937-05-01,0.0062037965
1937-06-01,0.0072755469
1937-07-01,0.0071982378
1937-08-01,0.0074561423
1937-09-01,0.0165292955
1937-10-01,0.0263379832
1937-11-01,0.0326978686
1937-12-01,0.0329923814
1938-01-01,0.0288584668
1938-02-01,0.0308584581
1938-03-01,0.0364209898
1938-04-01,0.0413090732
1938-05-01,0.0387763907
1938-06-01,0.0375016444
1938-07-01,0.0239978053
1938-08-01,0.0235591026
1938-09-01,0.0255044947
1938-10-01,0.0177872749
1938-11-01,0.0176130366
1938-12-01,0.019895869
1939-01-01,0.0207006682
1939-02-01,0.0198570141
1939-03-01,0.0202947824
1939-04-01,0.0285690365
1939-05-01,0.0252130622
1939-06-01,0.0232257148
1939-07-01,0.0202835604
1939-08-01,0.0210619667
1939-09-01,0.0179343735
1939-10-01,0.0160312617
1939-11-01,0.0169512153
1939-12-01,0.0188237271
1940-01-01,0.0184499262
1940-02-01,0.0205553672
1940-03-01,0.0215156052
1940-04-01,0.020405333
1940-05-01,0.0308447546
1940-06-01,0.0394743006
1940-07-01,0.0371046911
1940-08-01,0.0363838997
1940-09-01,0.0330920668
1940-10-01,0.0333459335
1940-11-01,0.0326902442
1940-12-01,0.0390053322
1941-01-01,0.0404783844
1941-02-01,0.0462896331
1941-03-01,0.0474771593
1941-04-01,0.0516539285
1941-05-01,0.0558316309
1941-06-01,0.057901603
1941-07-01,0.0537310406
1941-08-01,0.05642892
1941-09-01,0.0591996952
1941-10-01,0.0656997572
1941-11-01,0.0725578502
1941-12-01,0.0809662774
1942-01-01,0.0837772443
1942-02-01,0.0901432772
1942-03-01,0.0998948472
1942-04-01,0.1072142123
1942-05-01,0.1104579169
1942-06-01,0.1059235376
1942-07-01,0.103531272
1942-08-01,0.1065644605
1942-09-01,0.1065204375
1942-10-01,0.1025261566
1942-11-01,0.1032313933
1942-12-01,0.1050825805
1943-01-01,0.1011936524
1943-02-01,0.0976544491
1943-03-01,0.0990552166
1943-04-01,0.0986649543
1943-05-01,0.0966736074
1943-06-01,0.0946677679
1943-07-01,0.0889738776
1943-08-01,0.0918615
1943-09-01,0.0914561326
1943-10-01,0.0926222446
1943-11-01,0.0972913525
1943-12-01,0.0963515487
1944-01-01,0.0936884372
1944-02-01,0.0938681151
1944-03-01,0.0917075156
1944-04-01,0.0947208231
1944-05-01,0.0934501683
1944-06-01,0.0900071508
1944-07-01,0.0891596596
1944-08-01,0.0907058214
1944-09-01,0.0909055028
1944-10-01,0.0898153323
1944-11-01,0.0906940701
1944-12-01,0.0909300413
1945-01-01,0.0871870888
1945-02-01,0.084001739
1945-03-01,0.0842730033
1945-04-01,0.0816945396
1945-05-01,0.0799618572
1945-06-01,0.0814532594
1945-07-01,0.0831611147
1945-08-01,0.0830201689
1945-09-01,0.0782159727
1945-10-01,0.0754599425
1945-11-01,0.0726460347
1945-12-01,0.0725881747
1946-01-01,0.0701693433
1946-02-01,0.0689906158
1946-03-01,0.0734462337
1946-04-01,0.0702256491
1946-05-01,0.0708396061
1946-06-01,0.0721005727
1946-07-01,0.0827394456
1946-08-01,0.0865983815
1946-09-01,0.1005158302
1946-10-01,0.1058484707
1946-11-01,0.1104665985
1946-12-01,0.1093123006
1947-01-01,0.1077796742
1947-02-01,0.1041170862
1947-03-01,0.11005042
1947-04-01,0.1123052766
1947-05-01,0.1128485529
1947-06-01,0.1102312645
1947-07-01,0.1055605736
1947-08-01,0.1095109224
1947-09-01,0.1150868921
1947-10-01,0.1123965955
1947-11-01,0.1146991921
1947-12-01,0.1191319709
1948-01-01,0.1241332564
1948-02-01,0.1281205008
1948-03-01,0.1259451569
1948-04-01,0.1216950031
1948-05-01,0.1191806717
1948-06-01,0.1175348114
1948-07-01,0.1224324282
1948-08-01,0.1264155816
1948-09-01,0.128030933
1948-10-01,0.1260748553
1948-11-01,0.130517324
1948-12-01,0.1310378342
1949-01-01,0.1298559844
1949-02-01,0.1334350341
1949-03-01,0.1331319178
1949-04-01,0.1355435854
1949-05-01,0.1360556745
1949-06-01,0.1435967889
1949-07-01,0.1365317543
1949-08-01,0.1343648814
1949-09-01,0.1321939924
1949-10-01,0.1292068454
1949-11-01,0.1291995598
1949-12-01,0.1253875217
1950-01-01,0.1237745133
1950-02-01,0.1213966517
1950-03-01,0.1216408023
1950-04-01,0.1192426612
1950-05-01,0.1172669399
1950-06-01,0.1160531258
1950-07-01,0.1262465583
1950-08-01,0.1226069091
1950-09-01,0.1204616466
1950-10-01,0.1186582358
1950-11-01,0.1197726693
1950-12-01,0.1218935313
1951-01-01,0.1189875916
1951-02-01,0.1184405515
1951-03-01,0.1200966368
1951-04-01,0.1184867607
1951-05-01,0.1186814441
1951-06-01,0.1182065888
1951-07-01,0.1169269721
1951-08-01,0.1120895662
1951-09-01,0.1101696347
1951-10-01,0.1099770143
1951-11-01,0.1131357504
1951-12-01,0.1107106707
1952-01-01,0.1067699964
1952-02-01,0.1062306802
1952-03-01,0.1047945238
1952-04-01,0.105203894
1952-05-01,0.1040653797
1952-06-01,0.1027081621
1952-07-01,0.1013275881
1952-08-01,0.1005068318
1952-09-01,0.1019276474
1952-10-01,0.1025510984
1952-11-01,0.0995385524
1952-12-01,0.0959377827
1953-01-01,0.0949636274
1953-02-01,0.0957663076
1953-03-01,0.0947610264
1953-04-01,0.0972681975
1953-05-01,0.0950102952
1953-06-01,0.0984672659
1953-07-01,0.0999444923
1953-08-01,0.100990824
1953-09-01,0.1056003716
1953-10-01,0.1060975756
1953-11-01,0.1036091438
1953-12-01,0.1037026908
1954-01-01,0.1030434523
1954-02-01,0.1016947273
1954-03-01,0.1013431368
1954-04-01,0.0981135056
1954-05-01,0.0953500617
1954-06-01,0.0943975892
1954-07-01,0.0920353331
1954-08-01,0.0903588414
1954-09-01,0.0882111828
1954-10-01,0.0864592435
1954-11-01,0.0837055245
1954-12-01,0.0796147287
1955-01-01,0.0778157762
1955-02-01,0.0757154013
1955-03-01,0.0762347508
1955-04-01,0.0738128588
1955-05-01,0.0737363048
1955-06-01,0.0694109087
1955-07-01,0.0652181135
1955-08-01,0.0652071483
1955-09-01,0.0637842342
1955-10-01,0.0678840898
1955-11-01,0.0646079042
1955-12-01,0.0626482581
1956-01-01,0.065123509
1956-02-01,0.0663755869
1956-03-01,0.0609101413
1956-04-01,0.0585325703
1956-05-01,0.0617547006
1956-06-01,0.0632518187
1956-07-01,0.0549508159
1956-08-01,0.0508377939
1956-09-01,0.0522046394
1956-10-01,0.0523255433
1956-11-01,0.0493870935
1956-12-01,0.047538714
1957-01-01,0.0505073585
1957-02-01,0.05537812
1957-03-01,0.0529331754
1957-04-01,0.051730032
1957-05-01,0.0491239821
1957-06-01,0.04654778
1957-07-01,0.044554786
1957-08-01,0.0469158413
1957-09-01,0.0477281812
1957-10-01,0.0519273771
1957-11-01,0.0564705711
1957-12-01,0.0605895591
1958-01-01,0.060595435
1958-02-01,0.0618778872
1958-03-01,0.0629912501
1958-04-01,0.0626779426
1958-05-01,0.059791646
1958-06-01,0.0569556792
1958-07-01,0.0522775645
1958-08-01,0.0455851637
1958-09-01,0.0418210663
1958-10-01,0.0394570907
1958-11-01,0.0397210334
1958-12-01,0.0373380632
1959-01-01,0.0345207005
1959-02-01,0.0363142502
1959-03-01,0.034647733
1959-04-01,0.0325871431
1959-05-01,0.0303543247
1959-06-01,0.0306856984
1959-07-01,0.0294706358
1959-08-01,0.0291047562
1959-09-01,0.0289574265
1959-10-01,0.0319737365
1959-11-01,0.0313906123
1959-12-01,0.0290100769
1960-01-01,0.0296345279
1960-02-01,0.0347475776
1960-03-01,0.0375682345
1960-04-01,0.0371382962
1960-05-01,0.0365831839
1960-06-01,0.0366545618
1960-07-01,0.0393169606
1960-08-01,0.0388017051
1960-09-01,0.0401510388
1960-10-01,0.0406836845
1960-11-01,0.0379701285
1960-12-01,0.0362592262
1961-01-01,0.0318448487
1961-02-01,0.0291030547
1961-03-01,0.0275102578
1961-04-01,0.0257786335
1961-05-01,0.0255723485
1961-06-01,0.0245079262
1961-07-01,0.0252400093
1961-08-01,0.0218168152
1961-09-01,0.0225205738
1961-10-01,0.0222275047
1961-11-01,0.0192153216
1961-12-01,0.0172515332
1962-01-01,0.0188569437
1962-02-01,0.0198034789
1962-03-01,0.020922021
1962-04-01,0.0235452279
1962-05-01,0.0272238021
1962-06-01,0.0334817836
1962-07-01,0.0309672893
1962-08-01,0.0298398508
1962-09-01,0.030994333
1962-10-01,0.0335002782
1962-11-01,0.0298711281
1962-12-01,0.0282668957
1963-01-01,0.0270658418
1963-02-01,0.0259876756
1963-03-01,0.026321101
1963-04-01,0.0237031688
1963-05-01,0.0228576784
1963-06-01,0.0225058371
1963-07-01,0.0235558256
1963-08-01,0.0221470066
1963-09-01,0.0202104267
1963-10-01,0.0200215726
1963-11-01,0.0206925236
1963-12-01,0.0201912078
1964-01-01,0.0184975625
1964-02-01,0.0182624431
1964-03-01,0.0168711303
1964-04-01,0.0166359081
1964-05-01,0.0162576282
1964-06-01,0.017429662
1964-07-01,0.016221769
1964-08-01,0.0165365084
1964-09-01,0.0166748197
1964-10-01,0.0161727382
1964-11-01,0.016874767
1964-12-01,0.0178476603
1965-01-01,0.0167723965
1965-02-01,0.0163834975
1965-03-01,0.0169266847
1965-04-01,0.017044142
1965-05-01,0.0164250169
1965-06-01,0.019564194
1965-07-01,0.0194534706
1965-08-01,0.0182309927
1965-09-01,0.016115747
1965-10-01,0.0151142422
1965-11-01,0.0138510502
1965-12-01,0.0132581722
1966-01-01,0.0127189731
1966-02-01,0.0117856164
1966-03-01,0.0137352579
1966-04-01,0.0142268474
1966-05-01,0.0160466468
1966-06-01,0.0159404667
1966-07-01,0.0137851891
1966-08-01,0.0162288731
1966-09-01,0.0182279811
1966-10-01,0.0211100434
1966-11-01,0.0172227953
1966-12-01,0.0199884848
1967-01-01,0.0208631273
1967-02-01,0.0185037046
1967-03-01,0.0185283218
1967-04-01,0.0174501853
1967-05-01,0.0142416987
1967-06-01,0.0133229368
1967-07-01,0.0109701751
1967-08-01,0.009602792
1967-09-01,0.0093208473
1967-10-01,0.008131057
1967-11-01,0.0070893778
1967-12-01,0.0068338406
1968-01-01,0.0089313505
1968-02-01,0.0114023575
1968-03-01,0.0103943693
1968-04-01,0.0081724569
1968-05-01,0.0054011561
1968-06-01,0.006703087
1968-07-01,0.0096611769
1968-08-01,0.0124438838
1968-09-01,0.0111509362
1968-10-01,0.0098505895
1968-11-01,0.0081958793
1968-12-01,0.0053697009
1969-01-01,0.0074976622
1969-02-01,0.0075981496
1969-03-01,0.0089937395
1969-04-01,0.0099570997
1969-05-01,0.0074695644
1969-06-01,0.0082230104
1969-07-01,0.0097308503
1969-08-01,0.011318182
1969-09-01,0.0066372966
1969-10-01,0.0072898151
1969-11-01,0.0074696523
1969-12-01,0.0063919219
1970-01-01,0.0064112434
1970-02-01,0.0146688817
1970-03-01,0.0163197793
1970-04-01,0.0160842522
1970-05-01,0.0196620321
1970-06-01,0.0214995476
1970-07-01,0.0262143263
1970-08-01,0.0235822315
1970-09-01,0.0219618527
1970-10-01,0.0214019346
1970-11-01,0.0273263452
1970-12-01,0.0284552874
1971-01-01,0.0277052817
1971-02-01,0.0272211759
1971-03-01,0.0303363394
1971-04-01,0.0276226143
1971-05-01,0.0236786142
1971-06-01,0.0247462988
1971-07-01,0.0228817392
1971-08-01,0.0263051657
1971-09-01,0.0291493536
1971-10-01,0.0330470461
1971-11-01,0.0373224423
1971-12-01,0.0329099017
1972-01-01,0.0304092139
1972-02-01,0.0285995638
1972-03-01,0.0278510061
1972-04-01,0.0262143353
1972-05-01,0.0278608277
1972-06-01,0.0283786967
1972-07-01,0.0293204527
1972-08-01,0.0268219065
1972-09-01,0.0243698975
1972-10-01,0.0258208501
1972-11-01,0.0255591437
1972-12-01,0.0241054124
1973-01-01,0.0231569809
1973-02-01,0.0245404424
1973-03-01,0.0259950099
1973-04-01,0.0287258705
1973-05-01,0.0298858239
1973-06-01,0.0317147663
1973-07-01,0.0289874919
1973-08-01,0.0306626419
1973-09-01,0.0331604561
1973-10-01,0.0349589961
1973-11-01,0.0416523288
1973-12-01,0.0477529281
1974-01-01,0.0459459656
1974-02-01,0.0508503679
1974-03-01,0.0476220164
1974-04-01,0.0496075048
1974-05-01,0.0538928687
1974-06-01,0.0555624536
1974-07-01,0.0654696605
1974-08-01,0.0703541006
1974-09-01,0.0846802108
1974-10-01,0.0862625432
1974-11-01,0.0863379636
1974-12-01,0.0985481577
1975-01-01,0.0897071038
1975-02-01,0.0819527957
1975-03-01,0.0745692364
1975-04-01,0.0689661421
1975-05-01,0.0659771095
1975-06-01,0.0664754489
1975-07-01,0.0665541754
1975-08-01,0.0707391989
1975-09-01,0.07272826
1975-10-01,0.0718836623
1975-11-01,0.0725464061
1975-12-01,0.0748291173
1976-01-01,0.0694670365
1976-02-01,0.0655891153
1976-03-01,0.065709742
1976-04-01,0.0667085077
1976-05-01,0.0652250914
1976-06-01,0.0657696955
1976-07-01,0.0647268448
1976-08-01,0.0664018845
1976-09-01,0.0670507992
1976-10-01,0.0721916591
1976-11-01,0.0743330535
1976-12-01,0.0762243142
1977-01-01,0.0745721288
1977-02-01,0.0772119798
1977-03-01,0.0778978227
1977-04-01,0.0816057099
1977-05-01,0.0816952548
1977-06-01,0.0840441118
1977-07-01,0.0834107427
1977-08-01,0.0854991374
1977-09-01,0.0880699298
1977-10-01,0.0893616507
1977-11-01,0.0889668284
1977-12-01,0.0888270474
1978-01-01,0.0910679236
1978-02-01,0.0930817927
1978-03-01,0.0946846266
1978-04-01,0.0903450911
1978-05-01,0.0848588378
1978-06-01,0.0852190626
1978-07-01,0.0849999675
1978-08-01,0.0811464757
1978-09-01,0.082370404
1978-10-01,0.0848298223
1978-11-01,0.0904137098
1978-12-01,0.0875484924
1979-01-01,0.0843448811
1979-02-01,0.0880360566
1979-03-01,0.0872003801
1979-04-01,0.0864759503
1979-05-01,0.0910529655
1979-06-01,0.0942924565
1979-07-01,0.0948255014
1979-08-01,0.0907464777
1979-09-01,0.0887860913
1979-10-01,0.0848152874
1979-11-01,0.0839403397
1979-12-01,0.0840555504
1980-01-01,0.0798346985
1980-02-01,0.0621371652
1980-03-01,0.0730989727
1980-04-01,0.0900006693
1980-05-01,0.0995870519
1980-06-01,0.0982974188
1980-07-01,0.0881645115
1980-08-01,0.0780838379
1980-09-01,0.0728359596
1980-10-01,0.0690295927
1980-11-01,0.0567918376
1980-12-01,0.0585675311
1981-01-01,0.0636416662
1981-02-01,0.0635367932
1981-03-01,0.0615694735
1981-04-01,0.0563766615
1981-05-01,0.0558188828
1981-06-01,0.0629637896
1981-07-01,0.0601101566
1981-08-01,0.0547113634
1981-09-01,0.0648202901
1981-10-01,0.0653149736
1981-11-01,0.0805583333
1981-12-01,0.0767191768
1982-01-01,0.0760357495
1982-02-01,0.0813512897
1982-03-01,0.0913042563
1982-04-01,0.0852886898
1982-05-01,0.089825719
1982-06-01,0.0945160315
1982-07-01,0.0992586435
1982-08-01,0.1080140872
1982-09-01,0.0998093769
1982-10-01,0.103772764
1982-11-01,0.1016883977
1982-12-01,0.0993863337
1983-01-01,0.0962552956
1983-02-01,0.0910340189
1983-03-01,0.0882085106
1983-04-01,0.0859376316
1983-05-01,0.0824088832
1983-06-01,0.0760251033
1983-07-01,0.0707717739
1983-08-01,0.0673968529
1983-09-01,0.0670589047
1983-10-01,0.0673346941
1983-11-01,0.0668588374
1983-12-01,0.0652596441
1984-01-01,0.0657430676
1984-02-01,0.0693714442
1984-03-01,0.0633925029
1984-04-01,0.0606097138
1984-05-01,0.0526420894
1984-06-01,0.0532353612
1984-07-01,0.0565497603
1984-08-01,0.0532184876
1984-09-01,0.0537589781
1984-10-01,0.0576010785
1984-11-01,0.0616211925
1984-12-01,0.0625326408
1985-01-01,0.0593331569
1985-02-01,0.0529739077
1985-03-01,0.0505881173
1985-04-01,0.0547630959
1985-05-01,0.0584440115
1985-06-01,0.0630792196
1985-07-01,0.0590079751
1985-08-01,0.061000121
1985-09-01,0.0626865615
1985-10-01,0.0630589867
1985-11-01,0.0619815159
1985-12-01,0.0630599675
1986-01-01,0.063681859
1986-02-01,0.0632657066
1986-03-01,0.0668828033
1986-04-01,0.0690710338
1986-05-01,0.0644657968
1986-06-01,0.0618420054
1986-07-01,0.0677000622
1986-08-01,0.0672204783
1986-09-01,0.0667820885
1986-10-01,0.0667536107
1986-11-01,0.0660659569
1986-12-01,0.0661097021
1987-01-01,0.0625522259
1987-02-01,0.0563348894
1987-03-01,0.0537424974
1987-04-01,0.0466094315
1987-05-01,0.0406939757
1987-06-01,0.0400205494
1987-07-01,0.0376255173
1987-08-01,0.031518002
1987-09-01,0.0271380898
1987-10-01,0.0338853996
1987-11-01,0.0492479792
1987-12-01,0.0487140145
1988-01-01,0.0487702545
1988-02-01,0.0509547222
1988-03-01,0.0472029971
1988-04-01,0.0445270583
1988-05-01,0.0421786851
1988-06-01,0.0396384109
1988-07-01,0.0386096755
1988-08-01,0.0383192235
1988-09-01,0.040421237
1988-10-01,0.0395454272
1988-11-01,0.0392710022
1988-12-01,0.0362684504
1989-01-01,0.0343199335
1989-02-01,0.0310994244
1989-03-01,0.0294507277
1989-04-01,0.0291193263
1989-05-01,0.0296122245
1989-06-01,0.0328016986
1989-07-01,0.0331833245
1989-08-01,0.0290588774
1989-09-01,0.0275245371
1989-10-01,0.0292200805
1989-11-01,0.0312062138
1989-12-01,0.0292305406
1990-01-01,0.0271104618
1990-02-01,0.0254509096
1990-03-01,0.0220676554
1990-04-01,0.0191294455
1990-05-01,0.0166654978
1990-06-01,0.0175154281
1990-07-01,0.0182385188
1990-08-01,0.0211429609
1990-09-01,0.0232430186
1990-10-01,0.0267108638
1990-11-01,0.0277440275
1990-12-01,0.0271335029
1991-01-01,0.0277832938
1991-02-01,0.0228079814
1991-03-01,0.0181525435
1991-04-01,0.0172614179
1991-05-01,0.0168198759
1991-06-01,0.0141649452
1991-07-01,0.0130047305
1991-08-01,0.0149980508
1991-09-01,0.0174008773
1991-10-01,0.0185535063
1991-11-01,0.019802085
1991-12-01,0.0223922892
1992-01-01,0.0191605698
1992-02-01,0.0165969498
1992-03-01,0.0160233134
1992-04-01,0.0162859347
1992-05-01,0.0154028222
1992-06-01,0.0166950013
1992-07-01,0.0197776114
1992-08-01,0.0220979108
1992-09-01,0.0239142474
1992-10-01,0.0231499419
1992-11-01,0.0195015703
1992-12-01,0.0193367118
1993-01-01,0.0216363496
1993-02-01,0.0247622324
1993-03-01,0.0272014137
1993-04-01,0.0277827305
1993-05-01,0.0264533735
1993-06-01,0.0268691716
1993-07-01,0.0280560843
1993-08-01,0.0287534039
1993-09-01,0.0312368606
1993-10-01,0.0313953055
1993-11-01,0.0275217786
1993-12-01,0.0266344995
1994-01-01,0.0259606559
1994-02-01,0.0239325171
1994-03-01,0.0199546785
1994-04-01,0.0165538493
1994-05-01,0.0138743246
1994-06-01,0.0144947402
1994-07-01,0.0129226879
1994-08-01,0.012408745
1994-09-01,0.0098951853
1994-10-01,0.0072995278
1994-11-01,0.005689941
1994-12-01,0.007930469
1995-01-01,0.0076841322
1995-02-01,0.0093198886
1995-03-01,0.0111766166
1995-04-01,0.0113621816
1995-05-01,0.0143291727
1995-06-01,0.0178069059
1995-07-01,0.0152755274
1995-08-01,0.0134244831
1995-09-01,0.0150530276
1995-10-01,0.0166422805
1995-11-01,0.0166672683
1995-12-01,0.0173998946
1996-01-01,0.0187486423
1996-02-01,0.0158803402
1996-03-01,0.0128089245
1996-04-01,0.0113141656
1996-05-01,0.0083329475
1996-06-01,0.0059017874
1996-07-01,0.0082169824
1996-08-01,0.0096485459
1996-09-01,0.0071960873
1996-10-01,0.0092487862
1996-11-01,0.0111425124
1996-12-01,0.0098677574
1997-01-01,0.0059642246
1997-02-01,0.0063923569
1997-03-01,0.0040379858
1997-04-01,0.0031464929
1997-05-01,0.0016766741
1997-06-01,0.0022205916
1997-07-01,0.0033019925
1997-08-01,0.002319986
1997-09-01,0.0028604217
1997-10-01,0.0044287152
1997-11-01,0.0063059891
1997-12-01,0.0062279194
1998-01-01,0.0090089785
1998-02-01,0.0070112433
1998-03-01,0.0046981217
1998-04-01,0.0037338962
1998-05-01,0.0037046598
1998-06-01,0.0050062996
1998-07-01,0.0040612601
1998-08-01,0.007045742
1998-09-01,0.0133725728
1998-10-01,0.0158680418
1998-11-01,0.0099327679
1998-12-01,0.0104984066
1999-01-01,0.0084223959
1999-02-01,0.0054309157
1999-03-01,0.0022799873
1999-04-01,0.0020913432
1999-05-01,-0.0020114593
1999-06-01,-0.0056512337
1999-07-01,-0.0053816358
1999-08-01,-0.0057678416
1999-09-01,-0.0050555837
1999-10-01,-0.0068050214
1999-11-01,-0.0077049171
1999-12-01,-0.0108865267
2000-01-01,-0.0152167422
2000-02-01,-0.0128330716
2000-03-01,-0.0105171108
2000-04-01,-0.0080804166
2000-05-01,-0.0118441614
2000-06-01,-0.0089160248
2000-07-01,-0.0085597584
2000-08-01,-0.0073623326
2000-09-01,-0.0068429213
2000-10-01,-0.0051502496
2000-11-01,-0.0047369134
2000-12-01,0.0010472184
2001-01-01,0.0020964839
2001-02-01,0.0038171589
2001-03-01,0.0090273687
2001-04-01,0.0069286425
2001-05-01,0.0028549355
2001-06-01,0.0047185159
2001-07-01,0.0055300456
2001-08-01,0.0086801283
2001-09-01,0.015392722
2001-10-01,0.0153463692
2001-11-01,0.0124097811
2001-12-01,0.0069892836
2002-01-01,0.0078137269
2002-02-01,0.0105006388
2002-03-01,0.0054898769
2002-04-01,0.0080785808
2002-05-01,0.0095075055
2002-06-01,0.0138430299
2002-07-01,0.021261397
2002-08-01,0.0249839926
2002-09-01,0.0310829252
2002-10-01,0.0310231201
2002-11-01,0.0270630216
2002-12-01,0.0275667339
2003-01-01,0.0276985831
2003-02-01,0.0330936266
2003-03-01,0.0340385612
2003-04-01,0.0296909366
2003-05-01,0.0310830312
2003-06-01,0.0313339946
2003-07-01,0.0248886152
2003-08-01,0.0206617442
2003-09-01,0.0216153298
2003-10-01,0.0202046675
2003-11-01,0.0193610503
2003-12-01,0.018553956
2004-01-01,0.0185830605
2004-02-01,0.0194949267
2004-03-01,0.0233325198
2004-04-01,0.0183014912
2004-05-01,0.0165618272
2004-06-01,0.0157107639
2004-07-01,0.0186117087
2004-08-01,0.021258461
2004-09-01,0.0219354353
2004-10-01,0.0230985913
2004-11-01,0.0205485524
2004-12-01,0.0188265462
2005-01-01,0.0195044785
2005-02-01,0.0199638566
2005-03-01,0.0176990152
2005-04-01,0.0210380144
2005-05-01,0.0223601527
2005-06-01,0.0229856944
2005-07-01,0.0213385585
2005-08-01,0.0210607299
2005-09-01,0.023262868
2005-10-01,0.0218683126
2005-11-01,0.0186719436
2005-12-01,0.0182760881
2006-01-01,0.018919623
2006-02-01,0.0176100584
2006-03-01,0.0160347565
2006-04-01,0.0140714687
2006-05-01,0.0139231011
2006-06-01,0.0154794271
2006-07-01,0.0158725404
2006-08-01,0.0174049924
2006-09-01,0.0172523586
2006-10-01,0.0149573945
2006-11-01,0.015365318
2006-12-01,0.0154349456
2007-01-01,0.0135259719
2007-02-01,0.0140063462
2007-03-01,0.017796929
2007-04-01,0.0159747217
2007-05-01,0.0152939492
2007-06-01,0.0120369509
2007-07-01,0.0128937222
2007-08-01,0.0175737492
2007-09-01,0.0182753635
2007-10-01,0.0173255787
2007-11-01,0.0240611402
2007-12-01,0.0242803623
2008-01-01,0.0312992075
2008-02-01,0.032340375
2008-03-01,0.0370096817
2008-04-01,0.0343223553
2008-05-01,0.0323801788
2008-06-01,0.0334948863
2008-07-01,0.0380290825
2008-08-01,0.037586008
2008-09-01,0.0417014406
2008-10-01,0.0511189777
2008-11-01,0.0564421098
2008-12-01,0.0660421291
2009-01-01,0.0661007849
2009-02-01,0.067895992
2009-03-01,0.072577641
2009-04-01,0.0626831639
2009-05-01,0.0551458269
2009-06-01,0.0502435974
2009-07-01,0.0502375648
2009-08-01,0.0452887213
2009-09-01,0.0445976195
2009-10-01,0.0431700978
2009-11-01,0.0418960147
2009-12-01,0.0385495965
2010-01-01,0.0367026788
2010-02-01,0.0380079441
2010-03-01,0.0345957082
2010-04-01,0.0317664046
2010-05-01,0.0389928479
2010-06-01,0.0423821949
2010-07-01,0.0442555477
2010-08-01,0.0472353935
2010-09-01,0.0457466955
2010-10-01,0.0448138029
2010-11-01,0.0415987637
2010-12-01,0.0351019004
2011-01-01,0.0328125394
2011-02-01,0.0300599456
2011-03-01,0.0336184151
2011-04-01,0.032908224
2011-05-01,0.0359849825
2011-06-01,0.039283554
2011-07-01,0.0386415041
2011-08-01,0.0515730265
2011-09-01,0.0553583546
2011-10-01,0.0526393162
2011-11-01,0.0536640488
2011-12-01,0.0536890496
2012-01-01,0.0524237161
2012-02-01,0.0512057601
2012-03-01,0.0488728193
2012-04-01,0.0503822201
2012-05-01,0.0545987544
2012-06-01,0.0571069644
2012-07-01,0.0566788535
2012-08-01,0.0544923443
2012-09-01,0.0535782902
2012-10-01,0.0535082224
2012-11-01,0.0555273777
2012-12-01,0.054011138
2013-01-01,0.0505379382
2013-02-01,0.049571975
2013-03-01,0.0486847976
2013-04-01,0.0504525472
2013-05-01,0.0475590955
2013-06-01,0.0448994527
2013-07-01,0.0409753287
2013-08-01,0.0393568901
2013-09-01,0.0382872517
2013-10-01,0.0393315132
2013-11-01,0.037024686
2013-12-01,0.0349681733
2014-01-01,0.0352532758
2014-02-01,0.037019397
2014-03-01,0.0363239882
2014-04-01,0.0367080659
2014-05-01,0.0377139623
2014-06-01,0.0362158968
2014-07-01,0.0365445676
2014-08-01,0.0378218159
2014-09-01,0.0361299974
2014-10-01,0.0387945171
2014-11-01,0.0357308939
2014-12-01,0.0364624524
2015-01-01,0.0394916907
2015-02-01,0.0376433554
2015-03-01,0.0372238803
2015-04-01,0.0376597013
2015-05-01,0.0356626869
2015-06-01,0.0348038208
2015-07-01,0.0349037508
2015-08-01,0.0367528378
2015-09-01,0.037258269
2015-10-01,0.0364149702
2015-11-01,0.0340224226
2015-12-01,0.0346694212
2016-01-01,0.0383634761
2016-02-01,0.0416924607
2016-03-01,0.0382188112
2016-04-01,0.0378016958
2016-05-01,0.0380505797
2016-06-01,0.0396640158
2016-07-01,0.0393614274
2016-08-01,0.0383008061
2016-09-01,0.0386519425
2016-10-01,0.0383180539
2016-11-01,0.0340535797
2016-12-01,0.0290799895
2017-01-01,0.0297075138
2017-02-01,0.0288484261
2017-03-01,0.026890511
2017-04-01,0.0285503708
2017-05-01,0.0275350158
2017-06-01,0.0280313723
2017-07-01,0.0264028166
2017-08-01,0.0280905689
2017-09-01,0.0281672113
2017-10-01,0.0254791572
2017-11-01,0.0245885659
2017-12-01,0.0233131298
2018-01-01,0.0204186633
2018-02-01,0.0189758376
2018-03-01,0.0187511324
2018-04-01,0.0190908601
2018-05-01,0.0173182663
2018-06-01,0.0167309793
2018-07-01,0.0161531509
2018-08-01,0.0161270837
2018-09-01,0.0150651116
2018-10-01,0.0163400871
2018-11-01,0.0191635407
2018-12-01,0.0250243756
2019-01-01,0.0258662213
2019-02-01,0.0247054122
2019-03-01,0.0260911245
2019-04-01,0.0261496181
2019-05-01,0.0283841389
2019-06-01,0.0308851194
2019-07-01,0.0347160141
2019-08-01,0.0359714124
2019-09-01,0.0346628074
2019-10-01,0.0351579415
2019-11-01,0.0328742416
2019-12-01,0.0319140833
2020-01-01,0.0322657302
2020-02-01,0.0353872755
2020-03-01,0.0488014709
2020-04-01,0.0483174365
2020-05-01,0.0461651454
2020-06-01,0.0443033345
2020-07-01,0.0450036479
2020-08-01,0.0431974821
2020-09-01,0.0433117422
2020-10-01,0.0416667384
2020-11-01,0.0396202812
2020-12-01,0.0377934658
2021-01-01,0.0351413821
2021-02-01,0.034363223
