date,acmtp02,acmtp05,acmtp10
1961-06-30,-0.009061269760125779,0.13482664190611482,0.18109602873010955
1961-07-31,0.13134742158778456,0.34035188925800464,0.42596529548617523
1961-08-31,0.05025868349614315,0.24259298702199583,0.3157557399927171
1961-09-29,0.056628551754057455,0.17273834382211817,0.22078999503247454
1961-10-31,0.03814621738216761,0.2208365368789087,0.3198685259033547
1961-11-30,-0.1659309454164961,0.06580840567942658,0.09862096705832135
1961-12-29,-0.2843347026171177,-0.07841888406950126,-0.1176180228826782
1962-01-31,0.061740107037436154,0.15126712974580592,0.1806149990759307
1962-02-28,-0.03652595480245546,0.0922594926702689,0.1789823276905036
1962-03-30,-0.014501142534647293,0.1752847012164489,0.3116246726100691
1962-04-30,-0.030340043986360143,0.04595584101848793,0.08678640177228081
1962-05-31,0.0093768455677119,0.22119477373979146,0.37708132810119865
1962-06-29,-0.1041096090493987,0.13409757602702177,0.2575816329990217
1962-07-31,9.14471959941654e-4,0.18619849900413987,0.3219304627109105
1962-08-31,-0.11941627185101122,0.21408785823118537,0.43864117771235867
1962-09-28,-0.0761309505886496,0.2681170139183684,0.48433046941880775
1962-10-31,0.017628464143390588,0.29449594520855404,0.49454018393060384
1962-11-30,-0.04922952447690365,0.20885299187395345,0.41764152569502233
1962-12-31,-0.0019272004365809003,0.18375446231585935,0.41189194373172544
1963-01-31,-0.12324568784839007,0.12416502303004551,0.23061720752548576
1963-02-28,0.057700190764355064,0.2763552450974207,0.4085148442197415
1963-03-29,-0.014211275747216146,0.23845356631420112,0.4194451472034242
1963-04-30,-0.08079125849598379,0.1676450845829649,0.3044223156965713
1963-05-31,-0.11409951290349518,0.12793045211805643,0.24931798596379906
1963-06-28,-0.09139080074239958,0.1657366347735909,0.281223247856055
1963-07-31,-0.11146808397343921,0.01856535919494018,0.08591000008423721
1963-08-30,-0.07741632256432052,0.05270160492008413,0.17372945396388273
1963-09-30,-0.10984265970013007,0.06275624145865555,0.19202182736651752
1963-10-31,-0.06097544595198601,0.09569290753631199,0.252224802100562
1963-11-29,-0.20226468043802814,-0.06275172338970947,0.029795327529242854
1963-12-31,-0.1340516345716658,-0.03921461226397671,0.04612439526607037
1964-01-31,-0.07922039958687277,0.031307229940779724,0.11413473313479283
1964-02-28,0.07159773974542905,0.047009995013101324,0.13445241539911557
1964-03-31,0.15995875090065592,0.10849989185180409,0.1995782014878662
1964-04-30,-0.012686730144244596,0.0837174339777027,0.1756315113269391
1964-05-28,-0.016296916562089425,0.04133989273543337,0.12571260365296233
1964-06-30,-0.025682836725850144,0.03710708775532634,0.11780922519304315
1964-07-31,-0.01358248229670922,0.18086104693099125,0.38149752813951165
1964-08-31,-0.05836387651770769,0.10179545897610165,0.2748952509712175
1964-09-30,-0.09289873807447124,-0.001272764683544203,0.10574179329296296
1964-10-30,-0.10972576403517831,-0.01469216826591424,0.09906370061604797
1964-11-30,-0.20310573140328714,-0.13869469749770502,-0.03523813870327874
1964-12-31,-0.20765159739878003,-0.07962684610667736,0.023280106494762975
1965-01-29,-0.05034674532771222,0.07814364525348694,0.3051069491158511
1965-02-26,-0.09419459754518922,0.008109948305441428,0.2070493947570684
1965-03-31,-0.14927599833206173,-0.03870818346276739,0.08573178675622106
1965-04-30,-0.18468462280132814,-0.07452758436869189,0.04046432763563246
1965-05-28,-0.24482489154803222,-0.10363334837549143,0.016508041813621865
1965-06-30,-0.22832627374292258,-0.05508863917374285,0.0763823816785063
1965-07-30,-0.17861784760021804,-0.04156324343561035,0.07970856984262209
1965-08-31,-0.1896593329290468,-0.07649489000076493,0.03986304485998193
1965-09-30,-0.08343713090658955,0.016993612849296902,0.22792576809424414
1965-10-29,-0.20710304110373734,-0.0315658809749646,0.13196903406561145
1965-11-30,-0.22715975529903254,-0.05634613351914464,0.1009578932643942
1965-12-31,-0.0887670320351912,0.025000233253384962,0.2254640594500792
1966-01-31,-0.015001491818727786,0.10708197360808303,0.30746385828438605
1966-02-28,0.13881752797025015,0.2596148043091029,0.4893714874005335
1966-03-31,0.051255778705275645,0.12654928976084,0.32188183408256155
1966-04-29,0.0031685063931030655,0.09996152650538459,0.3011480619582345
1966-05-31,-0.1113695020932921,0.035282631304356826,0.2478118083487848
1966-06-30,0.04682011313895895,0.17997897143844632,0.4069136414736514
1966-07-29,0.05202149263881761,0.2388865813170158,0.49114734923844416
1966-08-31,0.14390344884821005,0.3468520174049994,0.6746491944039805
1966-09-30,-0.027577177549571452,0.15232161624392848,0.43512939977031895
1966-10-31,-0.10566349116102192,0.07415934907291089,0.3377063049328184
1966-11-30,-0.06489391108566966,0.1365792427264063,0.40740469992028494
1966-12-30,-0.14861072748838033,-0.03914379298021231,0.16429345647495364
1967-01-31,-0.14603485488085521,0.0035397060106365785,0.17637792152835718
1967-02-28,0.004951178791827715,0.0869685118753365,0.27838746589760177
1967-03-31,-0.1689300465119823,0.038833344529619396,0.1901356698507275
1967-04-28,0.015686809993791684,0.3202298674619328,0.5239672992882216
1967-05-31,0.1238671056089764,0.3358056091752042,0.5122534821663312
1967-06-30,0.3785240018737923,0.466122936280736,0.6888017146555887
1967-07-31,0.0902874326131764,0.20799936870379288,0.4244066091807879
1967-08-31,0.24833464996389853,0.3654990377497791,0.6174876508791218
1967-09-29,0.16075523492688415,0.3065242663693173,0.5633073218865112
1967-10-31,0.2242633582365796,0.5050958994449664,0.8152947363959138
1967-11-30,0.020632801542273427,0.4013537531837601,0.7565058265126794
1967-12-29,0.09319121890478765,0.4004440088586545,0.7402553569779728
1968-01-31,0.19569606279633422,0.4521128964383401,0.743801931080994
1968-02-29,0.2614417308286656,0.4437717513310373,0.7439674006936139
1968-03-29,0.3993631788711829,0.5652168069075953,0.876635786613222
1968-04-30,0.0735098961253815,0.4577689946827368,0.8161709504965406
1968-05-31,0.15121468488019651,0.37535483872628106,0.7261557347604661
1968-06-28,0.42921257522535505,0.7409899748308604,1.319929659571093
1968-07-31,0.5923893080568847,0.9413324678637824,1.634883744773573
1968-08-30,-0.049701648496935924,0.3913755537947621,0.7286456053690271
1968-09-30,0.007359149392036635,0.4136216146158711,0.7249633979961336
1968-10-31,-0.06883017829841709,0.4249744407678868,0.8080141693402254
1968-11-29,-0.17157250861620543,0.3458850919694392,0.7197657732235143
1968-12-31,0.01602884567471996,0.44631152560862475,0.8522383547022478
1969-01-31,0.11544359953535377,0.47547951370466546,0.8613000934220825
1969-02-28,0.11900879389079577,0.32966883581512274,0.6436357009195035
1969-03-28,0.252445564160686,0.6236582695031201,1.1257460044002556
1969-04-30,0.2994397031985887,0.564715056421905,0.9510082385979057
1969-05-29,0.4484048734410022,0.6142713280138343,1.0194052401343257
1969-06-30,0.36064245816618534,0.37160467733860525,0.8020918715730643
1969-07-31,0.2546257933414342,0.07127854352760732,0.29624328288606616
1969-08-29,0.21287028692918675,0.2760991898239231,0.6459727175981635
1969-09-30,0.26264653268096527,0.5293202596247486,0.8530662512280625
1969-10-31,-0.1789420827655288,0.013049184397559976,0.17786563782865628
1969-11-28,0.10723014492515048,0.4299164612836748,0.9658103317480338
1969-12-31,-0.20369127004955523,0.025671262134897788,0.16772255683894421
1970-01-30,0.16959065561374143,0.6172936258075863,1.0039066222244655
1970-02-27,-0.006945227119145692,0.3485615955402048,0.4831536285163889
1970-03-31,0.3489695511055073,0.7797770005383873,1.1584668009250052
1970-04-30,0.6557817596232809,1.1090104633570563,1.6279141207165262
1970-05-29,0.6505799170736823,0.9105891993456483,1.3388546226914189
1970-06-30,0.743331037622359,1.1037495670264788,1.5560854449472545
1970-07-31,0.7346724477686983,1.1127737576006087,1.5479464583428237
1970-08-31,0.6777769558507716,1.1602380007367987,1.6447391529575626
1970-09-30,0.6245279852242156,1.183336332353191,1.7327578558268986
1970-10-30,0.8109254670910984,1.1867040188622102,1.6423096257377665
1970-11-30,0.6950993472936302,1.3855091343467905,2.016746442244087
1970-12-31,0.6399782789541755,1.0782984552339103,1.4472848876817581
1971-01-29,0.7656090223536545,1.6414095516774374,2.234805569426568
1971-02-26,0.7313337768731412,1.6298727397739006,2.1872124646680122
1971-03-31,0.6771254721567619,1.3674240950586856,1.9484898529291756
1971-04-30,0.7623115698308647,1.2762214343112674,1.661083385407382
1971-05-28,0.7020414731359983,1.2922625191937103,1.752343209955268
1971-06-30,0.8467822698813361,1.1847809363936417,1.6095621609093387
1971-07-30,0.755690520533868,1.2075293678889167,1.6685895838373321
1971-08-31,0.5230627109601613,0.9777587493937201,1.373346146237708
1971-09-30,0.4781229578656987,0.9008119778251862,1.2801889543868317
1971-10-29,0.42497806583184605,1.0069157942394602,1.3819119153841486
1971-11-30,0.5071070221945746,1.1089910010208142,1.5599408471192877
1971-12-31,0.5877969473037732,1.1958945649991861,1.6812566705021927
1972-01-31,0.7825200909678189,1.3746119106501427,1.774214795707345
1972-02-29,0.7557396832038643,1.3816303063052127,1.8092090650908004
1972-03-30,0.7507272140503458,1.0770143142237876,1.4015896411414817
1972-04-28,0.7484036668879401,1.2361009494595363,1.5941722152521631
1972-05-31,0.6255315320464563,1.208233459004222,1.6518516962352932
1972-06-30,0.5689453126844102,0.9667221631674598,1.3225167040960661
1972-07-31,0.7906089927962494,1.1523965122731754,1.4702758914622143
1972-08-31,0.5734907650829637,1.0279784508851684,1.4326287387998375
1972-09-29,0.5621490566153851,0.9680986945543069,1.3564803562025665
1972-10-31,0.6094751153055631,0.948672430337977,1.3102783836514948
1972-11-30,0.5358315880697804,0.9279588035040556,1.3004259542915548
1972-12-29,0.4458184293157146,0.8129945439516595,1.2004439402493343
1973-01-31,0.38074758874044345,0.6903651699160473,1.0930229196404673
1973-02-28,0.34608887338532046,0.6017788300639841,0.936885197360418
1973-03-30,0.20919294146924639,0.45594259028524853,0.9074756830921293
1973-04-30,0.30270737802123016,0.5880948074487291,1.038710512863993
1973-05-31,0.12964729226100236,0.4801093367069358,0.9520913042156485
1973-06-29,-0.12819831940073367,0.2358887788292927,0.7514565898119763
1973-07-31,0.017391866752774376,0.29778457251899937,0.9272716002308519
1973-08-31,-0.16556234163652395,0.16461112759699859,0.8519201163484089
1973-09-28,0.1719254188182271,0.5365321946580197,1.2529339029585387
1973-10-31,-0.06787891404426727,0.38764397796038086,0.90793905126199
1973-11-30,-0.3242157446502505,0.13971513386174816,0.6527532299379857
1973-12-31,-0.13928767695134958,0.4036760377416275,1.0359976768792212
1974-01-31,0.003593175892848244,0.6282642169272794,1.2642456575393224
1974-02-28,-0.08003007111442262,0.5176565097547883,1.0704237719765297
1974-03-29,-0.11726030036164481,0.3951047598156583,1.0272661622622357
1974-04-30,0.02980994730140729,0.45357651654448716,1.114787003594106
1974-05-31,0.07409860419333736,0.5493445932532799,1.2047453478851171
1974-06-28,0.24510025836556082,0.5907015451838911,1.1648419515439299
1974-07-31,0.09833147110859386,0.419976284425565,0.7926757759595349
1974-08-30,0.0323054246770802,0.49128677404577203,1.2403139368213347
1974-09-30,0.5098126006338131,0.9558871272611125,1.5898372208007583
1974-10-31,0.24734502213914755,0.7089530631502656,1.1524795950326894
1974-11-29,0.3557083769079741,0.7929884199334651,1.321496420873519
1974-12-31,0.38513626839066095,0.8108745792345529,1.3531559746492103
1975-01-31,0.6726115997516269,1.2762865870618363,1.7880542892620106
1975-02-28,0.5145189052649783,1.3188408439074486,1.8912454457580807
1975-03-31,0.806649014789782,1.4227834839466302,1.9441656998438486
1975-04-30,1.2075194069471324,1.7018784121566215,2.2581584368553793
1975-05-30,1.0591425470188485,1.7165940381202507,2.255984108570643
1975-06-30,0.7345846707258339,1.3352917208112824,1.8687415076548293
1975-07-31,0.7781946956030259,1.220804563697187,1.6805158581137514
1975-08-29,0.8101194084095367,1.3148347456650118,1.8576699562722387
1975-09-30,0.9090071295518909,1.4158795503086399,1.9539227118314937
1975-10-31,0.9421440335158922,1.6343146705916531,2.1998954459111406
1975-11-28,1.0335967360394562,1.7016913908905753,2.2957095441231434
1975-12-31,0.9651102191791248,1.6781505540118342,2.2664584294218804
1976-01-30,1.0983754804374417,1.8985232039882174,2.4358055118862136
1976-02-27,1.0340887308217281,1.6277542664151996,2.1438045207657703
1976-03-31,1.0032620810663717,1.6377616452015396,2.178087987306161
1976-04-30,0.9811628574566154,1.6363220686938718,2.1854653876072376
1976-05-28,0.9791398876269675,1.5070978760478688,2.0429369806377906
1976-06-30,0.9167010383496805,1.5717348279833372,2.1534595999340036
1976-07-30,0.9682226023977583,1.6950748144057979,2.2983012163715566
1976-08-31,0.9231322123860313,1.695681108558749,2.331043240927193
1976-09-30,0.8974020483242686,1.715299087462312,2.417536234232963
1976-10-29,0.9048559460832806,1.7395910391050835,2.459801461410077
1976-11-30,0.996875693242262,1.8418124173477368,2.723550615604383
1976-12-31,0.745045544689189,1.5431699942929296,2.191872994860236
1977-01-31,0.8560736708661656,1.5745682189718488,2.1577871923978673
1977-02-28,0.9284558592191976,1.7107473184770727,2.3282663043402563
1977-03-31,0.9224752496508319,1.7638022547958654,2.4068047229134626
1977-04-29,0.93383164910305,1.7509364524424607,2.4054067880211445
1977-05-31,0.8571887933568973,1.6580479355224087,2.390231420134268
1977-06-30,0.8222882834965839,1.5983540406483385,2.318038778678445
1977-07-29,0.7399518022291156,1.4444995691380704,2.0927837413132035
1977-08-31,0.6514999244418851,1.2974792006963254,1.9314122204321924
1977-09-30,0.607102144862318,1.2183374385948822,1.8478259561351154
1977-10-31,0.6080760099527804,1.169871663628749,1.7480871345132512
1977-11-30,0.6009313306296384,1.1936010310159055,1.8000552987003902
1977-12-30,0.6994448951565708,1.3666462444215846,2.0333032629704455
1978-01-31,0.7059173062891304,1.3753194506023858,2.055878579051827
1978-02-28,0.7444251352104958,1.4073086270448956,2.065748033174441
1978-03-31,0.7733764288748599,1.3974518267654696,2.031864107955223
1978-04-28,0.8332325114453214,1.3941342705860693,2.0125377916064515
1978-05-31,0.8247068438722112,1.3521150246363174,1.9941694648926758
1978-06-30,0.8125523784271431,1.3544941163081328,2.0365278963832676
1978-07-31,0.8012956961470694,1.32361233654116,1.9992635429819776
1978-08-31,0.643595589905753,1.156702407227117,1.8252793387647044
1978-09-29,0.41790383935557607,0.9883043617444791,1.704105332484648
1978-10-31,0.5856330622671635,1.0425945394239902,1.8147448807409745
1978-11-30,0.35224934402980956,0.7558839187138906,1.5215511134385098
1978-12-29,0.43080020299822763,0.7565365399915525,1.539380073635324
1979-01-31,0.38384706374758437,0.7777148981353035,1.5545324870767923
1979-02-28,0.4487177387404895,0.9195567004954128,1.7293100323662056
1979-03-30,0.47588757478213495,0.9569899706693024,1.7335827681675644
1979-04-30,0.5226944377536498,1.0352912949002118,1.8406519246906976
1979-05-31,0.35581510761161717,0.930594690655159,1.7332158321015063
1979-06-29,0.2809586192333775,0.9507552221522984,1.7136901240568152
1979-07-31,0.22932427653499055,0.9107262524763593,1.719029353754884
1979-08-31,0.2072777190116213,0.8200913001340133,1.675430017558881
1979-09-28,0.08163462329229354,0.7400099089028878,1.6475807009714396
1979-10-31,0.3525950701092686,0.8386627884468769,1.7877144199800128
1979-11-30,0.5230551119939033,1.1720946206594842,2.2695834380251343
1979-12-31,0.5567591442410773,1.145753148237949,2.299956487705945
1980-01-31,0.9349655093934395,1.7029686320435573,3.0312846359280634
1980-02-29,1.4934430858206689,1.6012653312572596,2.8214661927220828
1980-03-31,1.103825308735468,1.2276468443250437,2.69764158257205
1980-04-30,0.87509346994179,1.9687900082385408,3.3353790672960004
1980-05-30,1.7053452282161112,2.7059689824966435,4.004341071805087
1980-06-30,1.382398875797497,2.3118908624568943,3.3331038312806642
1980-07-31,1.6686120969187295,2.598903364965569,3.7024473725519336
1980-08-29,1.1855722999487757,1.9567347384223162,2.8329560864343133
1980-09-30,1.5122538012213607,2.2282509204835605,3.4535525187000484
1980-10-31,1.0144154265057388,2.00393865172736,3.2734218804124726
1980-11-28,0.46007321671648604,1.3719361934980991,2.6301269397415403
1980-12-31,0.14741898784669516,1.5069288976014672,2.8105135152786342
1981-01-30,0.13997982322038638,1.4801940756275993,2.8816580074075215
1981-02-27,0.6757330215144766,2.0685244064575947,3.483259328406186
1981-03-31,1.6340044624457573,2.812121897842353,4.130332596555618
1981-04-30,1.1333073984150506,2.295054685112426,3.6597813479141816
1981-05-29,0.690291634982021,1.6587313010181735,2.9522725698290024
1981-06-30,1.1603063613316014,2.182124331975194,3.5019887464542556
1981-07-31,0.9958017361286178,1.971705109276762,3.2307422291763928
1981-08-31,1.5942039029300918,2.5243730654062553,4.007563774068801
1981-09-30,2.252416565509117,3.1351367770954788,4.590174042945435
1981-10-30,1.7149239806336194,3.154175217452991,4.697404484194804
1981-11-30,1.985142217794376,3.1268874449674193,4.338078625199266
1981-12-31,2.0602538870007905,3.1829076660333477,4.588697719422319
1982-01-29,1.8141553203592338,2.9916317985010483,4.443341796488729
1982-02-26,1.9268249838546847,2.8675837756400213,4.233753845180207
1982-03-31,1.4107432264008892,2.5578519893003744,3.7875780828380243
1982-04-30,1.5862901165880228,2.5894251803390897,3.792899645301393
1982-05-28,1.941554074958395,2.9945577146227986,4.257015715445384
1982-06-30,1.7206384521612694,2.7333851914300205,3.977064688356558
1982-07-30,2.0299084538450867,3.171698057144436,4.489588913726548
1982-08-31,2.3335715900751612,3.2264641522752946,4.358287031194713
1982-09-30,2.1442489790819295,3.035703776694705,4.078743494753851
1982-10-29,1.709400367360061,2.642553114238063,3.568023802770745
1982-11-30,1.5210853352503708,2.726071139615353,3.727316202524884
1982-12-31,1.3468800948180348,2.596353988112564,3.530950504684956
1983-01-31,1.5648905668823714,2.9461939638513233,4.039116234436788
1983-02-28,1.4091020010249578,2.618549923580275,3.5891306939941057
1983-03-31,1.368000816061489,2.5674567619906057,3.6020297941448725
1983-04-29,1.3367290532412124,2.5566811757109393,3.564416249224392
1983-05-31,1.4160269953664493,2.6674130023976588,3.691666031062055
1983-06-30,1.3894081793557955,2.6237747556797952,3.6655022452158006
1983-07-29,1.7116673887614375,2.987637983886021,4.1372238815753155
1983-08-31,1.7979066640282468,3.0535094746374405,4.216278979614725
1983-09-30,1.648278718163244,2.9462805000665604,4.041571415355853
1983-10-31,1.7976644300253408,3.18385724376488,4.334478343359844
1983-11-30,1.614145100516092,2.9610407405112618,4.047055287519614
1983-12-30,1.7185400417035588,3.053085001199886,4.195175222275658
1984-01-31,1.5975442190177418,3.0039665673951674,4.138993272953584
1984-02-29,1.7277457160742227,3.1337374503073505,4.304899893705406
1984-03-30,1.7216690343304553,3.1674799635331503,4.381987584140035
1984-04-30,1.8339902211172419,3.3507439892657285,4.593188778764288
1984-05-31,2.3313825062942204,3.7734696001769237,5.165765559373408
1984-06-29,2.4558895779317176,3.6875351160761785,4.988071231864501
1984-07-31,2.069281234742954,3.153539494368644,4.400311410106562
1984-08-31,1.764600076544296,2.8749190222609577,4.00352901070411
1984-09-28,1.6419670959871286,2.7864011811213256,3.826848866166202
1984-10-31,1.6623539716317293,2.774153281623473,3.8031202699061097
1984-11-30,1.7344895893786045,3.04410609393552,4.066840407521032
1984-12-31,1.8979348041948683,3.3127070919307133,4.427274999303462
1985-01-31,1.617079993284399,2.966865816418548,3.9762312268958
1985-02-28,1.796195607770624,3.254863428085491,4.414730253796065
1985-03-29,1.9014183192045824,3.2473429471679918,4.3879240602246075
1985-04-30,1.9602748980340081,3.3640492961801227,4.5435079423023765
1985-05-31,1.6796639867827237,2.904144865870477,3.9052193795481873
1985-06-28,1.5817204796222768,2.9901405256746774,3.9997667819090577
1985-07-31,1.6467035814186444,3.089657306490758,4.18304131538285
1985-08-30,1.6779606280548576,2.9579602997169676,3.9468259370819476
1985-09-30,1.769345955850687,3.0484339494383494,4.131739197265369
1985-10-31,1.60343987982493,2.852832593888631,3.9379802293475814
1985-11-29,1.4749048054260943,2.663268631137772,3.735492514556112
1985-12-31,1.2931353877054415,2.30357397756881,3.3558939118747757
1986-01-31,1.3441570038602553,2.4155351164329097,3.512190335490354
1986-02-28,0.8685193014126487,1.5597621462575084,2.320096235581752
1986-03-31,0.6520308834497577,1.2593234292748408,1.903834664413865
1986-04-30,0.7726275735953125,1.3969339603308732,2.013238266257394
1986-05-30,1.0422281427952917,1.8188718797393477,2.4779056578821095
1986-06-30,0.8523556634959117,1.5553455919958532,2.2012215798137493
1986-07-31,0.9895071831598266,1.8013582635402159,2.6086736384869234
1986-08-29,0.9951780873119125,1.8032155621220163,2.593256612271058
1986-09-30,1.159372744121403,2.0699674984764975,2.9156174130815344
1986-10-31,1.1069485641739956,1.9957572926097678,2.8721586117175626
1986-11-28,1.0228682094009098,1.8647760442557697,2.747517290502884
1986-12-31,0.992833738570635,1.7559268873658356,2.6431145042469106
1987-01-30,0.9457420973638246,1.725947286918231,2.5950565828036547
1987-02-27,0.9429285808505146,1.6455828981340543,2.468329785089219
1987-03-31,0.9870874152214535,1.7520271208637768,2.612697545121563
1987-04-30,1.3380943220683825,2.0742979707184936,2.9575954515288556
1987-05-29,1.358944320362876,2.065029072859031,2.9131352309653966
1987-06-30,1.1890652658914647,2.06614715205687,2.9294533881000007
1987-07-31,1.3236190330343778,2.2764691717905254,3.1884133747281975
1987-08-31,1.3798219053043468,2.3382729730080163,3.265543202002828
1987-09-30,1.5887807874888065,2.563006097015637,3.543840083383662
1987-10-30,1.381695214405286,2.3771617331317163,3.258728419899273
1987-11-30,1.4431230625834095,2.454733293938154,3.3993620718996356
1987-12-31,1.5141864797463702,2.4133082177117045,3.405971953220236
1988-01-29,1.3575278837418487,2.2270283905562938,3.263050967590166
1988-02-29,1.3898062643182056,2.2082094872275704,3.221000910863544
1988-03-31,1.4892346299238088,2.435037838606674,3.4949378052778703
1988-04-29,1.6570001834816344,2.570717263084968,3.674836151749279
1988-05-31,1.6314681772663127,2.5007968216515453,3.570118420358753
1988-06-30,1.4798401428360464,2.2496314832675566,3.2521689925406934
1988-07-29,1.5963755574308536,2.3797977919284348,3.4993624042216602
1988-08-31,1.3568708283723643,2.114543060536544,3.118179985941736
1988-09-30,1.1809767658320753,1.8851000218692295,2.8298476510809705
1988-10-31,1.1753792651569013,1.8357740832571494,2.8047793425866754
1988-11-30,1.0598584299591538,1.7284757610839652,2.6410688518507666
1988-12-30,0.8504098289704238,1.5090312473969565,2.3107111989626397
1989-01-31,0.7200107170483214,1.3307813088740321,2.0769907707606503
1989-02-28,0.7794678475938976,1.386329374726957,2.1637756381378903
1989-03-31,0.6872130702082586,1.1926220607907894,1.893536712690234
1989-04-28,0.7615468624490269,1.3492812820992608,2.1551930226100584
1989-05-31,0.51607150755388,1.1223356596923297,1.8682597345354175
1989-06-30,0.4529453893363202,1.1155711862440052,1.8948944222323485
1989-07-31,0.4574479933841289,1.1301826179157999,1.9634574356888121
1989-08-31,0.5721835955390846,1.130681333132431,1.8398643588032693
1989-09-29,0.4833498262429483,1.0988939532688962,1.8080420596308757
1989-10-31,0.40030163634534155,1.0607856292368032,1.7829507217706908
1989-11-30,0.3877513037553424,1.0404438476850464,1.7238879308806538
1989-12-29,0.47879805286607713,1.0969116213256047,1.8019999825358441
1990-01-31,0.6267385204652873,1.3025447332083901,2.023022176958178
1990-02-28,0.7330791788077411,1.389914673257203,2.092305458837812
1990-03-30,0.7556658858270211,1.3679368693172158,2.0508306623856134
1990-04-30,0.9092234271500077,1.5590933021788596,2.288684397453009
1990-05-31,0.7147673486342443,1.4019175820391165,2.0986826102763656
1990-06-29,0.7300914281444033,1.4122419599036435,2.1363970897207247
1990-07-31,0.8039560871052327,1.5376356314626234,2.3543284703006915
1990-08-31,1.0409718657239724,1.9446887338054335,2.9013710520082743
1990-09-28,1.0657428497807375,1.987496780641619,2.9637223779794892
1990-10-31,1.0529490433121822,1.953277392372466,2.9256903615755414
1990-11-30,0.9099296090995628,1.7085722255558897,2.589466651263887
1990-12-31,0.9840469122737145,1.8560493473378221,2.770450138620702
1991-01-31,1.0381851420257844,1.9057586796933776,2.790032115657932
1991-02-28,1.0434539357575323,1.9322629664653066,2.7705099632445576
1991-03-28,1.0887426775562519,1.9804179977861498,2.741886084640605
1991-04-30,1.1720885844511608,2.102324989788965,2.926920741367824
1991-05-31,1.2124887544478273,2.186811099100204,3.05904693553219
1991-06-28,1.2643166687719836,2.276394430632336,3.138038239258387
1991-07-31,1.1392358470079609,2.196303938452451,3.05010504980193
1991-08-30,1.1579419487952407,2.2491327114210877,3.183560233747369
1991-09-30,1.089549540447078,2.104564785478262,3.0028852873780583
1991-10-31,1.2569758557824366,2.362672054373503,3.3960192506752973
1991-11-29,1.3552792321550209,2.5425477209459713,3.626931940522523
1991-12-31,1.1918813966287916,2.2945629001877976,3.2422737667202575
1992-01-31,1.3236843384762564,2.592220874571246,3.56166316511231
1992-02-28,1.250622522696951,2.4854438978160927,3.36912642609202
1992-03-31,1.2049511126362846,2.3976504200067623,3.143605125518886
1992-04-30,1.3228557630490378,2.6300130214640003,3.4729818976024935
1992-05-29,1.3009995888343249,2.560632248097413,3.4563460879370327
1992-06-30,1.4238349860775146,2.710312944203909,3.7895672260542264
1992-07-31,1.3433875126333934,2.5699365739815225,3.594101413744264
1992-08-31,1.5014484789184697,2.762578445780973,3.9363016861109608
1992-09-30,1.5467099962733832,2.805114968048505,4.0143578220109255
1992-10-30,1.2887828241225012,2.580920150964825,3.5630994800884697
1992-11-30,1.2291149263056464,2.4418454791553197,3.2736984276047636
1992-12-30,1.0829549916436605,2.368833160895691,3.198708533740646
1993-01-29,1.1600739276144298,2.348930955494061,3.2809454508957807
1993-02-26,1.062847514391167,2.1961473823964752,3.1438677507549384
1993-03-31,1.0909622629087656,2.2175546420133814,3.1742224711776834
1993-04-29,1.033553916289239,2.2064184729436795,3.1991073246927284
1993-05-28,1.1005782351530176,2.057633588814026,2.922019013049403
1993-06-30,0.9613332740044891,1.8044954875357262,2.6141810809228176
1993-07-30,0.9001146175296242,1.7268384402950483,2.4575102284200434
1993-08-31,0.7890244308066996,1.5518163910122347,2.2879576815169207
1993-09-30,0.7936594413455236,1.4961633233743092,2.1740549924917594
1993-10-29,0.7764028944385624,1.4735445332771704,2.1479770323664455
1993-11-30,0.8869692682700587,1.6805570683562743,2.393253203187272
1993-12-31,0.9191050310890199,1.693420589258697,2.401834759282004
1994-01-31,0.8524679967635374,1.5759980145260806,2.245812791014406
1994-02-28,1.006304243669105,1.7812019036805449,2.5034290596139948
1994-03-31,1.1164701372214658,1.9850090876647632,2.702793847243389
1994-04-29,1.197264403133687,1.928745472632719,2.589539306308385
1994-05-31,1.2270851741156914,1.889066978507163,2.568081896821977
1994-06-30,1.3019990290834063,2.031261902823341,2.772390913942682
1994-07-29,1.140345037491299,1.8190995895264335,2.516130818726377
1994-08-31,1.1081956460887117,1.7728916442186575,2.44868345656574
1994-09-30,1.19118165439098,1.88986351281787,2.5817530207916315
1994-10-31,1.2131905845201851,1.9160972483455074,2.6055744754943335
1994-11-30,1.1447910221555881,1.626488086033393,2.2088157182993076
1994-12-30,0.9908126299165207,1.4081825996757162,1.9815528452278874
1995-01-31,0.893746672857862,1.3668514166581147,1.924225405893523
1995-02-28,0.8488084793072259,1.3462083727680882,1.969387611039271
1995-03-31,0.826507416751368,1.322077320614035,1.9430313081453372
1995-04-28,0.7373408882873944,1.2315541919066497,1.8396078405009115
1995-05-31,0.5027253819216497,0.9482782460862262,1.5851989397745747
1995-06-30,0.513093023432095,0.9092047611972705,1.5030296356957775
1995-07-31,0.5739335244834942,1.0738246873093527,1.6845479128075311
1995-08-31,0.5253646542496115,0.9612052045753403,1.5311737417742881
1995-09-29,0.4826480575637726,0.838383061567578,1.36519859076701
1995-10-31,0.38808350007695047,0.7773716156182484,1.3205781615752397
1995-11-30,0.2836263780102133,0.6881891781599592,1.244758714865001
1995-12-29,0.2569380139416033,0.6373892501712,1.1440680213270182
1996-01-31,0.2861773334202864,0.7767836265351535,1.3703986709974512
1996-02-29,0.5908800298490755,1.0910832805795234,1.714381446333359
1996-03-29,0.7235457962489971,1.1588599922061817,1.741691752162926
1996-04-30,0.8128178121509881,1.2797211508857913,1.861353813473988
1996-05-31,0.8496524162826855,1.3197877158100804,1.8577934410313608
1996-06-28,0.7937285690590974,1.224760059485373,1.7850575318214181
1996-07-31,0.7277981078926334,1.1935802083796014,1.7491399411215447
1996-08-30,0.9428248685854044,1.385580154962966,1.9545694964871778
1996-09-30,0.7756756884211224,1.2509556495645464,1.8221132475983026
1996-10-31,0.5561487833734606,1.043624144830467,1.6036299707479174
1996-11-29,0.4764001092594974,0.8555828291206664,1.3710074598885997
1996-12-31,0.5557040364738244,1.0040650909888962,1.5118048200116556
1997-01-31,0.6079535760323953,1.079814472763407,1.614984992637833
1997-02-28,0.6251378322880567,1.0668157933833955,1.570951279586736
1997-03-31,0.7496710299652625,1.2179804663265186,1.756168159016454
1997-04-30,0.69251088617255,1.1296537535344173,1.6580835565071403
1997-05-30,0.7358971647699688,1.143390937192776,1.664198293978198
1997-06-30,0.6260772719773815,1.0407836468275447,1.5396942658279862
1997-07-31,0.3879329601999153,0.7443966877533104,1.224535718306039
1997-08-29,0.5615581959204627,0.9571346995868968,1.4701840349675726
1997-09-30,0.4647437523797002,0.8479434045864034,1.3472548279668999
1997-10-31,0.3547200595145634,0.655688198531748,1.1091878456577149
1997-11-28,0.2828556652411418,0.521535504383885,0.9072865782970263
1997-12-31,0.2313666222796531,0.4769303415111663,0.8645644526866487
1998-01-30,0.23355524492988078,0.507831897412002,0.9793705768412311
1998-02-27,0.23894693674459155,0.4947085140426042,0.9154819225262587
1998-03-31,0.26252007345399164,0.5038698307307881,0.90069998951427
1998-04-30,0.37647792601322294,0.6054038572883194,1.0439598020851424
1998-05-29,0.25797530293002247,0.4898128779592321,0.8993958499885721
1998-06-30,0.22504727695791704,0.38188182505901214,0.7300659996485583
1998-07-31,0.2314285855731546,0.41150276585095913,0.7607524668421917
1998-08-31,0.10698967527325642,0.2784750866801291,0.6733322687691112
1998-09-30,0.10640852161739822,0.20589917238952982,0.6487750187717358
1998-10-30,0.259970940721697,0.46584664617516003,1.0134445088124209
1998-11-30,0.13265735290160396,0.3034553522149448,0.7047842313534991
1998-12-31,0.17208161697358282,0.3718617226027119,0.7978589183455727
1999-01-29,0.27245186247228403,0.392181204451707,0.844392303252059
1999-02-26,0.41669569688096697,0.6492761282901665,1.0948022989644137
1999-03-31,0.482518026813767,0.766312689255904,1.265611281020294
1999-04-30,0.5091098979309701,0.7635001205393719,1.250837182543437
1999-05-27,0.5380174901489747,0.8363434974018151,1.2613895371555222
1999-06-30,0.6763366549027872,0.9905169131380873,1.5266533126014563
1999-07-30,0.6274724753942902,0.9971395070724807,1.4994457309875804
1999-08-31,0.6839054084065346,1.051177801906162,1.6234880333369146
1999-09-30,0.7059317477975879,1.0746917205399367,1.6730664138992717
1999-10-29,0.7101834744540749,1.044397742049906,1.6237174967012091
1999-11-30,0.7146358696444102,1.0400367900117837,1.647117844206261
1999-12-31,0.7786399532134602,1.1554480542236165,1.793107367993871
2000-01-31,0.6371375756105211,0.9104524023023242,1.3502892414038303
2000-02-29,0.4287240081752417,0.7474444550829871,1.142316948093539
2000-03-31,0.35572973272262676,0.4628240326060249,0.815422110472741
2000-04-28,0.3717807738780303,0.5011583836567883,0.8350278202924173
2000-05-31,0.4174071275236262,0.5522130182429414,0.9613995553677821
2000-06-30,0.3372975128188216,0.48842439748715005,0.9354960647061095
2000-07-31,0.17062616649984008,0.37189196196905083,0.7856791044802618
2000-08-31,0.09385782497545225,0.2678492947214659,0.6811275112502235
2000-09-29,0.16548227225818035,0.44191181945148283,1.0141526143598725
2000-10-31,0.024561102450758376,0.3110273683392686,0.8447709772588263
2000-11-30,-0.010160219311552865,0.21185726225189772,0.737021808884819
2000-12-29,-0.017535430155140475,0.2521990012582984,0.7968071880733092
2001-01-31,0.14288560267710704,0.5845721084929583,1.137761233884512
2001-02-28,0.1126184471375904,0.5489313207322137,1.100633719423774
2001-03-30,0.27856296416667004,0.7883868714803755,1.3832899882558287
2001-04-30,0.5116273325282905,1.104791724689187,1.7044560602246368
2001-05-31,0.6600953402028096,1.2699129336608475,1.8404511166565158
2001-06-29,0.6366924166723162,1.2482581997282503,1.8197681638080252
2001-07-31,0.4444865010290333,1.0998685146854874,1.6663665462891606
2001-08-31,0.42948358329283476,1.0674119019087622,1.6156536443407776
2001-09-28,0.5936527062039194,1.4038825524311798,2.0873094555433696
2001-10-31,0.487896467615756,1.3058935675230554,1.9176344680157609
2001-11-30,0.8605489580871286,1.7218338153812613,2.326425251898336
2001-12-31,0.9560626228459945,1.8650990524401014,2.404751005177489
2002-01-31,0.9046158633408257,1.7570237427650999,2.3006534758710546
2002-02-28,0.9432706564089552,1.750162100311322,2.3219029834110803
2002-03-28,1.1118569678452976,1.8830033614550463,2.4120887725696147
2002-04-30,0.9572857394576881,1.7626969259727665,2.271001108877874
2002-05-31,1.067331277713357,1.8091336892212495,2.4091945121481917
2002-06-28,0.9290325147941401,1.7517816107667956,2.36779411980291
2002-07-31,0.6747035322715293,1.6598752683930225,2.4315689008922163
2002-08-30,0.6317279117086931,1.44522160489343,2.204095268712006
2002-09-30,0.5386527893612609,1.2618555233215054,2.0612978352929314
2002-10-31,0.6804459456152454,1.5378398950997283,2.4137052960670715
2002-11-29,0.8500989648759516,1.6511070129467957,2.393711113795099
2002-12-31,0.6255929586863731,1.4580458217057068,2.2611845187128123
2003-01-31,0.6117265239975314,1.4872044812475647,2.228182683331181
2003-02-28,0.5222554228517757,1.319290498297108,2.078677046992237
2003-03-31,0.5825527016196285,1.4395505322786428,2.2132227587347515
2003-04-30,0.5097168435039559,1.4181834024477946,2.171883895528932
2003-05-30,0.4705599379374634,1.1000062150347805,1.8452068296063995
2003-06-30,0.5243670833642875,1.2486440899770965,1.9877962808987952
2003-07-31,0.8956781251106967,1.9345149302345452,2.815586736449405
2003-08-29,0.8179713819337435,1.801428618187565,2.5496213938566044
2003-09-30,0.6140349199310918,1.5304106476971269,2.3301502951679796
2003-10-31,0.7995741913735415,1.7118445138074638,2.4719984853161754
2003-11-28,0.8539698080215867,1.6531433817193237,2.350739714583461
2003-12-31,0.7559475461848735,1.643156776646808,2.3620805632156707
2004-01-30,0.7184096839270127,1.5449018378075785,2.226312299179395
2004-02-27,0.5662283631679428,1.431598077441729,2.110715043516285
2004-03-31,0.618929200750782,1.3887149156528673,2.108622694782437
2004-04-30,0.9296350945432592,1.6873476904109201,2.3215203117923493
2004-05-28,0.9492773355797675,1.6928998121772936,2.3262954329369254
2004-06-30,0.8855554110285777,1.5427610767274107,2.1563053095706253
2004-07-30,0.8324193915116325,1.4348243010354125,2.026500006076753
2004-08-31,0.6636165759528201,1.220977121234358,1.831507689133403
2004-09-30,0.6349175667045595,1.0859674887703963,1.6567019533429397
2004-10-29,0.5287429655157121,0.994217526189848,1.5760153969511261
2004-11-30,0.6469564510130903,1.0351901949705877,1.5768473909841125
2004-12-31,0.5465623696240955,0.8553005130052598,1.3561027480493504
2005-01-31,0.42442664071505654,0.6148630351636473,0.9930141911548072
2005-02-28,0.45459244047572067,0.6229483900646637,0.9611748170203422
2005-03-31,0.5068194311082772,0.6487347054604475,0.9776502182541726
2005-04-29,0.3544825161040466,0.42672932752897275,0.7340777419311562
2005-05-31,0.2599162221397737,0.25951385561700535,0.522015467871054
2005-06-30,0.1550578942281251,0.12582838604041235,0.365913518321328
2005-07-29,0.19888384009088922,0.19885854313608853,0.4342895736917711
2005-08-31,0.06536779116526059,0.046947499076044785,0.2808840605920149
2005-09-30,0.10926794970488984,0.16695206749631009,0.45512427591305293
2005-10-31,0.19837097375319157,0.23412617922621948,0.5330302302603984
2005-11-30,0.16580328948866274,0.1886416673878486,0.5058072944416212
2005-12-30,0.010779179023759689,0.002199926597935331,0.24600767995236783
2006-01-31,-0.03307142655795303,0.022705492774552027,0.2938356946092995
2006-02-28,-0.06697462056706893,-0.05067735203631596,0.15771687560103942
2006-03-31,0.0899074202761847,0.17502016142955323,0.48944886628668804
2006-04-28,0.14097955561087083,0.3224355987792942,0.7308219734010075
2006-05-31,0.1682730579939209,0.2992654186005277,0.6899421546577722
2006-06-30,0.1273674995461338,0.22360121696204516,0.6024104702840098
2006-07-31,0.033745961257584334,0.15136365766225968,0.5322531062367171
2006-08-31,-0.10494205926215727,0.015480956540269375,0.38363392905813853
2006-09-29,-0.1258635924207585,-0.03358826819973082,0.31952664908518624
2006-10-31,-0.1400037497830402,-0.06346572989266264,0.2785936202413568
2006-11-30,-0.1804341489592085,-0.1463537433848341,0.17669222318266176
2006-12-29,-0.07462882501792656,-0.015634851703047126,0.3192407399030852
2007-01-31,-0.048041369879999074,0.027504691393382963,0.3461925828520851
2007-02-28,-0.13649010101333747,-0.060233890442460414,0.29706213631144696
2007-03-30,-0.08317764173021835,0.04534223504307988,0.4614351016699807
2007-04-30,-0.12206113710168509,0.005485958992850648,0.41792078504619656
2007-05-31,0.05295980985363258,0.128237849170576,0.4692211843048888
2007-06-29,0.07964497315911245,0.2605755562471783,0.6522210543498081
2007-07-31,-0.061866953336014774,0.18573226552952615,0.6431009662958198
2007-08-31,0.09597461049425071,0.3027600819766705,0.7942490423482775
2007-09-28,0.15870234981618747,0.4652994167437763,0.9918444899251111
2007-10-31,0.09004129515531512,0.37718302044415886,0.8942187280305616
2007-11-30,0.06879109095968428,0.503242890786205,1.13545716625169
2007-12-31,0.11019234697388214,0.5757321224365892,1.2638284157235802
2008-01-31,0.3240149329567108,0.8554630559912664,1.5814696372059323
2008-02-29,0.27146325240965186,1.0137540679730448,1.8298101173372805
2008-03-31,0.6065413985072363,1.1412933218820953,1.9548768725753143
2008-04-30,0.5094794711640922,1.00454718898151,1.5898117205898372
2008-05-30,0.5121875713822224,1.0421345085936662,1.5958640452679114
2008-06-30,0.4514273530596671,0.9283772841632016,1.4612727586584904
2008-07-31,0.5099864122291076,1.0058842644576167,1.6017272649162386
2008-08-29,0.4708695429448124,0.9456705993177525,1.5739414731330323
2008-09-30,0.5422177438405031,1.2542753315804065,2.0536851191852272
2008-10-31,0.8753461814738288,2.119739236333649,3.4631788408152797
2008-11-28,0.510002990564097,1.3803518977347768,2.420255214668087
2008-12-31,0.32383268494386785,0.8520047684388969,1.4965939412852358
2009-01-30,0.6766717709671639,1.3932023950156385,2.2544387083813593
2009-02-27,0.655516153281869,1.3992312080162665,2.281072917347031
2009-03-31,0.48519014744182465,1.0112961918006462,1.729568560878682
2009-04-30,0.7310354429648857,1.4032765053378105,2.1763670143530476
2009-05-29,0.8141197867996219,1.7229863635417528,2.63082040629526
2009-06-30,0.7352039847255292,1.629788892501474,2.38863538334385
2009-07-31,0.7537943882078388,1.5847187722319156,2.3013485685724744
2009-08-31,0.6935624214674869,1.5535986448268284,2.288366547595465
2009-09-30,0.633429894489189,1.4415962181406972,2.1288316739810584
2009-10-30,0.7062303236105217,1.5383986246311836,2.272230844920737
2009-11-30,0.6161135479309986,1.4511025420821164,2.2572278651520965
2009-12-31,0.8622398151122244,1.7777835541716165,2.5701515544886737
2010-01-29,0.7443401416872768,1.7132281622627854,2.551365889203073
2010-02-26,0.7551224318760104,1.7205391445785452,2.5944242120221372
2010-03-31,0.768337986786173,1.7532247221950734,2.5545424647384314
2010-04-30,0.6438031678151608,1.5840134933446306,2.348150828306976
2010-05-28,0.4819235048399359,1.3416525783057023,2.0733493187000116
2010-06-30,0.37684537922067907,1.1085585514238057,1.814110396689732
2010-07-30,0.4573706143496725,1.1447883923136093,1.9402457803052775
2010-08-31,0.23327165974693917,0.6996819992361468,1.29436157774487
2010-09-30,0.3142979592127629,0.8081054076689853,1.4947344852375377
2010-10-29,0.4430804869206252,0.9841969038135995,1.8211343658222718
2010-11-30,0.4820132119271625,1.0668572929296567,1.8599334366357676
2010-12-31,0.45244285855770705,1.3614542186249667,2.1674330348001494
2011-01-31,0.6125613287322175,1.528006483652992,2.4484035008340435
2011-02-28,0.49091118995106187,1.4168401062395168,2.1846307086104977
2011-03-31,0.5429567316996488,1.4325508156996891,2.1575021237772716
2011-04-29,0.5788990361616793,1.4398789997751846,2.260759812051101
2011-05-31,0.5440548180495455,1.2821438448362144,2.114597263950282
2011-06-30,0.6514737042428269,1.4266715022738707,2.3199380700421073
2011-07-29,0.5327393763490229,1.1262448891765415,2.0173637360225114
2011-08-31,0.295057585601155,0.6376039385317372,1.2970352971687753
2011-09-30,0.07591845889710552,0.2635812746446531,0.6792532951942623
2011-10-31,0.1870598562116188,0.5096377426221471,1.0749825858951307
2011-11-30,0.13874357590266811,0.41543168643835227,0.9256899399201197
2011-12-30,0.05747499741312473,0.21832765328249404,0.6270589962757767
2012-01-31,0.06948661866485323,0.17949241028410445,0.6220338226341104
2012-02-29,0.11729520850457598,0.26615264802015703,0.7114966353291872
2012-03-30,0.2370403499650668,0.5037590154830385,1.042427724929604
2012-04-30,0.11333235244108675,0.2543180981280452,0.7150545342055514
2012-05-31,-0.1197400911901958,-0.15346050392081978,0.10305324643542901
2012-06-29,-0.07147132244330962,-0.08580434239311985,0.19014953891672448
2012-07-31,-0.13031410223509132,-0.17160273469571996,0.08843022877754003
2012-08-31,-0.09337657769263458,-0.11553824686033776,0.1857142712950599
2012-09-28,-0.03662265959653854,-0.05061974899754573,0.2836626879342441
2012-10-31,-0.030369706180698897,-0.01583982845675791,0.30358792758314546
2012-11-30,-0.06853500259421177,-0.09354541564077612,0.21544050726997543
2012-12-31,0.017156884439695902,0.06337411016807126,0.42787733682259077
2013-01-31,0.13343977219111847,0.30291643897016274,0.7660276760407441
2013-02-28,0.09969973349953781,0.2064639678921426,0.6528953302987668
2013-03-28,0.09031318667840002,0.17385800826388353,0.5918109065948869
2013-04-30,-0.004320506823162623,0.019214447647177835,0.3666774018840664
2013-05-31,0.19353214569220037,0.43159025488434466,0.9056452295984978
2013-06-28,0.13817832149580556,0.6619504151492888,1.195659793348903
2013-07-31,0.2573926884943123,0.8277100938190113,1.4583543825636158
2013-08-30,0.22963146678861568,0.9094874580473016,1.5022880239221943
2013-09-30,0.29532383631575704,0.8658746882361966,1.4970253949865824
2013-10-31,0.29167932693689447,0.8213671130560024,1.4616363194455804
2013-11-29,0.37511263232803543,1.0286806136761073,1.8034077600445864
2013-12-31,0.2931377588019965,1.1555306998292951,1.889947693929839
2014-01-31,0.1606270854951068,0.8330322369698628,1.4289989962194911
2014-02-28,0.10546626709488219,0.7924741351583896,1.3622519191844924
2014-03-31,-0.02544084782563416,0.7290277360822128,1.1734368559046993
2014-04-30,-0.03138963983887538,0.6861560611558282,1.1060799453476309
2014-05-30,-0.08666864369089516,0.5278032801999988,0.8997149717476132
2014-06-30,-0.06932927656250126,0.5403165111372359,0.8879164114480813
2014-07-31,-0.13812323925046222,0.4888039279659546,0.7339337127042882
2014-08-29,-0.2103470397051368,0.30058096203271667,0.46380124604789574
2014-09-30,-0.14164230964602698,0.41548026535528804,0.5906689189937837
2014-10-31,-0.19129619360388272,0.320848149897236,0.5058974779791896
2014-11-28,-0.29158244250991266,0.15491531472481723,0.29497509772728225
2014-12-31,-0.30579155694809146,0.04515518783454797,0.061866297054459896
2015-01-30,-0.38294240351893916,-0.23414596248106312,-0.24226072619234884
2015-02-27,-0.29261467702900723,-0.03772932382408789,-0.03492497460663779
2015-03-31,-0.32758744645918214,-0.07143724903042825,-0.011767866921942982
2015-04-30,-0.2016366933469078,0.0668460641762687,0.17067614591158553
2015-05-29,-0.1630294061098707,0.13605368788091976,0.27173439624983153
2015-06-30,-0.12461208527498391,0.3031579519584844,0.5106310936229503
2015-07-31,-0.18866768896786545,0.1363721771369908,0.2719846220189641
2015-08-31,-0.12687202782820306,0.1438538463117811,0.28721711324209664
2015-09-30,-0.11582132692378866,0.08244827584091174,0.22723731588615492
2015-10-30,-0.17857561469186567,0.07758845691964567,0.20528555770628554
2015-11-30,-0.17691525304086708,0.03705035354993513,0.15354390460701417
2015-12-31,-0.18336523095167578,0.027430248829950044,0.13334245894766594
2016-01-29,-0.22561040571357294,-0.12777321088571592,0.0034679952150371562
2016-02-29,-0.3236874709281745,-0.2977124339200299,-0.22131131119714476
2016-03-31,-0.2974197975494538,-0.245016284825899,-0.14551062420705096
2016-04-29,-0.2952291598254102,-0.2326345994786745,-0.16286615274634642
2016-05-31,-0.35743141198825223,-0.30122056098547056,-0.26442415380906725
2016-06-30,-0.4671559575043185,-0.48936190001426416,-0.489540295970311
2016-07-29,-0.49219560554871133,-0.5583485037106766,-0.5922740732603629
2016-08-31,-0.4729708750063315,-0.5281665652788707,-0.5952429059844853
2016-09-30,-0.430122991964927,-0.48126536255030716,-0.5002057660111074
2016-10-31,-0.32323883566886813,-0.2977190241399541,-0.25400630793144163
2016-11-30,-0.21175240219502767,0.0481220913790148,0.15629087811530562
2016-12-30,-0.18184568128216028,0.09140844762113076,0.20714303308451587
2017-01-31,-0.14711979043692192,0.09433581712205807,0.1999040936385632
2017-02-28,-0.20147089137079166,-0.013871365811042757,0.0383067354083062
2017-03-31,-0.30708783846754173,-0.06821745621249153,0.019169123909132946
2017-04-28,-0.31824859004900774,-0.1598497754869752,-0.06456148253520277
2017-05-31,-0.3999897734726088,-0.2675569800752362,-0.18147717246975104
2017-06-30,-0.3480660545991141,-0.2239912233409438,-0.14599575838237788
2017-07-31,-0.32640362177158133,-0.20517625852348553,-0.10219081770787186
2017-08-31,-0.38791500404303814,-0.3535653332239521,-0.30247380356293707
2017-09-29,-0.3224482816567249,-0.24679839332521558,-0.18865963947909004
2017-10-31,-0.32354338120772974,-0.2745287421062228,-0.23937106637545114
2017-11-30,-0.3294200246303496,-0.3311743410985568,-0.3320517406044363
2017-12-29,-0.3970849129408802,-0.4206209199060713,-0.45042535493546465
2018-01-31,-0.29780429405959374,-0.27957108935188923,-0.32331152894049486
2018-02-28,-0.2541283891789572,-0.19532563837983785,-0.18510924911215465
2018-03-29,-0.33501982257638163,-0.35130718443113285,-0.387930504318585
2018-04-30,-0.2646781966492444,-0.2751180171211871,-0.32330902075486234
2018-05-31,-0.3316403550554363,-0.3530029138646107,-0.39532919001074474
2018-06-29,-0.22143984312870124,-0.3175275647670115,-0.36128736220540336
2018-07-31,-0.1729062246940627,-0.3005345972739324,-0.3509386362882072
2018-08-31,-0.23147103884169606,-0.3823629852451331,-0.4333932560431406
2018-09-28,-0.16837289009910705,-0.29921670191031424,-0.326783969233281
2018-10-31,-0.10314800413670833,-0.22423667422230764,-0.19986907879650317
2018-11-30,-0.22729579577571712,-0.3692527532402101,-0.35515738513664674
2018-12-31,-0.45739657571355163,-0.5574933010754219,-0.5085926566441534
2019-01-31,-0.4391818188196126,-0.5882621150587917,-0.5675232927920026
2019-02-28,-0.4000018132462513,-0.5201645716871006,-0.49649357869055555
2019-03-29,-0.5168335138124687,-0.687925324144619,-0.6855296058458817
2019-04-30,-0.4742237154516493,-0.5849580281801838,-0.5341230566973088
2019-05-31,-0.7039644191755261,-0.8165449753045837,-0.7899056833734033
2019-06-28,-0.6386334494882433,-0.7940503827900993,-0.7858695108373692
2019-07-31,-0.6326694971088727,-0.850719418681992,-0.8952853999692922
2019-08-30,-0.8373491968398661,-1.1330957451122072,-1.252311420481651
2019-09-30,-0.7159447833309998,-1.0086381843654295,-1.1207866931620536
2019-10-31,-0.6071803821950006,-0.8949221619238164,-1.0139838054685255
2019-11-29,-0.590247554856032,-0.8571288402325055,-0.9726399677493669
2019-12-31,-0.5478202994843864,-0.7065086297862011,-0.7512423120085163
2020-01-31,-0.7207247745315406,-0.9828123844679608,-1.082487914175691
2020-02-28,-0.8730712195611848,-1.1131137118418575,-1.2443347879715776
2020-03-31,-0.6778838347348506,-0.981023287096529,-1.1582030452091021
2020-04-30,-0.7213240089424144,-1.035003068377226,-1.2517717998149496
2020-05-29,-0.7267431291060459,-1.0323864831620015,-1.2072300382159977
2020-06-30,-0.7129288718657394,-1.0196442907284424,-1.1845225782044178
2020-07-31,-0.7746042700410322,-1.1168730781409857,-1.3281243937269371
2020-08-31,-0.6461971465578294,-0.9432702123642183,-1.0671695253011404
2020-09-30,-0.6701269841807078,-0.9818145584039883,-1.133683669210933
2020-10-30,-0.5899943616926147,-0.8027721036530138,-0.8731260410619134
2020-11-30,-0.6045202795554372,-0.8339941886752538,-0.9256215145451441
2020-12-31,-0.5480934005302834,-0.7418910363020474,-0.7703616672210933
2021-01-29,-0.4462459668778056,-0.5505886368275442,-0.4907782971522734
2021-02-26,-0.3590009986538578,-0.23852022796063133,-0.0736765946540674
2021-03-31,-0.24596892556487807,0.041790348571427716,0.32873795719804755
2021-04-30,-0.26707763292887066,-0.0471563447242046,0.196740942166288
2021-05-28,-0.26095798177010465,-0.07905211587061034,0.16847361134045724
2021-06-30,-0.3941052529588922,-0.2991452343906008,-0.23595848030706246
2021-07-30,-0.4668429804341699,-0.4695722062332697,-0.45487801726650456
2021-08-31,-0.4891395789138435,-0.4523032168133272,-0.4509382624639906
2021-09-30,-0.4632195909163083,-0.30446596536575987,-0.2771241711521488
2021-10-29,-0.44949418271530706,-0.35485913542977476,-0.44658300318044075
2021-11-30,-0.5263687915408383,-0.5159060243546176,-0.687809511672552
2021-12-31,-0.3839069683268367,-0.473879339734099,-0.6449550859899928
2022-01-31,-0.3007359844283888,-0.432919567129207,-0.6254672467969544
2022-02-28,-0.24038114751335216,-0.5211023654766438,-0.7602095584551138
2022-03-31,0.0070179424896053,-0.46071250163947886,-0.8303183058765939
2022-04-29,0.16677861273941108,-0.1487470617503135,-0.3659304655691167
2022-05-31,-0.04009986258214404,-0.19897841670682537,-0.35717569023010043
2022-06-30,-0.08892643759027541,-0.3058943880387046,-0.3158036960051165
2022-07-29,-0.4428478185041085,-0.7538419014865312,-0.8424955596985049
2022-08-31,-0.34628939655225954,-0.6116239100132814,-0.7271567061079658
2022-09-30,-0.18915005068014246,-0.43781766363887087,-0.4867167905448371
2022-10-31,-0.11948895272417559,-0.29749063983555146,-0.17613129929528704
2022-11-30,-0.47910246463345896,-0.7752621027139956,-0.7189722232761837
2022-12-30,-0.4105735104650483,-0.6415858360451776,-0.5500858885839794
2023-01-31,-0.5714077683925494,-0.8798536673858162,-0.7673852886388075
2023-02-28,-0.18328375301595656,-0.5865219227516629,-0.46458390351823775
2023-03-31,-0.630388695496368,-0.8315517418910128,-0.6981530742544915
2023-04-28,-0.7016527473616705,-0.9051749870608998,-0.7078517887298093
2023-05-31,-0.6553979869178397,-0.8886409469459884,-0.6556975526000106
2023-06-30,-0.4025884041457175,-0.8382814176232847,-0.7369298846824535
2023-07-31,-0.3939465524589574,-0.751727374946392,-0.6023825235246041
2023-08-31,-0.4390399599373067,-0.6811410153752533,-0.4880694605596414
2023-09-29,-0.09843665075478913,-0.18957789429084393,0.17165464500726113
2023-10-31,-0.10085282312957222,-0.0012038324110488219,0.4246919581861581
2023-11-30,-0.2615124363979344,-0.29092555272264864,0.07794519283133372
2023-12-29,-0.5590508931951845,-0.5913482353558632,-0.3122491767878648
2024-01-31,-0.49015916392171643,-0.4895651811392132,-0.18170467786493472
2024-02-29,-0.3333999056472301,-0.40235332262574985,-0.1368632191655168
2024-03-28,-0.3626310363145233,-0.4765854189034888,-0.2426855342012857
2024-04-30,-0.17959716870735498,-0.238609964915236,-0.017150030983939857
2024-05-31,-0.1814906747197762,-0.2528176059574019,0.025188740812594368
2024-06-28,-0.3046303530662682,-0.37897125693026634,-0.1028471887558906
2024-07-31,-0.3988972857926649,-0.4153806355998504,-0.09111154006682387
2024-08-30,-0.5145489375915822,-0.4212717572213003,-0.10389397142331358
2024-09-30,-0.4993672966319762,-0.36747125430839045,-0.08920853576686305
