month,corp_index,high_yield_index,corp_return,high_yield_return,corp_growth,high_yield_growth
1986-10-31,341.41,102.59,0,0,1,1
1986-11-30,347.5,103.41,0.017837790340060167,0.007992981772102503,1.0178377903400602,1.0079929817721025
1986-12-31,351.2,103.96,0.010647482014388476,0.005318634561454427,1.0286751999062709,1.013354128082659
1987-01-31,356.88,106.88,0.016173120728929513,0.0280877260484802,1.0453120881052107,1.0418169412223413
1987-02-28,359.47,108.67,0.007257341403272832,0.016747754491017952,1.0528982748015583,1.0592650355785165
1987-03-31,357.56,109.87,-0.005313378028764637,0.011042606055029047,1.0473038282417033,1.0709620820742762
1987-04-30,346.5,107.47,-0.030931871574001568,-0.021843997451533648,1.0149087607275709,1.0475679890827567
1987-05-31,344.37,106.94,-0.006147186147186123,-0.004931608821066358,1.0086699276529685,1.0424017935471295
1987-06-30,349.72,108.42,0.015535615762116484,0.013839536188516854,1.0243402360797869,1.0568281508918997
1987-07-31,347.97,108.91,-0.005004003202562002,0.004519461353993615,1.0192144342579306,1.0616044448776683
1987-08-31,345.18,110.01,-0.00801793258039496,0.010100082637039876,1.011042441639085,1.0723267374987815
1987-09-30,336.77,107.47,-0.024364099889912616,-0.023088810108171987,0.9864093025980492,1.0475679890827565
1987-10-31,346.77,104.53,0.029693856341123093,-0.027356471573462326,1.0156995987229431,1.018910225168145
1987-11-30,352.43,107.18,0.016322057848141558,0.02535157371089647,1.032277906329633,1.0447412028462815
1987-12-31,357.67,108.61,0.014868200777459428,0.013342041425639106,1.0476260214990776,1.0586801832537285
1988-01-31,371.37,111.77,0.038303464087007466,0.029094926802320176,1.087753727190182,1.0894824056925627
1988-02-29,377.61,114.85,0.016802649648598456,0.027556589424711397,1.1060308719721157,1.1195048250316795
1988-03-31,373.31,114.63,-0.011387410291041067,-0.0019155420113190491,1.0934360446384113,1.117360366507457
1988-04-30,369.61,115.08,-0.00991133374407327,0.003925673907354099,1.0825986350722008,1.1217467589433667
1988-05-31,366.81,115.54,-0.007575552609507374,0.00399721932568653,1.0743973521572303,1.1262306267667415
1988-06-30,376.66,117.91,0.026853139227392964,0.020512376666089516,1.1032482938402508,1.149332293595867
1988-07-31,376.38,119.21,-7.433759889556857e-4,0.011025358324145529,1.1024281655487536,1.1620040939662735
1988-08-31,378.88,119.48,0.006642223284977877,0.0022649106618573,1.109750739579977,1.1646359294278195
1988-09-30,387.49,120.62,0.022724873310810745,0.009541345831938441,1.1349696845435104,1.1757481235987912
1988-10-31,393.74,122.35,0.016129448501896793,0.014342563422317989,1.153276119621569,1.1926113656301784
1988-11-30,390.86,122.59,-0.007314471478640727,0.0019615856150390076,1.1448405143375997,1.1949507749293304
1988-12-31,392.57,123.12,0.0043749680192395335,0.004323354270332036,1.1498491549749563,1.200116970464958
1989-01-31,398,125.13,0.01383192806378486,0.016325536062378188,1.1657537857707738,1.2197095233453557
1989-02-28,395.42,125.87,-0.0064824120603014235,0.005913849596419718,1.1581968893705514,1.2269227020177407
1989-03-31,397.63,125.38,0.005588993981083368,-0.0038929053785652368,1.164670044814153,1.2221464080319722
1989-04-30,404.88,125.43,0.018233030706938713,3.9878768543633036e-4,1.1859055095047009,1.2226337849692954
1989-05-31,417.3,127.8,0.030675755779490332,0.018895001195886163,1.2222840572918192,1.2457354517984212
1989-06-30,430.18,129.75,0.030865085070692633,0.015258215962441257,1.2600099587006826,1.264743152354031
1989-07-31,438.44,130.27,0.019201264586917066,0.004007707129094484,1.2842037432998448,1.2698118725021934
1989-08-31,432.73,130.88,-0.013023446765806024,0.004682582329008866,1.2674789842125305,1.275757871137538
1989-09-30,434.91,129.5,0.005037783375314797,-0.010544009779951069,1.2738642687677573,1.2623062676674142
1989-10-31,443.91,126.29,0.020693936676553726,-0.024787644787644725,1.3002255352801617,1.2310166682912567
1989-11-30,446.53,126.48,0.005902097271969442,0.0015044738300735716,1.3078995928648836,1.2328687006530852
1989-12-31,447.98,125.96,0.003247262222023206,-0.004111321948134128,1.3121466858029933,1.2277999805049227
1990-01-31,441.52,122.56,-0.014420286619938438,-0.026992696093998014,1.2932251545063118,1.1946583487669367
1990-02-28,443.38,120.71,0.004212719695597,-0.015094647519582338,1.2986731495855421,1.1766254020859734
1990-03-31,444.85,122.98,0.003315440479949583,0.018805401375196817,1.3029788231159016,1.1987523150404524
1990-04-30,439.83,123.75,-0.011284702708778349,0.006261180679785205,1.2882750944612047,1.2062579198752315
1990-05-31,451.99,125.81,0.027647045449378238,0.016646464646464576,1.3238920945490757,1.2263378496929525
1990-06-30,459.58,128.97,0.016792406911657176,0.025117240282966247,1.3461234293078699,1.2571400721317865
1990-07-31,465.58,132.21,0.013055398407241459,0.02512212142358705,1.3636976069828064,1.2887220976703382
1990-08-31,457.3,126.17,-0.017784269083723436,-0.04568489524241737,1.3394452417913942,1.2298469636416804
1990-09-30,459.24,120.98,0.004242291712224011,-0.041134976618847574,1.345127559239624,1.1792572375475192
1990-10-31,463.02,117.43,0.008230990331852484,-0.029343693172425134,1.3561992911748335,1.1446534749975632
1990-11-30,472.62,118.67,0.020733445639497194,0.010559482244741458,1.3843179754547317,1.1567404230431817
1990-12-31,481,120.47,0.017730946637890987,0.015168113255245697,1.4088632436073927,1.1742859927868214
1991-01-31,486.44,122.94,0.0113097713097714,0.020503029799950223,1.4247971646993352,1.1983624134905937
1991-02-28,492.63,133.6,0.012725104843351653,0.08670896372214076,1.4429278580006444,1.3022711765279267
1991-03-31,499.01,140.22,0.012950896210137453,0.04955089820359282,1.4616150669283265,1.366799883029535
1991-04-30,505.92,145.06,0.013847417887417057,0.03451718727713593,1.481854661550628,1.413977970562433
1991-05-31,510.31,145.62,0.008677261227071353,0.003860471529022469,1.4947131015494564,1.4194365922604542
1991-06-30,509.93,148.93,-7.446454116125656e-4,0.022730394176624147,1.4936000702967105,1.4517009455112584
1991-07-31,516.68,152.93,0.013237110976016098,0.026858255556301724,1.5133710201810133,1.4906911004971246
1991-08-31,528.89,156.45,0.0236316482155301,0.02301706663179215,1.549134471749509,1.5250024368846866
1991-09-30,540.06,158.66,0.02111970353003456,0.014125918823905348,1.5818517325210153,1.5465444975143774
1991-10-31,545.41,164.04,0.00990630670666226,0.033908987772595545,1.5975220409478337,1.5989862559703674
1991-11-30,550.35,165.81,0.009057406354852304,0.0107900512070227,1.611991447233531,1.616239399551613
1991-12-31,568.73,167.66,0.033396929226855665,0.0111573487726917,1.665827011511086,1.6342723462325763
1992-01-31,561.97,173.32,-0.011886132259595894,0.033758797566503684,1.6460267713306578,1.689443415537577
1992-02-29,565.69,177.7,0.006619570439703182,0.02527117470574658,1.6569227614891184,1.7321376352471003
1992-03-31,565.22,180.2,-8.308437483427467e-4,0.014068655036578503,1.6555461175712483,1.7565064821132665
1992-04-30,568.77,181.14,0.006280740242737171,0.005216426193118684,1.6659441726955853,1.765669168534945
1992-05-31,580.83,183.81,0.02120364998153912,0.014739980125869634,1.7012682698222072,1.7916950969880108
1992-06-30,589.99,185.93,0.015770535268494923,0.01153364887655739,1.7280981810726097,1.81235987913052
1992-07-31,605.45,189.55,0.026203833963287515,0.01946969289517564,1.7733809788816957,1.8476459693927287
1992-08-31,611.24,191.96,0.009563134858369793,0.012714323397520433,1.790340060338009,1.8711375377717132
1992-09-30,619.03,194,0.012744584778483059,0.010627214002917329,1.8131572010193013,1.891022516814505
1992-10-31,610.07,191.5,-0.014474258113500005,-0.012886597938144284,1.7869130956913968,1.8666536699483387
1992-11-30,610.49,194.43,6.884455882110174e-4,0.01530026109660576,1.7881432881286419,1.8952139584754857
1992-12-31,620.59,196.9,0.01654408753624148,0.012703800853777647,1.817726487214785,1.919290379179258
1993-01-31,634.09,201.6,0.02175349264409676,0.023869984763839502,1.8572683869833915,1.9651038112876504
1993-02-28,647.81,205.2,0.021637307006891593,0.017857142857142794,1.8974546732667454,2.00019495077493
1993-03-31,652.31,208.69,0.006946481221345779,0.01700779727095525,1.9106353065229478,2.034213861000098
1993-04-30,656.95,210.12,0.007113182382609606,0.006852268915616522,1.9242260039248986,2.0481528414075454
1993-05-31,657.78,212.85,0.001263414262881346,0.01299257567104517,1.9266570985032645,2.074763622185399
1993-06-30,672.5,216.82,0.022378302776004277,0.018651632605120927,1.9697724143991084,2.113461351008871
1993-07-31,677.23,219,0.007033457249070674,0.010054423023706294,1.9836267244661834,2.134710985476168
1993-08-31,694.61,221,0.025663363997460165,0.009132420091324311,2.0345332591312486,2.1542060629691013
1993-09-30,698.45,221.98,0.00552828205755751,0.004434389140271389,2.045780732843208,2.1637586509406384
1993-10-31,702.32,226.21,0.005540840432386007,0.019055770790161297,2.057116077443542,2.2049907398381916
1993-11-30,693.36,227.39,-0.012757717279872516,0.005216391848282376,2.0308719721156367,2.2164928355590217
1993-12-31,697.73,229.78,0.00630264220606902,0.010510576542504202,2.0436718315222153,2.239789453163077
1994-01-31,709.45,234.74,0.016797328479497775,0.02158586474018631,2.078000058580591,2.2881372453455513
1994-02-28,693.38,233.11,-0.02265134963704285,-0.006943852773281023,2.0309305527078867,2.272248757188811
1994-03-31,676.19,225.58,-0.02479160056534646,-0.03230234653168029,1.9805805336691942,2.198849790427918
1994-04-30,669.14,222.77,-0.010426063680326614,-0.012456778083163367,1.959930874901144,2.171459206550347
1994-05-31,667.77,222.29,-0.002047404130675168,-0.002154688692373341,1.9559181043320335,2.166780387952043
1994-06-30,666.63,223.3,-0.0017071746259940124,0.004543614197669799,1.9525790105737957,2.1766254020859743
1994-07-31,680.04,224.77,0.020116106385851262,0.006583072100313503,1.9918572976772781,2.1909542840432805
1994-08-31,681.16,226.43,0.0016469619434151817,0.0073853272233839196,1.9951378108432665,2.207135198362415
1994-09-30,670.19,226.39,-0.01610487991074039,-1.7665503687680495e-4,1.9630063559942583,2.206745296812556
1994-10-31,668.81,226.98,-0.0020591175636761605,0.0026061221785413924,1.9589642951290225,2.2124963446729713
1994-11-30,668.34,225.03,-7.027406886856991e-4,-0.00859106529209619,1.957587651211153,2.1934886441173616
1994-12-31,674.41,227.4,0.0090822036687912,0.010531929076123214,1.9753668609589632,2.2165903109464873
1995-01-31,687.28,230.59,0.019083346925460765,0.014028144239226048,2.0130634720717016,2.2476849595477155
1995-02-28,703.76,237.98,0.023978582237224932,0.032048224120733604,2.0613338800855265,2.319719270884103
1995-03-31,711.87,241.2,0.011523814936910348,0.013530548785612329,2.0850883102428153,2.3511063456477252
1995-04-30,722.83,247.44,0.015396069507072951,0.025870646766169125,2.117190474795699,2.4119309874256762
1995-05-31,757.07,255.07,0.047369367624475966,0.030835758163595184,2.2174804487273354,2.4863047080612155
1995-06-30,763.91,256.79,0.009034831653611741,0.006743246951817161,2.2375150112767623,2.503070474705138
1995-07-31,760.17,260.13,-0.004895864696102925,0.013006737022469572,2.2265604405260517,2.535627254118336
1995-08-31,771.44,261.5,0.014825631108831061,0.005266597470495515,2.2595706042588075,2.548981382200995
1995-09-30,780.32,264.6,0.01151094057865798,0.011854684512428326,2.285580387217713,2.5791987523150413
1995-10-31,792.21,266.77,0.015237338527783528,0.008201058201058098,2.3204065493102117,2.6003509113948735
1995-11-30,806.28,269.42,0.01776044230696394,0.009933650710349795,2.3616179959579373,2.6261818890730098
1995-12-31,819.75,273.93,0.016706355112367843,0.016739662979734282,2.401072024838169,2.670143288819574
1996-01-31,824.38,278.51,0.005648063433973727,0.016719599897784043,2.4146334319439946,2.7147870162783905
1996-02-29,805.11,279.36,-0.023375142531356863,0.0030519550464975786,2.3581910313113243,2.723072424212887
1996-03-31,799.46,278.22,-0.0070176746034703585,-0.00408075601374569,2.3416420140007594,2.7119602300419157
1996-04-30,792.37,278.61,-0.008868486228204131,0.0014017683847313833,2.3208751940482095,2.715761770153037
1996-05-31,791.66,280.61,-8.960460390979863e-4,0.007178493234270222,2.3187955830233418,2.7352568476459704
1996-06-30,802.63,281.87,0.013856958795442464,0.004490217739923752,2.35092703787235,2.7475387464665184
1996-07-31,804.52,283.58,0.0023547587306729234,0.006066626459005908,2.356462903839955,2.7642070377229757
1996-08-31,802.07,287.11,-0.0030452940884004853,0.012447986458847593,2.349286781289356,2.798615849498003
1996-09-30,818.31,293.79,0.020247609310907855,0.0232663439099996,2.3968542221961835,2.863729408324399
1996-10-31,840.36,296.34,0.026945778494702477,0.008679669151434588,2.461439325151574,2.888585632127888
1996-11-30,858.93,302.29,0.022097672426103054,0.02007828845245352,2.515831405055502,2.946583487669365
1996-12-31,847.54,304.8,-0.01326068480551379,0.00830328492507193,2.482469757769248,2.9710498099229956
1997-01-31,848.74,307.09,0.0014158623781768132,0.007513123359579987,2.485984593304235,2.993371673652404
1997-02-28,850.91,311.82,0.0025567311544170135,0.015402650688723263,2.4923405875633367,3.0394775319231906
1997-03-31,840.28,307.53,-0.0124925080208248,-0.013757937271502874,2.4612050027825747,2.997660590700849
1997-04-30,853.87,311.47,0.016173180368448614,0.012811758202452062,2.501010515216305,3.036065893361928
1997-05-31,861.69,318.03,0.009158302786138384,0.02106141843516207,2.523915526785972,3.100009747538748
1997-06-30,874.89,322.94,0.015318734115517207,0.01543879508222501,2.562578717670832,3.1478701627838985
1997-07-31,907.26,331.5,0.036998937009224075,0.026506471790425534,2.6573914062271133,3.231309094453652
1997-08-31,893.86,331.1,-0.01476974626898575,-0.0012066365007540325,2.6181424094197556,3.227410078955066
1997-09-30,910.16,337.06,0.018235517866332485,0.018000604047115676,2.6658855921033324,3.2855054098840064
1997-10-31,923.06,338.78,0.014173332161378172,0.005102949029846204,2.703670074104445,3.3022711765279285
1997-11-30,925.84,341.95,0.0030117218815679525,0.009357104905838742,2.711812776427166,3.3331708743542277
1997-12-31,935.57,345.24,0.010509375270025156,0.009621289662231414,2.7403122345566877,3.365240276830103
1998-01-31,947.91,350.74,0.013189820109665629,0.015930946587880968,2.7764564599748063,3.4188517399356693
1998-02-28,946.47,352.16,-0.0015191315631229996,0.004048582995951566,2.7722386573328217,3.432693244955652
1998-03-31,951.17,355.51,0.004965820364089657,0.009512721490231524,2.7860050965115217,3.4653474997563145
1998-04-30,956.03,357.04,0.005109496725085982,0.004303676408540014,2.8002401804282204,3.4802612340384087
1998-05-31,968.12,359.18,0.012646046672175615,0.005993726193143534,2.835652148443217,3.5011209669558467
1998-06-30,976.47,361.04,0.008624963847456923,0.00517846205245287,2.860109545707503,3.5192513890242747
1998-07-31,975.67,363.34,-8.192776019745329e-4,0.00637048526479056,2.8577663220175116,3.5416707281411477
1998-08-31,977.06,345,0.0014246620271198829,-0.05047613805251272,2.861837673178872,3.3629008675309517
1998-09-30,1007.41,345.9,0.031062575481546784,0.002608695652173809,2.950733721917925,3.3716736524027713
1998-10-31,995.78,338.51,-0.011544455584121649,-0.021364556230124232,2.9166691075246733,3.299639341066384
1998-11-30,1011.14,356.07,0.015425093896242137,0.05187439071223898,2.9616590023725102,3.4708061214543364
1998-12-31,1017.16,355.43,0.005953676048816137,-0.0017973993877608008,2.979291760639696,3.464567696656598
1999-01-31,1027.55,360.23,0.010214715482323333,0.013504768871507755,3.009724378313461,3.5113558826396374
1999-02-28,1001.24,357.78,-0.025604593450440305,-0.006801210337839869,2.9326616092088655,3.4874744127107937
1999-03-31,1010.34,361.94,0.009088729974831233,0.011627256973559152,2.959315778682519,3.5280241738960942
1999-04-30,1013.85,368.56,0.0034740780331372623,0.01829032436315403,2.969596672622356,3.5925528803977023
1999-05-31,999.18,365.18,-0.014469596094096815,-0.009170827002387694,2.926627808207137,3.5596061994346453
1999-06-30,994.25,364.27,-0.004934045917652452,-0.0024919217919930903,2.9121876922175645,3.5507359391753606
1999-07-31,988.44,364.76,-0.005843600704048213,0.0013451560655557415,2.8951700301690013,3.5555122331611293
1999-08-31,985.9,360.91,-0.0025697057990369254,-0.01055488540410121,2.887730294953278,3.5179842089872335
1999-09-30,997.08,359.46,0.011339892484024894,-0.004017622121858744,2.9204768460209096,3.5038502778048564
1999-10-31,1000.18,357.51,0.0031090785092469098,-0.005424803872475348,2.929556837819627,3.484842577249247
1999-11-30,1001.56,362.17,0.0013797516447040525,0.013034600430757326,2.9335988986848625,3.5302661078077815
1999-12-31,997.97,364.36,-0.0035844083230159862,0.006046884059971891,2.9230836823760256,3.5516132176625432
2000-01-31,994.63,362.96,-0.0033467939918033762,-0.0038423537161050847,2.913300723470311,3.5379666634174898
2000-02-29,1002.33,363.74,0.007741572242944583,0.0021489971346706493,2.935854251486479,3.545569743639734
2000-03-31,1013.44,358.4,0.011084173874871484,-0.014680815967449412,2.9683957704812363,3.4935178867336023
2000-04-30,1000.92,358.41,-0.012353962740764168,2.790178571432378e-5,2.931724319732869,3.493615362121067
2000-05-31,995.34,353.9,-0.005574871118570801,-0.012583354259088853,2.9153803344951785,3.449653962374503
2000-06-30,1020.15,360.73,0.024926155886430656,0.01929923707261949,2.98804955918104,3.5162296520128695
2000-07-31,1032.21,362.67,0.011821790913101093,0.005377983533390696,3.023373656307662,3.535139877181015
2000-08-31,1045.58,366.23,0.012952790614312981,0.009816086249207379,3.0625347822266447,3.569841115118436
2000-09-30,1053.8,363.06,0.007861665295816778,-0.008655762772028508,3.0866114056413076,3.538941417292137
2000-10-31,1053.24,351.5,-5.314101347503319e-4,-0.03184046714041755,3.084971149058314,3.426259869382984
2000-11-30,1068.24,338.02,0.014241768257946985,-0.038349928876244666,3.128906593245655,3.2948630470806153
2000-12-31,1089.13,345.71,0.019555530592376247,0.022750133128217165,3.190094021850558,3.3698216200409425
2001-01-31,1117.84,367.6,0.026360489565065537,0.06331896676405102,3.2741864620251278,3.5831952432010956
2001-02-28,1128.81,373.18,0.00981356902597863,0.015179542981501593,3.306317916874136,3.6375865094063786
2001-03-31,1137.56,365.71,0.007751525943249904,-0.020017149900852238,3.331946925983418,3.5647723949702734
2001-04-30,1131.6,360.75,-0.005239284081718809,-0.013562658937409378,3.314489909492981,3.5164246027877994
2001-05-31,1143.17,367.08,0.010224460940261748,0.01754677754677747,3.3483787821094837,3.5781265230529327
2001-06-30,1148.33,357.41,0.004513764357007233,-0.02634303149177275,3.363492574909929,3.483867823374602
2001-07-31,1180.49,363.22,0.02800588680954097,0.016255840631207885,3.4576901672475877,3.5405010234915726
2001-08-31,1193.3,366.08,0.010851426102719941,0.007874015748031482,3.4952110365835765,3.5683789843064666
2001-09-30,1196.59,340.79,0.0027570602530797572,-0.06908326048951041,3.504847544008667,3.3218637294083284
2001-10-31,1222.87,351.69,0.0219624098479847,0.03198450658763452,3.5818224422248877,3.4281119017448134
2001-11-30,1212.84,364.05,-0.008202016567582793,0.03514458756291061,3.552444275211619,3.54859148065114
2001-12-31,1205.7,361.19,-0.0058870090036606815,-0.007856063727510021,3.5315310037784458,3.5207135198362454
2002-01-31,1211.93,363.19,0.005167122833208859,0.005537251861901016,3.549778858264254,3.540208597329179
2002-02-28,1221.07,358.4,0.007541689701550336,-0.013188689115889773,3.5765501889224067,3.493517886733604
2002-03-31,1198.3,367.45,-0.018647579581842155,0.025251116071428603,3.5098561846460234,3.5817331123891263
2002-04-30,1213.84,373.34,0.01296837186013522,0.016029391753979993,3.5553733048241085,3.6391461156058136
2002-05-31,1229.49,370.48,0.012892967771699793,-0.0076605774896875145,3.601212618259568,3.61126815479092
2002-06-30,1229.64,341.81,1.220018056267147e-4,-0.07738609371626004,3.601651972701441,3.3318062189297244
2002-07-31,1230.31,328.54,5.448749227414673e-4,-0.03882273777829781,3.6036144225418085,3.2024563797641137
2002-08-31,1262.82,336.74,0.026424234542513636,0.024958909113045546,3.698837175243838,3.282386197485139
2002-09-30,1287.29,331.5,0.019377266752189648,-0.015560966918097052,3.7705105298614536,3.231309094453654
2002-10-31,1270.86,328.71,-0.012763246820840735,-0.008416289592760196,3.7223865733282526,3.204113461351013
2002-11-30,1288.41,349.27,0.013809546291487784,0.06254753430075133,3.7737910430274417,3.4045228579783644
2002-12-31,1328.32,354.35,0.030976164419711072,0.014544621639419386,3.890688614861893,3.4540403548104144
2003-01-31,1332.92,364.99,0.0034630209588051297,0.030026809651474418,3.904162151079344,3.557754167072818
2003-02-28,1360.72,369.9,0.0208564655043062,0.013452423354064491,3.9855891743065484,3.6056145823179686
2003-03-31,1361.96,379.66,9.112822623316141e-4,0.02638550959718855,3.989221171026035,3.700750560483482
2003-04-30,1387.85,401.73,0.019009368850773756,0.0581309592793553,4.065053747693384,3.9158787406179987
2003-05-31,1432.09,406.33,0.03187664372950971,0.011450476688322997,4.194634017749914,3.9607174188517447
2003-06-30,1429.74,417.71,-0.001640958319658603,0.028006792508552092,4.187750798160565,4.071644409786534
2003-07-31,1369.38,412.05,-0.042217466112719704,-0.013550070623159494,4.010954570750706,4.016473340481533
2003-08-31,1380.13,417.31,0.007850268004498284,0.012765441087246643,4.0424416390849665,4.067745394287948
2003-09-30,1429.39,428.64,0.03569228985675266,0.027150080276053812,4.186725637796194,4.178185008285413
2003-10-31,1413.33,437.53,-0.011235562022960943,0.02074001493094446,4.139685422219614,4.264840627741501
2003-11-30,1420.22,443.57,0.00487501149766878,0.013804767673073925,4.159866436249667,4.323715761770159
2003-12-31,1438.7,454.1,0.013012068552759493,0.02373920688955522,4.21399490348847,4.426357344770452
2004-01-31,1454.19,461.43,0.010766664349760147,0.016141818982602807,4.2593655721859305,4.4978068037820504
2004-02-29,1471.1,460.92,0.011628466706551377,-0.0011052597360379224,4.308895462933126,4.492835559021353
2004-03-31,1486.18,464,0.010250832710216873,0.006682287598715586,4.353065229489466,4.52285797836047
2004-04-30,1440,460.94,-0.031072952132312426,-0.006594827586206886,4.217802641984706,4.493030509796283
2004-05-31,1429.8,453.69,-0.00708333333333333,-0.015728728250965385,4.1879265399373145,4.4223608538844
2004-06-30,1436.75,460.29,0.004860819695062357,0.014547378165707947,4.208283295744116,4.48669460961108
2004-07-31,1454.11,466.49,0.012082825822167909,0.013469769058636949,4.259131249816931,4.547129349839172
2004-08-31,1488.21,474.97,0.023450770574440893,0.01817831036035078,4.35901115960282,4.629788478409209
2004-09-30,1495.99,481.58,0.005227756835392894,0.013916668421163347,4.381799009987987,4.694219709523352
2004-10-31,1511.11,490.87,0.010107019431947917,0.019290668217118778,4.426085937728826,4.784774344478027
2004-11-30,1495.4,495.97,-0.01039633117377281,0.010389716218143441,4.380070882516618,4.8344867920850065
2004-12-31,1516.6,503.45,0.014176808880566938,0.015081557352259134,4.442166310301392,4.9073983819085765
2005-01-31,1528.87,502.94,0.008090465514967615,-0.0010130102294170218,4.478105503646637,4.902427137147878
2005-02-28,1519.03,510.13,-0.006436126027719813,0.014295939873543606,4.449283852259741,4.9725119407349725
2005-03-31,1502.67,496.19,-0.010770030874966197,-0.027326367788602868,4.401364927799415,4.836631250609229
2005-04-30,1523.58,490.87,0.01391523088901736,-0.01072169934903966,4.462610936996567,4.784774344478028
2005-05-31,1542.36,499.66,0.01232623163864055,0.017906981481858875,4.517618113119117,4.870455210059469
2005-06-30,1554.79,509.17,0.008059078295598932,0.019032942400832642,4.554025951202361,4.963154303538366
2005-07-31,1538.69,517.16,-0.010355096186623225,0.015692204961014866,4.506868574441282,5.0410371381226335
2005-08-31,1563.76,519.03,0.01629308047754896,0.0036159022352850734,4.58029934682639,5.059265035578526
2005-09-30,1539.02,513.83,-0.015820842072952424,-0.010018688707781664,4.507835154213403,5.008577834096901
2005-10-31,1523.19,510.09,-0.010285766266845076,-0.0072786719342974315,4.461468615447696,4.972122039185115
2005-11-30,1531.36,512.55,0.005363743196843407,0.004822678350879128,4.485398787381734,4.996100984501423
2005-12-31,1546.51,517.24,0.009893166858217617,0.00915032679738581,4.529773586010949,5.0418169412223515
2006-01-31,1543.26,525.44,-0.0021015059715100426,0.015853375609001796,4.520254239770358,5.121746758943378
2006-02-28,1549.4,528.76,0.003978590775371771,0.006318514007308096,4.538238481591043,5.154108587581646
2006-03-31,1529.88,532.06,-0.012598425196850394,0.006241016718359749,4.4810638235552505,5.186275465444985
2006-04-30,1523.8,535.48,-0.003974167908594284,0.0064278464834794935,4.463255323511315,5.219612047957901
2006-05-31,1522.58,535.15,-8.006300039375969e-4,-6.162695152014397e-4,4.459681907384077,5.216395360171567
2006-06-30,1523.72,533.12,7.487291308174715e-4,-0.0037933289731850728,4.463021001142315,5.19660785651624
2006-07-31,1546.3,538.8,0.014818995615992314,0.010654261704681867,4.529158489792325,5.25197387659617
2006-08-31,1575.23,547.52,0.01870917674448691,0.016184112843355747,4.613895316481643,5.336972414465359
2006-09-30,1592.34,554.72,0.010861905880411138,0.013150204558737721,4.664011013151336,5.407154693439919
2006-10-31,1606.07,562.82,0.008622530364118308,0.01460196134987024,4.7042265897308155,5.486109757286298
2006-11-30,1628.82,571.81,0.014165011487668577,0.015973135283038786,4.770862013414949,5.573740130617031
2006-12-31,1614.19,578.1,-0.008981962402229815,0.01100015739493898,4.72801031018423,5.6350521493323065
2007-01-31,1614.72,584.31,3.2833805190213283e-4,0.010742086144265528,4.729562695878848,5.695584364947862
2007-02-28,1647.49,592.45,0.020294540229885083,0.013930961304787104,4.825546996280125,5.774929330344102
2007-03-31,1639.46,593.83,-0.004874081178034451,0.0023293104903368,4.802026888491836,5.788380933814226
2007-04-30,1651.59,601.69,0.007398777646298038,0.013236111344997692,4.837556017691331,5.8649965883614525
2007-05-31,1635.24,605.97,-0.00989955134143461,0.007113297545247477,4.7896663835271305,5.906716054196329
2007-06-30,1627.38,595.76,-0.004806633888603473,-0.016849018928329795,4.766644210772964,5.807193683594905
2007-07-31,1632.03,577.05,0.002857353537587981,-0.031405263864643596,4.7802641984710394,5.624817233648516
2007-08-31,1648.1,583.48,0.009846632721212112,0.01114288189931556,4.827333704343743,5.687493907788296
2007-09-30,1657.34,597.74,0.005606455918937048,0.02443956947967374,4.854397937963145,5.826493810312909
2007-10-31,1675.35,601.36,0.010866810672523375,0.0060561448121256856,4.907149761284079,5.861779900575118
2007-11-30,1690.08,589.05,0.008792192676157162,-0.020470267393907227,4.9502943674760465,5.741787698606115
2007-12-31,1689.14,590.78,-5.561866893873946e-4,0.0029369323486971854,4.947541079640307,5.758650940637502
2008-01-31,1709.1,582.75,0.011816664101258478,-0.013592200142184874,5.006004510705594,5.680378204503376
2008-02-29,1710.33,575.83,7.196770229944693e-4,-0.011874731874731759,5.009607217128956,5.612925236377828
2008-03-31,1687.63,572.84,-0.013272292481567805,-0.0051925047322994855,4.943118244925447,5.583780095525893
2008-04-30,1697.29,596.71,0.005724003484175899,0.04166957614691702,4.971412670982094,5.816453845404049
2008-05-31,1681.84,599.26,-0.009102746142379936,0.0042734326557287705,4.9261591634691335,5.841310069207538
2008-06-30,1675.39,583.21,-0.0038350853826759623,-0.02678303240663482,4.907266922468578,5.68486207232675
2008-07-31,1660.96,573.86,-0.008612919976841216,-0.016031961043192045,4.865001025160356,5.593722585047288
2008-08-31,1672.62,575.71,0.007020036605336566,0.0032237828041683514,4.899153510441981,5.611755531728251
2008-09-30,1549.89,527.94,-0.07337590128062543,-0.08297580379010261,4.539673706101161,5.146115605809545
2008-10-31,1435.49,441.9,-0.07381168986186126,-0.1629730651210366,4.204592718432376,4.307437372063563
2008-11-30,1491.16,404.63,0.038781182732028796,-0.08434034849513461,4.3676517969596595,3.9441466029827557
2008-12-31,1573.98,434.88,0.05554065291450949,0.07475965697056575,4.61023402946603,4.239009650063369
2009-01-31,1579.22,457.96,0.003329140141552056,0.05307211184694616,4.625582144635474,4.463982844331816
2009-02-28,1554.62,442.09,-0.015577310317751891,-0.034653681544239645,4.553528016168235,4.3092894044253915
2009-03-31,1551.4,456.69,-0.002071245706346092,0.033024949670881654,4.54409654081602,4.451603470123804
2009-04-30,1599.25,509.05,0.030843109449529393,0.11465107622238291,4.684250607773636,4.961984598888793
2009-05-31,1668.57,545.26,0.04334531811786779,0.07113250171888819,4.8872909405114004,5.3149429768983465
2009-06-30,1719.22,562.6,0.03035533420833403,0.031801342478817496,5.035646290383987,5.483965298762077
2009-07-31,1787.09,597.39,0.03947720477891137,0.061837895485246985,5.234439530183641,5.823082171751647
2009-08-31,1825.74,609.54,0.021627338298574772,0.020338472354743065,5.347646524706356,5.941514767521215
2009-09-30,1862.31,645.96,0.020030234315948636,0.05974997539127869,5.454761137635092,6.2965201286675265
2009-10-31,1877.52,657.5,0.008167276124812828,0.017864883274506083,5.499311678041056,6.40900672580175
2009-11-30,1904.09,664.16,0.01415164685329584,0.010129277566539807,5.577135994844899,6.473925333853217
2009-12-31,1885,684.98,-0.010025786596221775,0.03134786798361855,5.521220819542477,6.676869090554651
2010-01-31,1922.86,695.36,0.02008488063660474,0.015153727116120175,5.632113880671325,6.778048542742973
2010-02-28,1930.07,696.44,0.0037496229574696116,0.0015531523239762368,5.653232184177373,6.788575884589158
2010-03-31,1936.76,718,0.0034661955265871125,0.030957440698409,5.672827392284927,6.998732819962976
2010-04-30,1970.81,734.08,0.017580908321113586,0.02239554317548742,5.77256085059019,7.155473243006158
2010-05-31,1959.55,708.23,-0.005713386881535998,-0.035214145597210145,5.73957997715356,6.9034993664099975
2010-06-30,1999.87,717.47,0.02057615268811719,0.013046609152393973,5.857678451129131,6.9935666244273484
2010-07-31,2040.8,742.33,0.02046633031147027,0.03464953238462942,5.977563633168322,7.235890437664508
2010-08-31,2085.47,743.49,0.021888475107800787,0.0015626473401317842,6.108403385958222,7.247197582610409
2010-09-30,2097.78,765.56,0.00590274614355546,0.02968432662174325,6.144459740487968,7.462325762744925
2010-10-31,2102.19,784.13,0.0021022223493407655,0.02425675322639642,6.157376761079046,7.6433375572668085
2010-11-30,2084.21,775.38,-0.008552985220175113,-0.011158863963883547,6.104712808646488,7.558046593235226
2010-12-31,2064.45,789.04,-0.009480810474952195,0.017617168356160784,6.046835183503697,7.691197972511959
2011-01-31,2069.34,805.62,0.0023686696214488823,0.02101287640677274,6.0611581383087705,7.852812164928373
2011-02-28,2084,816.4,0.007084384393091447,0.01338099848563834,6.104097712427865,7.957890632615283
2011-03-31,2084.57,819.83,2.7351247600782e-4,0.004201371876531246,6.105767259306984,7.991324690515664
2011-04-30,2119.97,832.29,0.016981919532565337,0.015198272812656288,6.209454907589108,8.112779023296637
2011-05-31,2150.32,836.36,0.014316240324155682,0.004890122433286459,6.298350956328161,8.152451505994756
2011-06-30,2132.41,827.96,-0.008328992894081066,-0.010043521928356225,6.245892035968475,8.070572180524437
2011-07-31,2181.34,838.18,0.022945868758822208,0.012343591477849136,6.389209454907581,8.170192026513325
2011-08-31,2183.58,804.6,0.0010268917271034628,-0.0400629936290533,6.395770481239556,7.842869675406979
2011-09-30,2180.66,775.67,-0.0013372535011312303,-0.03595575441213028,6.387217714771087,7.560873379471702
2011-10-31,2218.92,821.87,0.017545146882136597,0.05956141142496163,6.49928238774493,8.011209669558456
2011-11-30,2177.51,803.7,-0.018662232076866125,-0.022108119288938632,6.377991271491746,7.834096890535159
2011-12-31,2219.45,823.62,0.019260531524539326,0.024785367674505343,6.50083477343955,8.028267862364771
2012-01-31,2267.9,847.53,0.021829732591407858,0.029030378086981834,6.64274625816466,8.261331513792786
2012-02-29,2287.15,866.84,0.008488028572688489,0.022783854258846326,6.699130078205082,8.449556486987056
2012-03-31,2273.65,866.03,-0.005902542465513805,-9.344284989156737e-4,6.659588178436476,8.441660980602418
2012-04-30,2302.66,874.88,0.012759219756778739,0.010219045529600512,6.744559327494792,8.527926698508645
2012-05-31,2315.99,864.32,0.005788957119157834,-0.012070226773957526,6.783603292229276,8.42499268934596
2012-06-30,2327.55,881.89,0.004991385973169393,0.020328119215105467,6.817462874549655,8.596256945121375
2012-07-31,2392.89,898.79,0.028072436682348156,0.01916338772409265,7.008845669429709,8.76099034993666
2012-08-31,2402.45,909.63,0.003995169021559608,0.012060659330878298,7.036847192525107,8.86665366994836
2012-09-30,2420.2,922.59,0.007388291119482249,0.014247551202137165,7.088837468146793,8.992981772102565
2012-10-31,2452.05,930.2,0.013160069415750986,0.008248517759784857,7.182127061304581,9.067160541963176
2012-11-30,2450.04,937.1,-8.197222732000409e-4,0.00741775962158675,7.176239711783477,9.134418559313794
2012-12-31,2449.56,951.96,-1.959151687319638e-4,0.015857432504535307,7.174833777569482,9.279266985086288
2013-01-31,2431.99,965.06,-0.0071727167328010655,0.01376108239842,7.1233707272780435,9.406959742664998
2013-02-28,2449.18,969.53,0.007068285642621852,0.00463183636250597,7.173720746316736,9.450531240861704
2013-03-31,2450.8,979.52,6.614458716796001e-4,0.010303961713407528,7.178465774288969,9.547909152938905
2013-04-30,2492.46,997.71,0.016998531091888314,0.018570320156811482,7.300489147945276,9.725216882737131
2013-05-31,2435.61,992.41,-0.02280879131460478,-0.005312164857523838,7.133973814475255,9.673554927380858
2013-06-30,2368.39,966.25,-0.02759883560997045,-0.026360072953718672,6.93708444392372,9.418559313773294
2013-07-31,2385.89,984.42,0.007388985766702216,0.01880465717981883,6.988342462142283,9.595672092796589
2013-08-31,2367.56,977.48,-0.00768266768375736,-0.007049836451920921,6.9346533493453535,9.528024173896112
2013-09-30,2389.46,988.02,0.009250029566304496,0.010782829316200893,6.99879909785887,9.630763232283869
2013-10-31,2425.22,1012.31,0.014965724473311903,0.02458452258051458,7.10354119680149,9.867530948435542
2013-11-30,2418.24,1017.01,-0.002878089410445206,0.004642846558860381,7.083096570106314,9.913344380543935
2013-12-31,2413.9,1022.59,-0.001794693661505753,0.00548667171414241,7.070384581588112,9.967735646749217
2014-01-31,2456.97,1030.15,0.017842495546625647,0.0073929923038560386,7.196537886998028,10.041427039672506
2014-02-28,2483.93,1050.8,0.010972864951545924,0.02004562442362756,7.275504525350741,10.242713714787039
2014-03-31,2485.7,1053.23,7.125804672434288e-4,0.0023125237913970143,7.280688907764847,10.266400233940953
2014-04-30,2514.68,1060.53,0.01165868769360734,0.0069310596925646895,7.365572185934789,10.337557266790157
2014-05-31,2553.13,1071.2,0.01529021585251411,0.01006100723223291,7.478193374535006,10.441563505214955
2014-06-30,2557.41,1080.26,0.001676373705999934,0.008457804331590602,7.490729621276459,10.52987620625794
2014-07-31,2554.4,1065.97,-0.0011769720146553864,-0.013228296891489078,7.481913242142866,10.390583877570933
2014-08-31,2590.85,1082.17,0.014269495772001095,0.015197425818737953,7.588676371518103,10.548494005263692
2014-09-30,2558.64,1059.47,-0.012432213366269762,-0.020976371549756512,7.49433232769982,10.327224875718901
2014-10-31,2582.52,1071.53,0.009333083200450343,0.011383050015573826,7.5642775548460675,10.444780193001288
2014-11-30,2598.92,1063.87,0.006350386444248235,-0.007148656593842562,7.612313640490893,10.370114046203353
2014-12-31,2595.28,1048.18,-0.0014005817801240328,-0.014748042523992422,7.601651972701432,10.217175163271296
2015-01-31,2666.4,1055.41,0.027403594217194183,0.006897670247476562,7.809964558741676,10.287649868408248
2015-02-28,2644.11,1080.59,-0.008359585958595872,0.023858026738423854,7.744676488679287,10.533092894044275
2015-03-31,2653.93,1074.85,0.0037139150791758446,-0.005311912936451391,7.773439559473932,10.477142021639557
2015-04-30,2639.76,1087.74,-0.005339251600456563,0.011992371028515691,7.731935209864958,10.602787796081511
2015-05-31,2626.42,1090.96,-0.00505348971118591,0.002960266240094267,7.69286195483435,10.634174870845134
2015-06-30,2583.36,1074.32,-0.016394940641633826,-0.015252621544328049,7.566737939720557,10.47197582610393
2015-07-31,2597.28,1067.71,0.005388331475288055,-0.006152729168217963,7.60751003192641,10.407544594989787
2015-08-31,2579.86,1048.9,-0.006707016571182223,-0.017617143231776322,7.556486336076844,10.224193391168752
2015-09-30,2593.38,1021.69,0.005240594450861558,-0.02594146248450757,7.5960868164377,9.9589628618774
2015-10-31,2607.28,1049.54,0.005359800723380381,0.027258757548767054,7.636800328051303,10.23043181596649
2015-11-30,2601.44,1025.98,-0.00223988217606097,-0.022447929569144542,7.6196947951143645,10.00077980309974
2015-12-31,2578.89,999.52,-0.008668276031736366,-0.025789976412795568,7.5536451773527284,9.742859927868233
2016-01-31,2590.2,983.71,0.0043856077614787825,-0.015817592444373196,7.586772502269983,9.5887513402866
2016-02-29,2609.23,988.28,0.007346923017527596,0.004645678096186767,7.642511935795656,9.63329759235795
2016-03-31,2680.05,1031.97,0.027142107058404363,0.04420811915651446,7.849945812952154,10.059167560191074
2016-04-30,2716.51,1073.2,0.013604223801794824,0.0399527118036378,7.956738232623518,10.46105858270789
2016-05-31,2714.74,1080.95,-6.515713176098448e-4,0.007221393961982958,7.951553850209411,10.536602007993007
2016-06-30,2773.91,1092.66,0.021795825751268927,0.010833063508950413,8.124864532380407,10.65074568671413
2016-07-31,2814.14,1120.26,0.01450299396880217,0.025259458568996696,8.242699393690854,10.919777756116606
2016-08-31,2821.85,1145.22,0.002739735762968376,0.02228054201703178,8.265282212003147,11.163076323228411
2016-09-30,2813.72,1152.62,-0.0028810886475184594,0.006461640558145909,8.241469201253608,11.235208109952262
2016-10-31,2790.43,1156.23,-0.008277298380791276,0.0031319949332826447,8.173252101578731,11.270396724827009
2016-11-30,2715.67,1151.67,-0.026791569758065847,-0.003943852001764281,7.954277847749026,11.225947948143121
2016-12-31,2732.66,1174.32,0.0062562829798906705,0.019667092135768005,8.004042060865219,11.446729700750588
2017-01-31,2743.87,1190.09,0.004102230061551859,0.013429048300293012,8.036876482821226,11.600448386782366
2017-02-28,2774.91,1208.66,0.01131248929431794,0.015603861892798054,8.127793561992897,11.78146018130425
2017-03-31,2771.49,1206.12,-0.0012324724045104096,-0.0021015008356363163,8.117776280718184,11.756701432888224
2017-04-30,2799.14,1219.79,0.00997658299326365,0.011333863960468316,8.198763949503515,11.889950287552422
2017-05-31,2831.68,1230.68,0.011624999106868428,0.008927766254847258,8.29407457309392,11.996100984501444
2017-06-30,2838.63,1231.98,0.002454373375522678,0.0010563265836773805,8.31443132890072,12.008772784871852
2017-07-31,2859.84,1246.19,0.0074719142685026885,0.011534278153866095,8.37655604698162,12.14728531045914
2017-08-31,2884.06,1245.87,0.00846900525903549,-2.567826735891954e-4,8.447497144196113,12.14416609806027
2017-09-30,2877.48,1257.06,-0.002281505932608896,0.008981675455705718,8.428224129345931,12.25324105663323
2017-10-31,2889.09,1261.91,0.0040347804328788595,0.0038582088364915723,8.462230163146934,12.300516619553594
2017-11-30,2885.04,1258.53,-0.0014018254883025882,-0.0026784794478212914,8.450367593216352,12.267569938590537
2017-12-31,2909.64,1262.2,0.008526744863156077,0.0029161005299833676,8.52242172168359,12.303343405790068
2018-01-31,2882.75,1270.29,-0.009241693130421558,0.006409443828236272,8.443660115403752,12.382200994248981
2018-02-28,2839.61,1258.45,-0.01496487728731244,-0.009320706295412817,8.31730177792096,12.266790135490817
2018-03-31,2845.72,1250.68,0.0021517039311735875,-0.006174261988954655,8.33519814885327,12.191051759430772
2018-04-30,2821.48,1259,-0.008518055184628115,0.006652381104679028,8.264198471046527,12.272151281801374
2018-05-31,2834.18,1258.81,0.004501183775890594,-1.5091342335193936e-4,8.301397147125142,12.270299249439544
2018-06-30,2818.89,1263.15,-0.005394858477584363,0.003447700606128201,8.25661228435018,12.312603567599211
2018-07-31,2839.77,1277.27,0.007407170907697713,0.011178403198353282,8.317770422658958,12.450238814699318
2018-08-31,2855.22,1286.52,0.005440581455540272,0.007242008345925255,8.363023930171916,12.540403548104134
2018-09-30,2845.93,1293.99,-0.0032536897331904013,0.005806361346889277,8.335813245071892,12.613217662540238
2018-10-31,2807.48,1272.8,-0.013510522043760687,-0.016375706149197478,8.223192056471675,12.406667316502611
2018-11-30,2802.12,1261.25,-0.001909185461695273,-0.009074481458202333,8.207492457748732,12.294083243980925
2018-12-31,2844.18,1233.61,0.01501006380883041,-0.021914767096134824,8.330687443250033,12.024661273028588
2019-01-31,2903.72,1290.27,0.02093397745571668,0.045930237271098795,8.505081866377653,12.576956818403385
2019-02-28,2914.16,1312.05,0.003595387985067422,0.01688018786765566,8.535660935532041,12.789258212301426
2019-03-31,2986.72,1324.91,0.02489911329508332,0.009801455737205256,8.74819132421427,12.914611560580987
2019-04-30,3003.35,1343.45,0.005567980928911975,0.013993403325508913,8.796901086669969,13.095330928940477
2019-05-31,3046.43,1326.37,0.014343982552815993,-0.012713536045256713,8.92308368237601,12.928842967150828
2019-06-30,3116.5,1358.89,0.023000692613977636,0.024518045492585294,9.12832078732314,13.245832927185923
2019-07-31,3136.92,1365.85,0.006552222043959555,0.005121827373812282,9.188131572010175,13.313675796861327
2019-08-31,3232.16,1371.18,0.030360991035792928,0.003902331881246335,9.467092352303661,13.365630178379998
2019-09-30,3212.17,1375.53,-0.006184718578288173,0.003172450006563521,9.40854105035,13.408031971927125
2019-10-31,3231.82,1378.72,0.006117359915571052,0.0023191060900162874,9.466096482235415,13.439126620528354
2019-11-30,3238.82,1382.49,0.0021659622132421674,0.0027344203319019655,9.48659968952284,13.475874841602531
2019-12-31,3249.02,1411.39,0.0031492951136524727,0.02090431033859197,9.516475791570231,13.757578711375414
2020-01-31,3326.21,1411.45,0.02375793316138397,4.251128320298392e-5,9.742567587358286,13.7581635637002
2020-02-29,3369.13,1389.57,0.012903574939646001,-0.0155017889404514,9.86828153832633,13.544887415927512
2020-03-31,3117.32,1226.17,-0.07474036323917443,-0.11759033370035321,9.130722591605382,11.952139584754882
2020-04-30,3281.69,1272.77,0.052727984294201447,0.03800451813370076,9.61216718901026,12.40637489034022
2020-05-31,3339.06,1330.99,0.01748184624385596,0.045742750064819315,9.780205617878774,12.973876596159505
2020-06-30,3406.35,1343.96,0.020152378214227884,0.009744626180512306,9.977300020503185,13.100302173701175
2020-07-31,3513.67,1408.17,0.03150586404802791,0.047776719545224555,10.291643478515544,13.726191636611793
2020-08-31,3473.12,1422.03,-0.011540639843810041,0.009842561622531276,10.1728713277291,13.861292523637816
2020-09-30,3463.95,1407.21,-0.002640277329893581,-0.010421721060737021,10.14601212618257,13.716833999415185
2020-10-31,3458,1413.79,-0.0017176922299686481,0.004675919017061991,10.12858439998826,13.780972804366932
2020-11-30,3550.19,1470.38,0.026659919028340084,0.04002716103523163,10.398611639963656,14.332586022029474
2020-12-31,3567.63,1498.42,0.004912413138451699,0.019069900297882247,10.44969391640547,14.605907008480399
2021-01-31,3524.11,1504.16,-0.01219857440373584,0.0038307016724283827,10.322222547669933,14.661857880885117
2021-02-28,3455.19,1509.4,-0.019556710772365204,0.0034836719497925994,10.120353826777164,14.712934983916602
2021-03-31,3407.27,1511.97,-0.013868991285573284,0.0017026633099244126,9.979994727746673,14.737986158495021
2021-04-30,3447.81,1528.55,0.011898088499003645,0.010965826041521964,10.098737588236993,14.899600350911435
2021-05-31,3472.02,1532.96,0.007021848651752816,0.002885087174119283,10.16964939515536,14.942586996783353
2021-06-30,3529.82,1553.91,0.016647369542802215,0.013666370942490458,10.338947306757246,15.146797933521828
2021-07-31,3572.51,1559.44,0.01209410111563769,0.0035587646646202398,10.46398758091442,15.200701822789789
2021-08-31,3565.44,1567.95,-0.0019790007585703817,0.0054570871594932235,10.443279341554119,15.28365337752222
2021-09-30,3527.75,1568.47,-0.010570925327589298,3.3164322841927607e-4,10.332884215459394,15.288722097670384
2021-10-31,3536.56,1565.68,0.002497342498759769,-0.0017788035474060049,10.358688966345424,15.261526464567742
