S,C_0,C_5,C_10,C_25
80,0,4.602007811640634e-18,1.2102480709114821e-5,0.21035189993116177
80.05,0,5.71321455924809e-18,1.2826158460253236e-5,0.21298191620002527
80.1,0,7.087464394103101e-18,1.3590660258947949e-5,0.21563886955573786
80.15,0,8.785753681759258e-18,1.4398141015106378e-5,0.21832296125940154
80.2,0,1.0882922500338182e-17,1.525086088484417e-5,0.22103439326725116
80.25,0,1.3470726911221897e-17,1.6151189949271645e-5,0.22377336822528715
80.3,0,1.66615772160486e-17,1.7101613077696734e-5,0.22654008946381943
80.35,0,2.0593083048281642e-17,1.8104734981455595e-5,0.22933476099195804
80.4,0,2.543357517148914e-17,1.91632854646003e-5,0.23215758749201587
80.45,0,3.138880869742668e-17,2.0280124877890054e-5,0.23500877431385891
80.5,0,3.8710094228509984e-17,2.1458249782773916e-5,0.23788852746915712
80.55,0,4.770415351771577e-17,2.2700798832089083e-5,0.24079705362559345
80.6,0,5.874505622320271e-17,2.4011058874341597e-5,0.24373456010098415
80.65,0,7.228866611216498e-17,2.539247128887593e-5,0.24670125485733152
80.7,0,8.889011088887795e-17,2.684863855881856e-5,0.2496973464948109
80.75,0,1.0922489235002742e-16,2.838333108969764e-5,0.2527230442456698
80.8,0,1.3411437596212644e-16,3.0000494280855473e-5,0.25577855796810045
80.85,0,1.6455654494179024e-16,3.1704255857681416e-5,0.25886409813999034
80.9,0,2.0176307790594012e-16,3.349893347264193e-5,0.26197987585263416
80.95,0,2.47204016370237e-16,3.5389042582865005e-5,0.26512610280436455
81,0,3.0266153490362387e-16,3.737930461289061e-5,0.2683029912941395
81.05,0,3.7029461992046064e-16,3.9474655410813575e-5,0.271510754215015
81.1,0,4.52716811336301e-16,4.168025400645573e-5,0.27474960504760304
81.15,0,5.530895747479003e-16,4.400149168035496e-5,0.27801975785342226
81.2,0,6.752343621690107e-16,4.644400135241349e-5,0.2813214272681934
81.25,0,8.237670005772696e-16,4.9013667299494836e-5,0.28465482849508117
81.3,0,1.0042587358015644e-15,5.171663521095441e-5,0.28802017729786034
81.35,0,1.2234290737635193e-15,5.455932259179966e-5,0.29141768999399886
81.4,0,1.4893765241675904e-15,5.754842952290784e-5,0.29484758344771667
81.45,0,1.811854489479787e-15,6.069094978822503e-5,0.2983100750629353
81.5,0,2.202600885266238e-15,6.399418237860478e-5,0.30180538277619373
81.55,0,2.675731662380034e-15,6.746574338276166e-5,0.30533372504948986
81.6,0,3.248210269023599e-15,7.111357827521442e-5,0.3088953208630505
81.65,0,3.940407290094109e-15,7.49459746119431e-5,0.31249038970806
81.7,0,4.776767089711851e-15,7.897157514403022e-5,0.31611915157929804
81.75,0,5.786601326183148e-15,8.319939136030262e-5,0.3197818269677377
81.8,0,7.0050327850619765e-15,8.763881746963985e-5,0.32347863685307576
81.85,0,8.474117173995173e-15,9.229964483412761e-5,0.3272098026961947
81.9,0,1.0244175449249699e-14,9.719207686404233e-5,0.3309755464315769
81.95,0,1.2375375016051413e-14,1.0232674438614628e-4,0.33477609045964485
82,0,1.49396049085973e-14,1.0771472149663161e-4,0.33861165763904477
82.05,0,1.802269796917658e-14,1.133675419105265e-4,0.342482471278891
82.1,0,2.1727062301633436e-14,1.1929721581884455e-4,0.34638875513092504
82.15,0,2.6174795090868072e-14,1.2551624726572438e-4,0.35033073338162524
82.2,0,3.1511364506518945e-14,1.3203765205751193e-4,0.35430863064426354
82.25,0,3.790996014555051e-14,1.388749762154546e-4,0.3583226719509165
82.3,0,4.5576629643088335e-14,1.4604231498467624e-4,0.3623730827443765
82.35,0,5.4756339091442555e-14,1.5355433241154987e-4,0.366460088870066
82.4,0,6.574011819719733e-14,1.6142628150164415e-4,0.3705839165678597
82.45,0,7.887347819564229e-14,1.6967402497128532e-4,0.3747447924638596
82.5,0,9.456632202377343e-14,1.7831405660453242e-4,0.3789429435621017
82.55,0,1.1330460281262872e-13,1.8736352322895264e-4,0.38317859723625247
82.6,0,1.3566402918294184e-13,1.9684024732260705e-4,0.38745198122120783
82.65,0,1.6232616501579954e-13,2.0676275026466906e-4,0.3917633236046676
82.7,0,1.9409732835631827e-13,2.1715027624334346e-4,0.3961128528186233
82.75,0,2.31930760090266e-13,2.2802281683320658e-4,0.40050079763085034
82.8,0,2.7695260933283634e-13,2.394011362553683e-4,0.40492738713630505
82.85,0,3.3049237070463636e-13,2.5130679733287656e-4,0.40939285074848364
82.9,0,3.941185105361168e-13,2.6376218815512414e-4,0.41389741819073844
82.95,0,4.696801366376959e-13,2.7679054946368534e-4,0.4184413194875427
83,0,5.593557018619404e-13,2.9041600277218e-4,0.42302478495569495
83.05,0,6.657098879515371e-13,3.0466357923454937e-4,0.4276480451955269
83.1,0,7.917599960583934e-13,3.195592492727002e-4,0.4323113310819684
83.15,0,9.410533773136858e-13,3.3512995297832124e-4,0.4370148737556745
83.2,0,1.117757674804647e-12,3.514036313003663e-4,0.44175890461404155
83.25,0,1.3267659216887347e-12,3.684092580317974e-4,0.44654365530218065
83.3,0,1.57381885388634e-12,3.861768726078872e-4,0.4513693577038911
83.35,0,1.865647155798373e-12,4.047376137288998e-4,0.45623624393252626
83.4,0,2.2101367698884926e-12,4.241237538197204e-4,0.4611445463218997
83.45,0,2.616520873381901e-12,4.4436873433886803e-4,0.46609449741706754
83.5,0,3.0956026658372264e-12,4.655072019489129e-4,0.47108632996510647
83.55,0,3.660013729548528e-12,4.8757504556103115e-4,0.476120276905875
83.6,0,4.32451343069196e-12,5.10609434264904e-4,0.4811965713626929
83.65,0,5.106335635616239e-12,5.346488561572896e-4,0.4863154466330073
83.7,0,6.02558993640349e-12,5.597331580783002e-4,0.4914771361790127
83.75,0,7.105725627975536e-12,5.859035862700521e-4,0.4966818736182361
83.8,0,8.37406787372787e-12,6.13202827966744e-4,0.5019298927140952
83.85,0,9.86243685547323e-12,6.416750539271765e-4,0.5072214273663889
83.9,0,1.1607862249483456e-11,6.713659619220214e-4,0.5125567116018015
83.95,0,1.365340712704823e-11,7.02322821184917e-4,0.5179359795643279
84,0,1.604911737253065e-11,7.345945178375904e-4,0.5233594655056866
84.05,0,1.885311497582659e-11,7.682316013008297e-4,0.5288274037757219
84.1,0,2.2132856121043355e-11,8.032863316970867e-4,0.5343400288127089
84.15,0,2.5966577901845757e-11,8.39812728259004e-4,0.5398975751337076
84.2,0,3.0444960783726664e-11,8.778666187475165e-4,0.5455002773248285
84.25,0,3.56730376563033e-11,9.175056898921563e-4,0.5511483700314823
84.3,0,4.1772384527349956e-11,9.58789538859639e-4,0.5568420879486329
84.35,0,4.888363265978249e-11,0.0010017797257580452,0.5625816658109706
84.4,0,5.716934731893426e-11,0.0010465398271864296,0.5683673383831138
84.45,0,6.681732434218127e-11,0.0010931354908332303,0.5741993404497112
84.5,0,7.804436255860928e-11,0.001141634491131277,0.5800779068056112
84.55,0,9.110057775822135e-11,0.0011921067859774342,0.5860032722459287
84.6,0,1.0627433254179899e-10,0.0012446245745184603,0.5919756715561313
84.65,0,1.2389786608514543e-10,0.0012992623560097172,0.5979953395020736
84.7,0,1.4435371875491725e-10,0.0013560969897512543,0.6040625108200413
84.75,0,1.680820587398207e-10,0.0014152077561043475,0.6101774202067638
84.8,0,1.955890315909096e-10,0.0014766764185921433,0.6163403023093537
84.85,0,2.2745626894050374e-10,0.0015405872870860593,0.6225513917153389
84.9,0,2.643517098800069e-10,0.0016070272820787046,0.6288109229425682
84.95,0,3.070419077606904e-10,0.0016760860000493566,0.635119130429155
85,0,3.564060167118645e-10,0.0017478557799141675,0.6414762485233627
85.05,0,4.1345167624569406e-10,0.0018224317705707593,0.6478825114735365
85.1,0,4.793330391806777e-10,0.001899911999526771,0.6543381534179833
85.15,0,5.553712180971831e-10,0.001980397442616938,0.6608434083747969
85.2,0,6.430774589279856e-10,0.002063992094804956,0.667398510231747
85.25,0,7.441793874963817e-10,0.002150803042064192,0.674003692736111
85.3,0,8.606507162177591e-10,0.0022409405343379873,0.6806591894844871
85.35,0,9.947448442275885e-10,0.002334518059567442,0.687365233912633
85.4,0,1.1490328353045745e-9,0.0024316524187914246,0.6941220592852275
85.45,0,1.3264463148143512e-9,0.0025324638023000168,0.7009298986857324
85.5,0,1.5303258898395064e-9,0.002637075866844224,0.7077889850060988
85.55,0,1.7644757665125834e-9,0.0027456158138871034,0.7146995509366256
85.6,0,2.0332253159375434e-9,0.002858214468892728,0.7216618289556731
85.65,0,2.3414984256253086e-9,0.0029750063616321987,0.7286760513194412
85.7,0,2.6948915680983144e-9,0.0030961298075120047,0.7357424500517578
85.75,0,3.099761622830633e-9,0.003221726989893592,0.7428612569337876
85.8,0,3.563324603249878e-9,0.0033519440434092163,0.7500327034938259
85.85,0,4.093766567859287e-9,0.003486931138244165,0.7572570209970255
85.9,0,4.700368134997564e-9,0.003626842565380567,0.764534440435142
85.95,0,5.393644175370768e-9,0.0037718368227826204,0.7718651925162927
86,0,6.18550042688826e-9,0.003922076702506605,0.7792495076546935
86.05,0,7.089408963169862e-9,0.0040777293787142566,0.7866876159604086
86.1,0,8.12060465320975e-9,0.004238966496577012,0.7941797472290943
86.15,0,9.296304975118937e-9,0.004405964262041262,0.80172613093176
86.2,0,1.0635955794771053e-8,0.004578903532442946,0.8093269962044953
86.25,0,1.2161505991564804e-8,0.004757969907940307,0.8169825718382722
86.3,0,1.3897714111162438e-8,0.00494335382374117,0.8246930862686526
86.35,0,1.5872490549831614e-8,0.005135250643111544,0.8324587675656137
86.4,0,1.811727913164796e-8,0.005333860751116748,0.8402798434232697
86.45,0,2.0667482327741675e-8,0.005539389649095117,0.8481565411496881
86.5,0,2.3562934791855192e-8,0.005752048049808167,0.8560890876566702
86.55,0,2.6848430348254236e-8,0.005972051973260117,0.864077709449564
86.6,0,3.057430807357386e-8,0.006199622843138519,0.872122632617037
86.65,0,3.4797103662233486e-8,0.0064349875838597415,0.8802240828209467
86.7,0,3.958027286384827e-8,0.006678378718164735,0.8883822852861147
86.75,0,4.49949944285714e-8,0.0069300344652575285,0.8965974647902417
86.8,0,5.112106070417743e-8,0.007190198839423012,0.9048698456537103
86.85,0,5.8047864791889515e-8,0.007459121749105069,0.9131996517294763
86.9,0,6.587549400048441e-8,0.007737059096402432,0.9215871063929502
86.95,0,7.47159402340853e-8,0.008024272876939242,0.9300324325319256
87,0,8.469443892637426e-8,0.00832103128006989,0.938535852536468
87.05,0,9.595094918340662e-8,0.008627608789379182,0.9470975882888659
87.1,0,1.0864178893632597e-7,0.008944286283437242,0.9557178611535928
87.15,0,1.2294144013191998e-7,0.009271351136750261,0.964396891967283
87.2,0,1.3904454031672008e-7,0.00960909732088211,0.9731349010286898
87.25,0,1.5716807839136605e-7,0.009957825505682694,0.9819321080887882
87.3,0,1.775538138575411e-7,0.010317843160583151,0.9907887323407056
87.35,0,2.0047094052413135e-7,0.010689464655909031,0.9997049924098889
87.4,0,2.2621901742333892e-7,0.011073011364150731,1.008681106344083
87.45,0,2.551311915944499e-7,0.011468811761164655,1.0177172916035442
87.5,0,2.8757773943191675e-7,0.011877201527214276,1.0268137650510791
87.55,0,3.2396995550499697e-7,0.012298523647831683,1.035970742942279
87.6,0,3.6476442008778775e-7,0.012733128514425762,1.045188440915675
87.65,0,4.104676791651205e-7,0.01318137402459274,1.054467073982936
87.7,0,4.616413733610046e-7,0.013643625682049465,1.063806856519129
87.75,0,5.189078551057457e-7,0.014120256696170341,1.0732080022530024
87.8,0,5.82956336419644e-7,0.014611648081016781,1.0826707242572446
87.85,0,6.545496129518272e-7,0.015118188753850959,1.0921952349388704
87.9,0,7.345314133854744e-7,0.015640275633037715,1.1017817460295305
87.95,0,8.238344270157668e-7,0.01617831373527623,1.1114304685759464
88,0,9.234890662302266e-7,0.01673271627212436,1.121141612930323
88.05,0,1.034633024788313e-6,0.01730390474570065,1.130915388740796
88.1,0,1.1585216972137134e-6,0.01789230904356387,1.1407520049419482
88.15,0,1.2965395293014666e-6,0.01849836753264955,1.150651669745347
88.2,0,1.450212374671622e-6,0.019122527152213298,1.1606145906300682
88.25,0,1.6212209375666801e-6,0.01976524350573028,1.1706409743333452
88.3,0,1.811415387604088e-6,0.02042698095166129,1.180731026841194
88.35,0,2.022831238010622e-6,0.021108212693029094,1.1908849533791077
88.4,0,2.257706585043326e-6,0.021809420865710694,1.2011029584027213
88.45,0,2.5185008127270826e-6,0.022531096625429292,1.2113852455886338
88.5,0,2.807914873869115e-6,0.023273740233300977,1.221732017825179
88.55,0,3.1289132654556927e-6,0.024037861139926342,1.2321434772032802
88.6,0,3.484747823943499e-6,0.02482397806792691,1.2426198250072922
88.65,0,3.878983473905415e-6,0.025632619092844422,1.25316126170598
88.7,0,4.315526071652239e-6,0.026464321722372786,1.2637679869434386
88.75,0,4.798652493923018e-6,0.027319632973776375,1.2744401995301295
88.8,0,5.333043130917401e-6,0.028199109449500437,1.2851780974339313
88.85,0,5.9238169519500086e-6,0.02910331741084904,1.2959818777712684
88.9,0,6.576569322013252e-6,0.030032832849658853,1.3068517367982082
88.95,0,7.297412757368291e-6,0.03098824155791391,1.3177878699016716
89,0,8.093020818982638e-6,0.03197013919522029,1.3287904715907324
89.05,0,8.970675353177316e-6,0.032979131354056834,1.3398597354877992
89.1,0,9.938317300388138e-6,0.034015833622716096,1.3509958543200788
89.15,0,1.1004601304351585e-5,0.03508087164590812,1.3621990199108573
89.2,0,1.21789543660023e-5,0.036174881182891916,1.3734694231709952
89.25,0,1.3471638798684665e-5,0.03729850816310054,1.384807254090422
89.3,0,1.489381975399752e-5,0.03845240873915001,1.3962127017296382
89.35,0,1.6457637600691098e-5,0.039637249337225455,1.4076859542113773
89.4,0,1.8176285451823593e-5,0.04085370670466615,1.4192271987121359
89.45,0,2.0064092149909857e-5,0.042102467954778344,1.430836621454013
89.5,0,2.2136611032623228e-5,0.04338423060871488,1.4425144076963718
89.55,0,2.4410714816746476e-5,0.04469970263444756,1.4542607417276372
89.6,0,2.6904696951559302e-5,0.046049602482627794,1.4660758068572513
89.65,0,2.963837980811141e-5,0.04743465911940303,1.47795978540751
89.7,0,3.263323008506104e-5,0.04885561205601707,1.489912858705548
89.75,0,3.591248182689601e-5,0.05031321137515832,1.5019352070754053
89.8,0,3.950126746512725e-5,0.05180821775401556,1.5140270098300697
89.85,0,4.342675730797333e-5,0.05334140248388719,1.5261884452636991
89.9,0,4.771830791914719e-5,0.05491354748639887,1.5384196906437495
89.95,0,5.240761984122086e-5,0.05652544532613657,1.550720922203297
90,0,5.7528905133680946e-5,0.05817789921971439,1.5630923151333107
90.05,0,6.311906521022821e-5,0.05987172304118227,1.575534043575093
90.1,0,6.921787947490078e-5,0.06160774132370861,1.588046280612712
90.15,0,7.586820526962572e-5,0.06338678925745755,1.600629198265505
90.2,0,8.311618966030596e-5,0.06520971268365994,1.6132829674805933
90.25,0,9.101149360113588e-5,0.06707736808473941,1.6260077581256418
90.3,0,9.960752902960293e-5,0.06899062257048572,1.63880373898143
90.35,0,1.089617094572129e-4,0.07095035386021209,1.651671077734715
90.4,0,1.191357146306353e-4,0.07295745026081057,1.6646099409709585
90.45,0,1.3019576985084588e-4,0.07501281064069643,1.677620494167293
90.5,0,1.422129405446379e-4,0.07711734439955231,1.6907029016854338
90.55,0,1.552634426936518e-4,0.07927197143383369,1.7038573267647124
90.6,0,1.6942896973235616e-4,0.08147762209799092,1.7170839315151625
90.65,0,1.8479703653214233e-4,0.08373523716135267,1.7303828769106708
90.7,0,2.0146134109549907e-4,0.08604576776065365,1.7437543227821877
90.75,0,2.195221445843651e-4,0.08841017534806195,1.7571984278110087
90.8,0,2.3908667031211778e-4,0.0908294316348508,1.7707153495221597
90.85,0,2.602695223259191e-4,0.09330451853047972,1.7843052442777996
90.9,0,2.8319312420617415e-4,0.09583642807716775,1.7979682672706936
90.95,0,3.0798817870512224e-4,0.098426162379873,1.8117045725177903
91,0,3.3479414884152875e-4,0.10107473353167773,1.82551431285383
91.05,0,3.6375976106074043e-4,0.10378316353452721,1.8393976399251386
91.1,0,3.9504353105711265e-4,0.10655248421528718,1.8533547041832215
91.15,0,4.288143128480526e-4,0.10938373713709737,1.8673856548787775
91.2,0,4.652518716663917e-4,0.11227797350604352,1.8814906400554996
91.25,0,5.045474812273992e-4,0.11523625407304916,1.8956698065441024
91.3,0,5.469045459005201e-4,0.1182596490310166,1.9099232999563789
91.35,0,5.925392482972053e-4,0.1213492379071921,1.924251264679313
91.4,0,6.416812227522523e-4,0.12450610945075535,1.9386538438692895
91.45,0,6.945742551564826e-4,0.12773136151557196,1.9531311794463093
91.5,0,7.514770095569667e-4,0.13102610093817368,1.967683412088487
91.55,0,8.126637819067944e-4,0.13439144341091147,1.9823106812262488
91.6,0,8.784252813115456e-4,0.13782851335026436,1.9970131250370429
91.65,0,9.490694390682786e-4,0.14133844376037885,2.0117908804397544
91.7,0,0.001024922245754567,0.14492237609171976,2.026644083089394
91.75,0,0.0011063286165650388,0.14858146009501105,2.041572867371883
91.8,0,0.0011936532850493065,0.15231685367028547,2.0565773663986953
91.85,0,0.001287281725338013,0.15612972271116465,2.071657712001876
91.9,0,0.001387621102886788,0.16002124094441061,2.0868140347288993
91.95,0,0.0014951012537031683,0.16399258976464637,2.1020464638376986
92,0,0.0016101756919477406,0.16804495806438347,2.1173551272917805
92.05,0,0.0017333226457300621,0.17217954205932173,2.1327401517553497
92.1,0,0.0018650461208450653,0.1763975451089541,2.1482016625886367
92.15,0,0.002005876992111799,0.18070017753251033,2.163739783843159
92.2,0,0.0021563741218896815,0.18508865642026517,2.1793546382571236
92.25,0,0.002317125505270967,0.18956420544027708,2.19504634725093
92.3,0,0.002488749441333149,0.19412805464052063,2.2108150309227206
92.35,0,0.0026718957297725,0.19878144024655953,2.2266608080440164
92.4,0,0.0028672468921058236,0.20352560445469692,2.242583796055417
92.45,0,0.0030755194165549282,0.20836179522074438,2.2585841110623868
92.5,0,0.0032974650256110127,0.21329126604437398,2.2746618678311634
92.55,0,0.0035338719651622497,0.21831527574916798,2.2908171797846286
92.6,0,0.0037855663139683138,0.22343508825843372,2.307050158998443
92.65,0,0.004053413312156695,0.22865197236671797,2.3233609161970428
92.7,0,0.0043383187072773,0.2339672015072729,2.3397495607498726
92.75,0,0.004641230116367967,0.23938205351540454,2.356216200667671
92.8,0,0.004963138402333533,0.24489781038781544,2.372760942598756
92.85,0,0.005305079062844609,0.25051575803793114,2.3893838918254815
92.9,0,0.0056681336298295415,0.25623718604750145,2.4060851522607685
92.95,0,0.006053431077507554,0.26206338741426194,2.422864826444581
93,0,0.0064621492368094335,0.26799565829598926,2.4397230155407037
93.05,0,0.0068955162138787385,0.27403529775085467,2.4566598193334386
93.1,0,0.007354811810261097,0.2801836074742674,2.473675336224357
93.15,0,0.007841368942221094,0.2864418915322471,2.49076966322934
93.2,0,0.00835657505658105,0.292811456091405,2.507942895975404
93.25,0,0.008901873540249738,0.2992936091456979,2.52519512869787
93.3,0,0.009478765120630728,0.3058896602399468,2.5425264542374677
93.35,0,0.01008880925383715,0.3126009201902846,2.5599369640375684
93.4,0,0.010733625497663324,0.3194287008016605,2.5774267481414306
93.45,0,0.011414894866070169,0.32637431458238986,2.594995895189623
93.5,0,0.012134361161879381,0.3334390744560025,2.6126444924175516
93.55,0,0.012893832284245788,0.34062429347035383,2.6303726256528357
93.6,0,0.013695181507447973,0.34793128450422195,2.648180379313107
93.65,0,0.01454034872733545,0.35536135997144314,2.6660678364035952
93.7,0,0.015431341671815035,0.36291583152272366,2.6840350785149276
93.75,0,0.01637023707161922,0.370596009745217,2.7020821858210446
93.8,0,0.01735918178752227,0.3784032038599694,2.720209237077089
93.85,0,0.018400393890146027,0.3863387214174949,2.7384163096174667
93.9,0,0.01949616368843543,0.39440386799136995,2.7567034793538703
93.95,0,0.020648854702830288,0.40259994687017375,2.775070820773607
94,0,0.021860904579123375,0.4109282587477683,2.793518406937718
94.05,0,0.023134825939031156,0.4193901014121515,2.812046309479406
94.1,0,0.02447320716335799,0.4279867694329127,2.830654598602422
94.15,0,0.025878713103790307,0.43671955384749594,2.849343343079603
94.2,0,0.027354085719244914,0.44558974184632305,2.8681126102514156
94.25,0,0.02890214463279328,0.45459861645704436,2.8869624660246416
94.3,0,0.03052578760511704,0.4637474562278996,2.9058929748710938
94.35,0,0.032227990920631555,0.4730375349104037,2.9249041998265355
94.4,0,0.03401180968232653,0.4824701211415032,2.9439962024894157
94.45,0,0.03588037801154931,0.49204647812527824,2.9631690430200166
94.5,0,0.03783690914894322,0.5017678633144307,2.9824227801393945
94.55,0,0.03988469545293016,0.511635528091599,3.0017574711286272
94.6,0,0.04202710829218681,0.5216507174506475,3.0211731718279182
94.65,0,0.04426759782864487,0.5318146696781731,3.0406699366359646
94.7,0,0.04660969268779702,0.5421286160352494,3.0602478185093247
94.75,0,0.04905699951305387,0.5525937804396079,3.079906868961892
94.8,0,0.05161320240125988,0.5632113791483917,3.0996471380643627
94.85,0,0.05428206221645393,0.5739826204416723,3.1194686744439224
94.9,0,0.057067415779282094,0.5849087043066739,3.139371525283906
94.95,0,0.05997317492958221,0.5959908221232233,3.1593557363235263
95,0,0.06300332545990894,0.6072301563501199,3.179421351857812
95.05,0,0.06616192591799397,0.6186278802129301,3.199568414737442
95.1,0,0.06945310627626977,0.6301851573931607,3.219796966368804
95.15,0,0.07288106646702097,0.6419031417190091,3.240107046714023
95.2,0,0.07645007478174826,0.653782976857805,3.2604986942911722
95.25,0,0.08016446613378925,0.6658257960103526,3.2809719461744677
95.3,0,0.08402864018340228,0.6780327216071953,3.301526837994558
95.35,0,0.0880470593247713,0.6904048650070962,3.322163403938987
95.4,0,0.09222424653488659,0.7029433261977154,3.3428816767525547
95.45,0,0.09656478308422756,0.7156491934987486,3.3636816877379516
95.5,0,0.1010733061098179,0.728523543267606,3.384563466756262
95.55,0,0.10575450605126235,0.7415674396077243,3.405527042227753
95.6,0,0.1106131239508521,0.7547819340798547,3.4265724411325778
95.65,0,0.11565394861912459,0.7681680654160559,3.4476996890116425
95.7,0,0.12088181366751805,0.7817268592369935,3.4689088099674805
95.75,0,0.1263015944101582,0.7954593277724449,3.4901998266652683
95.8,0,0.13191820463716653,0.8093664695849547,3.511572760333898
95.85,0,0.1377365932621064,0.8234492692972069,3.533027630767073
95.9,0,0.14376174084659432,0.8377086973229204,3.5545644563245418
95.95,0,0.14999865600548645,0.8521457096013911,3.5761832539333582
96,0,0.15645237169622384,0.8667612473359831,3.5978840390892444
96.05,0,0.1631279413964286,0.8815562367366141,3.619666825858033
96.1,0,0.17003043517396144,0.8965315887662655,3.641531626877139
96.15,0,0.1771649356541758,0.911688198891742,3.663478453357122
96.2,0,0.18453653388935187,0.9270269468387369,3.685507315083342
96.25,0,0.19215032513534247,0.9425486963513947,3.7076182204177215
96.3,0,0.20001140454135502,0.9582542949563653,3.729811176300416
96.35,0,0.20812486275829123,0.9741445737315715,3.7520861882517593
96.4,0,0.21649578147210846,0.9902203470797275,3.7744432603741416
96.45,0,0.2251292288683331,1.0064824125066423,3.7968823953540536
96.5,0,0.2340302550344866,1.022931550404703,3.819403594464049
96.55,0,0.24320388730730969,1.039568523841183,3.8420068575650035
96.6,0,0.2526551255717422,1.0563940783519392,3.8646921831082253
96.65,0,0.2623889375190487,1.0734089417402188,3.88745956813775
96.7,0,0.272410253871719,1.090613823880851,3.910309008292664
96.75,0,0.2827239635825194,1.1080094165299457,3.9332404978095497
96.8,0,0.293334909015762,1.1255963931400004,3.9562540295249207
96.85,0,0.30424788111876566,1.1433754086807681,3.9793495948777746
96.9,0,0.31546761459145145,1.1613470994656083,4.0025271839121785
96.95,0,0.3269987830624359,1.1795120829837842,4.025786785279969
97,0,0.33884599427987183,1.1978709577385018,4.049128386243474
97.05,0,0.35101378532528216,1.2164243030908182,4.072551972678305
97.1,0,0.36350661785900584,1.2351726791095885,4.096057529076255
97.15,0,0.37632887340542,1.2541166264274324,4.1196450385481995
97.2,0,0.3894848486866067,1.2732566661027178,4.143314482827101
97.25,0,0.4029787510126255,1.2925932994878195,4.167065842271057
97.3,0,0.41681469373702384,1.3121270081034098,4.19089909586647
97.35,0,0.43099669178559097,1.3318582535191723,4.2148142212311654
97.4,0,0.4455286572668129,1.3517874772406913,4.238811194617689
97.45,0,0.460414395172009,1.371915100602692,4.26288999091657
97.5,0,0.4756575991731573,1.3922415246687407,4.287050583659763
97.55,0,0.49126184752626756,1.412767130137233,4.311292945024007
97.6,0,0.5072305990878974,1.4334922772539613,4.335617045834368
97.65,0,0.5235671894524145,1.4544173057310488,4.360022855567749
97.7,0,0.5402748272170967,1.475542534672428,4.384510342356535
97.75,0,0.5573565903822555,1.4968682625058776,4.409079472992239
97.8,0,0.5748154228931526,1.5183947669215385,4.433730212929284
97.85,0,0.5926541313301357,1.5401223048170252,4.45846252628872
97.9,0,0.6108753817533028,1.5620511122491294,4.4832763758621255
97.95,0,0.6294816967076784,1.5841814043919982,4.508171723115488
98,0,0.6484754523945355,1.606513375502061,4.533148528193159
98.05,0,0.6678588760140016,1.6290471988894026,4.558206749921865
98.1,0,0.6876340432840706,1.6517830268957496,4.583346345814846
98.15,0,0.7078028761406543,1.6747209908791234,4.608567272075881
98.2,0,0.7283671406226873,1.6978612012049012,4.633869483603547
98.25,0,0.7493284449463999,1.7212037472435924,4.6592529339954325
98.3,0,0.7706882377719921,1.7447486973750799,4.684717575552455
98.35,0,0.7924478066659759,1.768496098999364,4.710263359283125
98.4,0,0.8146082767616392,1.7924459785538716,4.735890234908084
98.45,0,0.8371706096200953,1.8165983415371656,4.761598150864401
98.5,0,0.860135602293596,1.8409531725391872,4.787387054310166
98.55,0,0.883503886592635,1.8655104352778196,4.813256891129086
98.6,0,0.9072759285576737,1.8902700726419255,4.839207605934959
98.65,0,0.9314520281362348,1.9152320067406166,4.865239142076462
98.7,0,0.9560323190654074,1.9403961389589526,4.89135144164176
98.75,0,0.9810167689595914,1.965762350019773,4.917544445463342
98.8,0.042219950611851687,1.0064051796025524,1.9913305000517951,4.943818093122751
98.85,0.09221995061184884,1.0321971874428684,2.017100428663916,4.970172322955506
98.9,0.1422199506118602,1.0583922642913706,2.043071955025489,4.99660707205598
98.95,0.19221995061185737,1.0849897182181394,2.0692448779527624,5.023122276282294
99,0.24221995061185453,1.1119886946473017,2.095618976001269,5.049717870261411
99.05,0.2922199506118517,1.1393881776465733,2.122194007564161,5.07639378739411
99.1,0.34221995061184884,1.167186991408471,2.14896971097631,5.103149959860119
99.15,0.3922199506118602,1.1953838019197889,2.1759458046243623,5.129986318623182
99.2,0.44221995061185737,1.223977118815455,2.203121987062339,5.156902793436316
99.25,0.49221995061185453,1.252965297412544,2.230497937133073,5.183899312846997
99.3,0.5422199506118517,1.282346540920095,2.2580733140950997,5.210975804202413
99.35,0.5922199506118488,1.3121189028195772,2.2858477577550005,5.23813219365482
99.4,0.6422199506118602,1.3422802894110575,2.3138208886053278,5.265368406166871
99.45,0.6922199506118574,1.372828462519692,2.3419923079676863,5.292684365516955
99.5,0.7422199506118545,1.403761042356571,2.3703615981412938,5.320079994304756
99.55,0.7922199506118517,1.4350755105281436,2.3989283225563938,5.347555213956646
99.6,0.8422199506118488,1.466769213187895,2.427692025933041,5.375109944731221
99.65,0.8922199506118602,1.4988393643238496,2.4566522344446895,5.402744105724864
99.7,0.9422199506118574,1.5312830491751797,2.485808455886705,5.430457614877305
99.75,0.9922199506118545,1.5640972277712848,2.5151601798498007,5.4582503889774046
99.8,1.0422199506118517,1.5972787385859988,2.544706877897937,5.486122343668633
99.85,1.0922199506118488,1.6308243023000273,2.5744480037510584,5.514073393454922
99.9,1.1422199506118602,1.6647305256642255,2.604382993472157,5.542103451706346
99.95,1.1922199506118574,1.6989939054562058,2.6345112656588583,5.570212430664995
100,1.2422199506118545,1.7336108325230128,2.6648322216391946,5.598400241450669
100.05,1.2922199506118517,1.7685775959020589,2.6953452456716605,5.626666794066871
100.1,1.3422199506118488,1.803890387012828,2.7260497051494,5.655011997406682
100.15,1.3922199506118602,1.8395453039115495,2.7569449508080694,5.683435759258586
100.2,1.4422199506118574,1.8755383556013214,2.7880303169380127,5.711937986312556
100.25,1.4922199506118545,1.9118654663900259,2.8193051215998324,5.740518584166004
100.3,1.5422199506118517,1.9485224802880765,2.8507686668438126,5.769177457329839
100.35,1.5922199506118488,1.9855051654387381,2.882420238932802,5.797914509234488
100.4,1.6422199506118602,2.0228092185733573,2.914259108568494,5.8267296422360815
100.45,1.6922199506118574,2.060430269483817,2.946284531121073,5.8556227576224344
100.5,1.7422199506118545,2.0983638855051936,2.9784957468619737,5.884593755619349
100.55,1.7922199506118517,2.1366055760008464,3.0108919811999115,5.913642535396782
100.6,1.8422199506118488,2.1751507968433543,3.043472444919587,5.9427689950750135
100.65,1.8922199506118602,2.2139949548837308,3.0762363344234345,5.971973031730904
100.7,1.9422199506118574,2.2531334124023203,3.1091828319760992,6.001254541404215
100.75,1.9922199506118545,2.292561491534613,3.1423111059513644,6.030613419103894
100.8,2.0422199506118517,2.3322744786655534,3.1756203110817722,6.060049558814427
100.85,2.092219950611849,2.372267628785579,3.20910958871049,6.089562853502166
100.9,2.14221995061186,2.4125361698029337,3.242778067045478,6.119153195121761
100.95,2.1922199506118574,2.453075306805488,3.276624861415712,6.148820474622532
101,2.2422199506118545,2.4938802262672226,3.3106490745296497,6.178564581954973
101.05,2.2922199506118517,2.5349461001930536,3.3448497967352324,6.208385406077127
101.1,2.342219950611849,2.576268090197459,3.379226106282033,6.23828283496119
101.15,2.39221995061186,2.617841351511359,3.4137770695848957,6.26825675559995
101.2,2.4422199506118574,2.65966103691278,3.4485017414889683,6.2983070540133355
101.25,2.4922199506118545,2.701722300576847,3.483399165536568,6.32843361525498
101.3,2.5422199506118517,2.7440203018406635,3.5184683742349563,6.3586363234188426
101.35,2.592219950611849,2.7865502088791487,3.5537083893254646,6.388915061645804
101.4,2.64221995061186,2.8293072022882626,3.5891182220537416,6.419269712130216
101.45,2.6922199506118574,2.872286478572036,3.624696873440868,6.44970015612666
101.5,2.7422199506118545,2.915483253530425,3.6604433345553815,6.4802062739565685
101.55,2.7922199506118517,2.9588927655447037,3.6963565867860666,6.51078794501489
101.6,2.842219950611849,3.0025102787582796,3.7324356021150606,6.541445047776861
101.65,2.89221995061186,3.0463310861502606,3.7686793433920514,6.572177459804692
101.7,2.9422199506118574,3.090350512499583,3.805086764608191,6.6029850577542675
101.75,2.9922199506118545,3.1345639172383244,3.8416568111708074,6.633867717382039
101.8,3.0422199506118517,3.1789666971922514,3.8783884201779415,6.664825313551674
101.85,3.092219950611849,3.2235542892073425,3.9152805206932584,6.695857720240923
101.9,3.14221995061186,3.2683221726614704,3.952332034020529,6.7269648105484166
101.95,3.1922199506118574,3.3132658718603096,3.989541873978297,6.758146456700501
102,3.2422199506118545,3.3583809583167863,4.02690894717405,6.789402530058084
102.05,3.2922199506118517,3.40366305291424,4.064432153278247,6.820732901123456
102.1,3.342219950611849,3.4491078279525027,4.102110385297607,6.852137439547263
102.15,3.39221995061186,3.4947110090778892,4.139942529848,6.8836160141352565
102.2,3.4422199506118574,3.5404683770966017,4.177927467426656,6.915168492855315
102.25,3.4922199506118545,3.5863757696730687,4.2160640726834515,6.946794742844247
102.3,3.5422199506118517,3.632429082913106,4.254351214691695,6.978494630414872
102.35,3.592219950611849,3.6786242728336305,4.29278775721734,7.010268021062757
102.4,3.64221995061186,3.724957356719557,4.331372558987738,7.04211477947338
102.45,3.6922199506118574,3.7714244143697186,4.370104473958833,7.074034769528879
102.5,3.7422199506118545,3.8180215892328846,4.408982351581372,7.106027854315158
102.55,3.7922199506118517,3.8647450894358997,4.448005037065499,7.138093896128844
102.6,3.842219950611849,3.9115911887056427,4.487171371644266,7.170232756484239
102.65,3.89221995061186,3.958556227186776,4.526480192835265,7.2024442961203405
102.7,3.9422199506118574,4.005636612157502,4.565930334700965,7.234728375007833
102.75,3.9922199506118545,4.052828818645452,4.605520628107129,7.267084852356142
102.8,4.042219950611852,4.100129389946275,4.645249900979721,7.299513586620336
102.85,4.092219950611849,4.1475349380469595,4.685116978559677,7.332014435508363
102.9,4.14221995061186,4.195042143957096,4.725120683656058,7.364587255987864
102.95,4.192219950611857,4.242647757949953,4.765259836896888,7.3972319042932995
103,4.2422199506118545,4.29034859971695,4.805533256978208,7.429948235933054
103.05,4.292219950611852,4.338141558437485,4.8459397609108805,7.462736105696379
103.1,4.342219950611849,4.3860235927676,4.886478164265085,7.495595367660499
103.15,4.39221995061186,4.433991730750066,4.927147281412672,7.528525875197722
103.2,4.442219950611857,4.482043069648853,4.967945925767083,7.561527480982363
103.25,4.4922199506118545,4.530174775711274,5.008872910020926,7.594600036997889
103.3,4.542219950611852,4.5783840838602,5.0499270463810575,7.627743394544048
103.35,4.592219950611849,4.626668297320123,5.0911071468010505,7.6609574042437885
103.4,4.64221995061186,4.675024787179552,5.132412023211188,7.694241916050466
103.45,4.692219950611857,4.723450991892861,5.173840487745707,7.727596779254796
103.5,4.7422199506118545,4.771944416725006,5.2153913529674725,7.761021842492063
103.55,4.792219950611852,4.820502633141587,5.2570634320897085,7.794516953749039
103.6,4.842219950611849,4.869123278147782,5.298855539195131,7.828081960371151
103.65,4.89221995061186,4.917804053578806,5.340766489452008,7.861716709069533
103.7,4.942219950611857,4.966542725344809,5.382795099327467,7.895421045928089
103.75,4.9922199506118545,5.015337122633724,5.424940186797954,7.929194816410572
103.8,5.042219950611852,5.064185137074034,5.467200571556361,7.963037865367589
103.85,5.092219950611849,5.113084721861142,5.509575075216517,7.996950037043781
103.9,5.14221995061186,5.162033890849656,5.552062521514273,8.030931175084767
103.95,5.192219950611857,5.211030717614477,5.594661736505785,8.06498112254424
104,5.2422199506118545,5.260073334483451,5.637371548762502,8.09909972189108
104.05,5.292219950611852,5.309159931544087,5.680190789562886,8.13328681501632
104.1,5.342219950611849,5.3582887556269725,5.7231182930812,8.167542243240206
104.15,5.39221995061186,5.407458109268319,5.766152896572876,8.201865847319304
104.2,5.442219950611857,5.4566663496541565,5.809293440556573,8.23625746745342
104.25,5.4922199506118545,5.505911887548649,5.852538768993199,8.27071694329274
104.3,5.542219950611852,5.555193186208342,5.895887729461364,8.30524411394478
104.35,5.592219950611849,5.604508760285157,5.939339173329728,8.339838817981438
104.4,5.64221995061186,5.653857174719818,5.982891955925851,8.374500893445969
104.45,5.692219950611857,5.7032370436280075,6.026544936701782,8.409230177860053
104.5,5.7422199506118545,5.752647029181176,6.070296979396147,8.444026508230678
104.55,5.792219950611852,5.8020858404836275,6.114146952193082,8.478889721057243
104.6,5.842219950611849,5.85155223244837,6.158093727877542,8.513819652338455
104.65,5.89221995061186,5.901045004672525,6.202136183987221,8.548816137579337
104.7,5.942219950611857,5.950563000314901,6.246273202961177,8.58387901179816
104.75,5.9922199506118545,6.000105104976569,6.290503672285055,8.619008109533397
104.8,6.042219950611852,6.049670245586356,6.334826484632572,8.654203264850693
104.85,6.092219950611849,6.099257389292461,6.379240538004041,8.689464311349766
104.9,6.14221995061186,6.148865542361634,6.423744735861092,8.724791082171308
104.95,6.192219950611857,6.198493749087149,6.468337987258025,8.760183410003904
105,6.2422199506118545,6.248141090706753,6.513019206969872,8.795641127090974
105.05,6.292219950611852,6.297806684331675,6.5577873156169915,8.831164065237559
105.1,6.342219950611849,6.347489681887609,6.602641239786081,8.866752055817273
105.15,6.39221995061186,6.397189269069031,6.647579912147975,8.902404929779195
105.2,6.442219950611857,6.44690466430707,6.692602271571886,8.938122517654477
105.25,6.4922199506118545,6.496635117752632,6.737707263236388,8.973904649563536
105.3,6.542219950611852,6.5463799102744105,6.782893838736825,9.009751155222588
105.35,6.592219950611849,6.596138352473645,6.8281609561895635,9.04566186395057
105.4,6.64221995061186,6.645909783715382,6.8735075803327845,9.081636604675936
105.45,6.692219950611857,6.695693571177003,6.918932682623648,9.117675205943343
105.5,6.7422199506118545,6.745489108914995,6.964435241332794,9.153777495920465
105.55,6.792219950611852,6.795295816949505,7.010014241634849,9.189943302404828
105.6,6.842219950611849,6.845113140367957,7.0556686756960545,9.226172452830383
105.65,6.89221995061186,6.894940548447494,7.101397542758363,9.262464774274292
105.7,6.942219950611857,6.944777533796582,7.147199849220499,9.298820093463618
105.75,6.9922199506118545,6.994623611516374,7.193074608715705,9.335238236782004
105.8,7.042219950611852,7.044478318381522,7.23902084218615,9.371719030276338
105.85,7.092219950611849,7.094341212040845,7.285037577954498,9.408262299663434
105.9,7.14221995061186,7.14421187023801,7.331123851791773,9.444867870336523
105.95,7.192219950611857,7.194089890051885,7.377278706982693,9.48153556737202
106,7.2422199506118545,7.243974887157222,7.423501194387555,9.518265215536076
106.05,7.292219950611852,7.293866495104908,7.469790372500967,9.555056639291081
106.1,7.342219950611849,7.343764364622345,7.516145307507898,9.591909662802266
106.15,7.39221995061186,7.393668162933395,7.5625650733363585,9.628824109944233
106.2,7.442219950611857,7.443577573098281,7.6090487517072205,9.665799804307483
106.25,7.4922199506118545,7.493492293372498,7.655595432181258,9.702836569204948
106.3,7.542219950611852,7.5434120365857495,7.702204212202915,9.73993422767829
106.35,7.592219950611849,7.593336529539229,7.748874197141561,9.77709260250461
106.4,7.64221995061186,7.643265512422417,7.795604500329574,9.814311516202679
106.45,7.692219950611857,7.693198738248213,7.842394243097871,9.851590791039456
106.5,7.7422199506118545,7.743135972306618,7.889242554808433,9.888930249036477
106.55,7.792219950611852,7.793076991636326,7.9361485728843775,9.926329711976138
106.6,7.842219950611849,7.843021584514389,7.983111442836915,9.963789001408188
106.65,7.89221995061186,7.892969549963212,8.030130318290077,10.001307938655899
106.7,7.942219950611857,7.94292069727463,8.077204361002416,10.038886344822558
106.75,7.9922199506118545,7.992874845551157,8.12433274088643,10.076524040797509
106.8,8.042219950611852,8.042831823263427,8.171514636025307,10.114220847262644
106.85,8.092219950611849,8.092791467823872,8.218749232687045,10.15197658469853
106.9,8.14221995061186,8.14275362517617,8.266035725336337,10.189791073390595
106.95,8.192219950611857,8.192718149400136,8.313373316643691,10.22766413343544
107,8.242219950611855,8.242684902331675,8.360761217492637,10.265595584746862
107.05,8.292219950611852,8.2926537531973,8.408198646984033,10.303585247062102
107.1,8.342219950611849,8.342624578263028,8.455684832438521,10.341632939947957
107.15,8.39221995061186,8.392597260497155,8.503219009396375,10.379738482806786
107.2,8.442219950611857,8.44257168924645,8.550800421615335,10.417901694882673
107.25,8.492219950611855,8.492547759925742,8.598428321066208,10.4561223952675
107.3,8.542219950611852,8.54252537372001,8.6461019679262,10.49440040290682
107.35,8.592219950611849,8.592504437299013,8.693820630570386,10.532735536606026
107.4,8.64221995061186,8.64248486254381,8.741583585560932,10.57112761503626
107.45,8.692219950611857,8.692466566285006,8.789390117634142,10.609576456740257
107.5,8.742219950611855,8.742449470052264,8.83723951968615,10.648081880138434
107.55,8.792219950611852,8.792433499834615,8.885131092755898,10.686643703534699
107.6,8.842219950611849,8.842418585851433,8.933064146006785,10.725261745122296
107.65,8.89221995061186,8.892404662333462,8.981037996706178,10.763935822989666
107.7,8.942219950611857,8.942391667313629,9.029051970203383,10.802665755126355
107.75,8.992219950611855,8.992379542427685,9.07710539990542,10.841451359428632
107.8,9.042219950611852,9.04236823272349,9.125197627251652,10.88029245370538
107.85,9.092219950611849,9.092357686479474,9.173328001686215,10.9191888556838
107.9,9.14221995061186,9.142347855031403,9.221495880629178,10.958140383015134
107.95,9.192219950611857,9.192338692607322,9.269700629445836,10.997146853280242
108,9.242219950611855,9.242330156170496,9.317941621414704,11.036208083995419
108.05,9.292219950611852,9.292322205269656,9.366218237693872,11.075323892617916
108.1,9.342219950611849,9.342314801896734,9.414529867285822,11.114494096551539
108.15,9.39221995061186,9.39230791035132,9.462875907001006,11.153718513152285
108.2,9.442219950611857,9.442301497112041,9.51125576141989,11.192996959733748
108.25,9.492219950611855,9.49229553071406,9.559668842853696,11.232329253572843
108.3,9.542219950611852,9.542289981633118,9.608114571303943,11.271715211915065
108.35,9.592219950611849,9.592284822174875,9.65659237442054,11.311154651980118
108.4,9.64221995061186,9.642280026370528,9.70510168745885,11.350647390967268
108.45,9.692219950611857,9.69227556987724,9.75364195323533,11.390193246060676
108.5,9.742219950611855,9.74227142988407,9.802212622082408,11.429792034434882
108.55,9.792219950611852,9.792267585022728,9.850813151801873,11.469443573260165
108.6,9.842219950611849,9.84226401528295,9.899443007617364,11.509147679707695
108.65,9.89221995061186,9.892260701932514,9.948101662126035,11.548904170954941
108.7,9.942219950611857,9.942257627441279,9.996788595248702,11.58871286419091
108.75,9.992219950611855,9.992254775409648,10.04550329417971,11.628573576621292
108.8,10.042219950611852,10.042252130500643,10.09424525333533,11.668486125473763
108.85,10.092219950611849,10.092249678375765,10.143013974301667,11.708450328003067
108.9,10.14221995061186,10.14224740563445,10.19180896578149,11.748466001496254
108.95,10.192219950611857,10.192245299756806,10.240629743540325,11.788532963277504
109,10.242219950611855,10.242243349049573,10.289475830351947,11.828651030713615
109.05,10.292219950611852,10.29224154259515,10.338346755942851,11.868820021218681
109.1,10.342219950611849,10.342239870203414,10.387242056936259,11.909039752259304
109.15,10.39221995061186,10.392238322366396,10.436161276795431,11.949310041359524
109.2,10.442219950611857,10.442236890215412,10.485103965766257,11.989630706105714
109.25,10.492219950611855,10.492235565480925,10.534069680819286,12.030001564151618
109.3,10.542219950611852,10.542234340454385,10.583057985591353,12.0704224332231
109.35,10.592219950611849,10.592233207952631,10.6320684503264,12.110893131123078
109.4,10.64221995061186,10.642232161284198,10.681100651816138,12.15141347573639
109.45,10.692219950611857,10.692231194217598,10.730154173339827,12.191983285034468
109.5,10.742219950611855,10.742230300951704,10.7792286046041,12.232602377080198
109.55,10.792219950611852,10.792229476087613,10.828323541681996,12.273270570032679
109.6,10.842219950611849,10.842228714602484,10.877438586951854,12.31398768215179
109.65,10.89221995061186,10.892228011824812,10.92657334903582,12.354753531803013
109.7,10.942219950611857,10.94222736341112,10.975727442737849,12.395567937461891
109.75,10.992219950611855,10.99222676532439,11.0249004889818,12.436430717718878
109.8,11.042219950611852,11.042226213813535,11.074092114748865,12.477341691283698
109.85,11.092219950611849,11.092225705394227,11.123301953015144,12.51830067698998
109.9,11.14221995061186,11.142225236831067,11.17252964268873,12.559307493799778
109.95,11.192219950611857,11.192224805120532,11.221774828546742,12.600361960807987
110,11.242219950611855,11.242224407475518,11.271037161172245,12.641463897246894
110.05,11.292219950611852,11.292224041310348,11.320316296890937,12.682613122490508
110.1,11.342219950611849,11.342223704227052,11.369611897707827,12.723809456058945
110.15,11.39221995061186,11.392223394002414,11.418923631243885,12.765052717622893
110.2,11.442219950611857,11.442223108575874,11.468251170672403,12.806342727007703
110.25,11.492219950611855,11.492222846038288,11.517594194655615,12.847679304197982
110.3,11.542219950611852,11.542222604621244,11.566952387281162,12.88906226934155
110.35,11.592219950611849,11.592222382687297,11.616325437998569,12.930491442753933
110.4,11.64221995061186,11.642222178720715,11.66571304155589,12.971966644922333
110.45,11.692219950611857,11.692221991318789,11.715114897936104,13.013487696509884
110.5,11.742219950611855,11.742221819183953,11.764530712294004,13.05505441835983
110.55,11.792219950611852,11.792221661116102,11.813960194892914,13.096666631499502
110.6,11.842219950611849,11.842221516005807,11.863403061041552,13.138324157144496
110.65,11.89221995061186,11.892221382827586,11.912859031031118,13.180026816702664
110.7,11.942219950611857,11.942221260633985,11.962327830072411,13.221774431778002
110.75,11.992219950611855,11.992221148549831,12.011809188233372,13.263566824174873
110.8,12.042219950611852,12.04222104576698,12.061302840376456,13.305403815901641
110.85,12.092219950611849,12.09222095153946,12.110808526096477,13.347285229174787
110.9,12.14221995061186,12.142220865178885,12.160325989658674,13.389210886422745
110.95,12.192219950611857,12.192220786050072,12.209854979936807,13.43118061028963
111,12.242219950611855,12.242220713567292,12.259395250351787,13.473194223639169
111.05,12.292219950611852,12.292220647190533,12.30894655881032,13.515251549558371
111.1,12.342219950611849,12.34222058642196,12.358508667644088,13.557352411361379
111.15,12.39221995061186,12.392220530802945,12.408081343548957,13.599496632593073
111.2,12.442219950611857,12.442220479910958,12.457664357524749,13.641684037032789
111.25,12.492219950611855,12.49222043335692,12.507257484815156,13.683914448698062
111.3,12.542219950611852,12.542220390782646,12.556860504848089,13.726187691847983
111.35,12.592219950611849,12.5922203518585,12.606473201176428,13.768503590987024
111.4,12.64221995061186,12.642220316281183,12.656095361418934,13.810861970868558
111.45,12.692219950611857,12.692220283771704,12.705726777201718,13.853262656498188
111.5,12.742219950611855,12.742220254073587,12.755367244100043,13.89570547313744
111.55,12.792219950611852,12.79222022695103,12.80501656158053,13.938190246307087
111.6,12.842219950611849,12.842220202187335,12.854674532943733,13.980716801790606
111.65,12.89221995061186,12.892220179583475,12.904340965267139,14.023284965637643
111.7,12.942219950611857,12.94222015895663,12.954015669348578,14.06589456416718
111.75,12.992219950611855,12.992220140138912,13.003698459650067,14.108545423971066
111.8,13.042219950611852,13.042220122976289,13.05338915424231,14.151237371917148
111.85,13.092219950611849,13.092220107327364,13.10308757474914,14.193970235152648
111.9,13.14221995061186,13.142220093062491,13.152793546292912,14.236743841107284
111.95,13.192219950611857,13.192220080062697,13.20250689744016,14.279558017496512
112,13.242219950611855,13.242220068218998,13.252227460147623,14.32241259232471
112.05000000000001,13.292219950611866,13.292220057431436,13.301955069709024,14.365307393888344
112.1,13.342219950611849,13.342220047608421,13.351689564701942,14.408242250778898
112.15,13.39221995061186,13.392220038666167,13.401430786935606,14.45121699188617
112.2,13.442219950611857,13.442220030527835,13.451178581398807,14.494231446401116
112.25,13.492219950611855,13.492220023123082,13.500932796208488,14.53728544381896
112.30000000000001,13.542219950611866,13.542220016387645,13.550693282558925,14.580378813942133
112.35,13.592219950611849,13.59222001026258,13.600459894671005,14.62351138688328
112.4,13.64221995061186,13.642220004694096,13.650232489742777,14.666682993068008
112.45,13.692219950611857,13.69221999963294,13.700010927899498,14.709893463237918
112.5,13.742219950611855,13.742219995034091,13.749795072145147,14.753142628453404
112.55000000000001,13.792219950611866,13.792219990856452,13.79958478831388,14.796430320096505
112.6,13.842219950611849,13.842219987062407,13.849379945022136,14.839756369873513
112.65,13.89221995061186,13.892219983617679,13.899180413621451,14.88312060981805
112.7,13.942219950611857,13.942219980490918,13.948986068151498,14.926522872293447
112.75,13.992219950611855,13.992219977653505,13.998796785293976,14.969962989995693
112.80000000000001,14.042219950611866,14.042219975079362,14.048612444326679,15.01344079595593
112.85,14.092219950611849,14.09221997274463,14.098432927078363,15.056956123543173
112.9,14.14221995061186,14.14221997062765,14.148258117884154,15.100508806466905
112.95,14.192219950611857,14.1922199687086,14.198087903541193,15.14409867877957
113,14.242219950611855,14.242219966969387,14.247922173265238,15.187725574879195
113.05000000000001,14.292219950611866,14.292219965393627,14.29776081864739,15.231389329511913
113.1,14.342219950611849,14.342219963966286,14.347603733611606,15.275089777774255
113.15,14.39221995061186,14.392219962673764,14.397450814372732,15.318826755115879
113.2,14.442219950611857,14.442219961503596,14.447301959394963,15.362600097341769
113.25,14.492219950611855,14.492219960444473,14.497157069350834,15.406409640614697
113.30000000000001,14.542219950611866,14.542219959486161,14.547016047080945,15.450255221457567
113.35,14.592219950611849,14.592219958619168,14.596878797553885,15.494136676755758
113.4,14.64221995061186,14.642219957835152,14.646745227827012,15.5380538437594
113.45,14.692219950611857,14.692219957126227,14.696615247007557,15.582006560085674
113.5,14.742219950611855,14.742219956485414,14.74648876621427,15.625994663720931
113.55000000000001,14.792219950611866,14.792219955906347,14.79636569853973,15.670017993023095
113.6,14.842219950611849,14.842219955383158,14.846245959012961,15.714076386723676
113.65,14.89221995061186,14.892219954910615,14.896129464562861,15.758169683929978
113.7,14.942219950611857,14.942219954483903,14.946016133981772,15.802297724127229
113.75,14.992219950611855,14.992219954098687,14.995905887889904,15.84646034718061
113.80000000000001,15.042219950611866,15.04221995375103,15.045798648700156,15.890657393337364
113.85,15.092219950611849,15.092219953437308,15.095694340583293,15.934888703228836
113.9,15.14221995061186,15.142219953154338,15.145592889433928,15.979154117872483
113.95,15.192219950611857,15.192219952899109,15.195494222836786,16.023453478673744
114,15.242219950611855,15.242219952669004,15.245398270033462,16.06778662742812
114.05000000000001,15.292219950611866,15.292219952461622,15.295304961889897,16.11215340632299
114.1,15.342219950611849,15.342219952274704,15.345214230864045,16.156553657939483
114.15,15.39221995061186,15.392219952106316,15.395126010974394,16.200987225254522
114.2,15.442219950611857,15.442219951954655,15.445040237768538,16.245453951642332
114.25,15.492219950611855,15.492219951818086,15.494956848292645,16.289953680876593
114.30000000000001,15.542219950611866,15.54221995169516,15.544875781061137,16.334486257131985
114.35,15.592219950611849,15.592219951584497,15.594796976027041,16.37905152498587
114.4,15.64221995061186,15.642219951484932,15.644720374552577,16.423649329420343
114.45,15.692219950611857,15.692219951395359,15.694645919380477,16.46827951582351
114.5,15.742219950611855,15.742219951314823,15.744573554605552,16.512941929991484
114.55000000000001,15.792219950611866,15.792219951242402,15.794503225646935,16.557636418129775
114.6,15.842219950611849,15.842219951177285,15.844434879220515,16.602362826855057
114.65,15.89221995061186,15.892219951118818,15.89436846331212,16.647121003196702
114.7,15.942219950611857,15.94221995106625,15.944303927150884,16.691910794598257
114.75,15.992219950611855,15.992219951019038,15.994241221183245,16.73673204891911
114.80000000000001,16.042219950611866,16.04221995097666,16.04418029704732,16.78158461443583
114.85,16.09221995061185,16.092219950938585,16.094121107547622,16.82646833984373
114.9,16.14221995061186,16.142219950904433,16.144063606630468,16.871383074258347
114.95,16.192219950611857,16.192219950873778,16.19400774935947,16.91632866721673
115,16.242219950611855,16.242219950846305,16.243953491891716,16.961304968678974
115.05000000000001,16.292219950611866,16.292219950821647,16.29390079145429,17.0063118290295
115.1,16.34221995061185,16.342219950799517,16.3438496063211,17.051349099078323
115.15,16.39221995061186,16.39221995077969,16.39379989579038,17.096416630062578
115.2,16.442219950611857,16.442219950761938,16.443751620162146,17.1415142736476
115.25,16.492219950611855,16.49221995074602,16.493704740716694,17.18664188192828
115.30000000000001,16.542219950611866,16.542219950731777,16.5436592196928,17.23179930743028
115.35,16.59221995061185,16.592219950719,16.593615020266753,17.27698640311118
115.4,16.64221995061186,16.642219950707585,16.643572106531792,17.322203022361876
115.45,16.692219950611857,16.692219950697336,16.693530443477584,17.367449019007395
115.5,16.742219950611855,16.74221995068818,16.743489996970354,17.41272424730832
115.55000000000001,16.792219950611866,16.792219950680007,16.793450733733394,17.458028561961783
115.6,16.84221995061185,16.842219950672643,16.8434126213277,17.50336181810252
115.65,16.89221995061186,16.892219950666117,16.893375628133356,17.548723871303977
115.7,16.942219950611857,16.94221995066026,16.94333972333078,17.594114577579347
115.75,16.992219950611855,16.992219950655013,16.993304876882775,17.639533793382512
115.80000000000001,17.042219950611866,17.042219950650335,17.043271059516726,17.684981375609127
115.85,17.09221995061185,17.092219950646154,17.093238242707017,17.730457181597473
115.9,17.14221995061186,17.142219950642428,17.143206398658165,17.775961069129494
115.95,17.192219950611857,17.192219950639085,17.19317550028775,17.821492896431607
116,17.242219950611855,17.242219950636112,17.243145521210195,17.867052522175655
116.05000000000001,17.292219950611866,17.292219950633466,17.293116435720563,17.91263980547977
116.1,17.34221995061185,17.342219950631076,17.343088218778718,17.958254605909147
116.15,17.39221995061186,17.392219950628984,17.3930608459939,18.00389678347696
116.2,17.442219950611857,17.442219950627106,17.443034293609486,18.04956619864511
116.25,17.492219950611855,17.492219950625426,17.49300853848814,18.095262712324896
116.30000000000001,17.542219950611866,17.54221995062393,17.542983558097248,18.140986185877964
116.35,17.59221995061185,17.592219950622578,17.592959330494494,18.18673648111681
116.4,17.64221995061186,17.64221995062138,17.642935834314173,18.23251346030571
116.45,17.692219950611857,17.69221995062034,17.69291304875317,18.278316986161173
116.5,17.742219950611855,17.742219950619386,17.742890953557662,18.324146921852687
116.55000000000001,17.792219950611866,17.792219950618573,17.792869529010034,18.370003131003486
116.6,17.84221995061185,17.84221995061779,17.842848755915895,18.41588547769088
116.65,17.89221995061186,17.892219950617132,17.892828615591526,18.461793826447177
116.7,17.942219950611857,17.942219950616547,17.942809089851536,18.507728042259842
116.75,17.992219950611855,17.99221995061602,17.992790160996748,18.5536879905725
116.80000000000001,18.042219950611866,18.04221995061556,18.042771811802496,18.5996735372851
116.85,18.09221995061185,18.09221995061513,18.092754025506736,18.64568454875456
116.9,18.14221995061186,18.142219950614773,18.142736785799173,18.69172089179527
116.95,18.192219950611857,18.19221995061443,18.192720076809806,18.7377824336795
117,18.242219950611855,18.242219950614142,18.242703883098173,18.78386904213781
117.05000000000001,18.292219950611866,18.292219950613898,18.292688189642902,18.829980585359593
117.1,18.34221995061185,18.34221995061364,18.342672981831043,18.876116931993266
117.15,18.39221995061186,18.392219950613438,18.39265824544819,18.922277951146924
117.2,18.442219950611857,18.442219950613264,18.442643966668342,18.968463512388354
117.25,18.492219950611855,18.49221995061309,18.49263013204434,19.01467348574566
117.30000000000001,18.542219950611866,18.542219950612974,18.54261672849823,19.060907741707453
117.35,18.59221995061185,18.59221995061283,18.59260374331201,19.10716615122314
117.4,18.64221995061186,18.642219950612713,18.642591164118727,19.153448585703202
117.45,18.692219950611857,18.692219950612625,18.692578978893224,19.199754917019504
117.5,18.742219950611855,18.742219950612537,18.742567175943876,19.246085017505408
117.55000000000001,18.792219950611866,18.792219950612463,18.792555743903776,19.292438759956184
117.6,18.84221995061185,18.842219950612375,18.842544671722564,19.33881601762893
117.65,18.89221995061186,18.89221995061233,18.89253394865844,19.385216664243032
117.7,18.942219950611857,18.942219950612284,18.942523564270047,19.43164057398012
117.75,18.992219950611855,18.992219950612224,18.99251350840879,19.478087621484292
117.80000000000001,19.042219950611866,19.042219950612193,19.042503771211372,19.524557681862248
117.85,19.09221995061185,19.092219950612133,19.092494343092255,19.571050630683303
117.9,19.14221995061186,19.142219950612102,19.142485214736638,19.617566343979576
117.95,19.192219950611857,19.19221995061207,19.192476377093158,19.664104698245964
118,19.242219950611855,19.24221995061204,19.242467821367228,19.71066557044024
118.05000000000001,19.292219950611866,19.29221995061205,19.292459539014217,19.757248837983084
118.1,19.34221995061185,19.342219950612005,19.34245152173284,19.803854378758004
118.15,19.39221995061186,19.392219950612002,19.392443761458907,19.850482071111486
118.2,19.442219950611857,19.442219950611957,19.442436250358867,19.89713179385282
118.25,19.492219950611855,19.492219950611954,19.49242898082386,19.943803426254078
118.30000000000001,19.542219950611866,19.54221995061195,19.542421945463644,19.99049684805017
118.35,19.59221995061185,19.59221995061192,19.59241513710083,20.037211939438606
118.4,19.64221995061186,19.64221995061193,19.642408548765204,20.083948581079525
118.45,19.692219950611857,19.69221995061193,19.692402173688137,20.130706654095505
118.5,19.742219950611855,19.74221995061191,19.742396005297266,20.177486040071443
118.55000000000001,19.792219950611866,19.792219950611923,19.792390037211092,20.22428662105449
118.6,19.84221995061185,19.842219950611906,19.842384263233896,20.271108279553687
118.65,19.89221995061186,19.892219950611903,19.892378677350763,20.317950898540104
118.7,19.942219950611857,19.9422199506119,19.94237327372258,20.364814361446292
118.75,19.992219950611855,19.992219950611883,19.99236804668132,20.411698552166328
118.80000000000001,20.042219950611866,20.042219950611894,20.042362990725408,20.4586033550555
118.85,20.09221995061185,20.092219950611877,20.092358100515014,20.50552865492999
118.9,20.14221995061186,20.142219950611874,20.14235337086788,20.552474337066812
118.95,20.192219950611857,20.19221995061187,20.192348796754757,20.59944028720325
119,20.242219950611855,20.242219950611883,20.242344373295282,20.64642639153685
119.05000000000001,20.292219950611866,20.292219950611894,20.29234009575397,20.69343253672497
119.1,20.34221995061185,20.342219950611863,20.342335959535944,20.740458609884385
119.15,20.39221995061186,20.39221995061186,20.392331960183355,20.78750449859122
119.2,20.442219950611857,20.44221995061187,20.44232809337133,20.834570090880277
119.25,20.492219950611855,20.49221995061187,20.49232435490437,20.88165527524488
119.30000000000001,20.542219950611866,20.54221995061188,20.54232074071271,20.928759940636425
119.35,20.59221995061185,20.592219950611863,20.592317246848808,20.975883976463948
119.4,20.64221995061186,20.642219950611874,20.6423138694839,21.023027272593893
119.45,20.692219950611857,20.69221995061187,20.692310604904648,21.070189719349415
119.5,20.742219950611855,20.74221995061187,20.742307449509937,21.117371207510132
119.55000000000001,20.792219950611866,20.79221995061188,20.79230439980762,21.164571628311663
119.6,20.84221995061185,20.842219950611863,20.842301452411476,21.211790873445068
119.65,20.89221995061186,20.892219950611846,20.892298604038245,21.259028835056526
119.7,20.942219950611857,20.94221995061187,20.942295851504582,21.30628540574662
119.75,20.992219950611855,20.992219950611855,20.992293191724258,21.353560478570046
119.80000000000001,21.042219950611866,21.042219950611866,21.042290621705476,21.400853947035003
119.85,21.09221995061185,21.09221995061185,21.09228813854797,21.44816570510261
119.9,21.14221995061186,21.142219950611846,21.14228573944058,21.49549564718646
119.95,21.192219950611857,21.19221995061187,21.192283421658487,21.542843668152045
120,21.242219950611855,21.242219950611855,21.242281182560873,21.590209663316102
