month,puty,puty_return,puty_growth,put,put_return,put_growth,sp500,dividend,sp500_return,sp500_growth,rf_return,rf_growth
1986-12-31,101.79,0,1,91.67570763441734,0,1,248.6,8.28,0,1,0.0049,1.0049
1987-01-31,104.04,0.022104332449160102,1.02210433244916,95.22956999349888,0.03876558415293152,1.0387655841529315,264.5,8.3,0.06674041297935096,1.066740412979351,0.0042,1.0091205799999998
1987-02-28,104.82,0.007497116493656142,1.029767167698202,96.36401310849806,0.011912719075352518,1.0511401067420898,280.9,8.32,0.06462507876496515,1.135678596189913,0.0043,1.013459798494
1987-03-31,105.57,0.007155123068116831,1.0371352785145889,98.2358077992072,0.019424208585020697,1.0715576714275292,292.5,8.34,0.04377002491990045,1.185387276646143,0.004699999999999999,1.0182230595469215
1987-04-30,106.99,0.01345079094439705,1.0510855683269476,98.9790406993628,0.00756580433149967,1.0796648670994673,289.3,8.4,-0.008547008547008517,1.1752557614611332,0.0044,1.022703241008928
1987-05-31,109.24,0.02103000280400047,1.0731899007761077,101.94118419775826,0.029926977241501396,1.1119759730056016,289.1,8.46,0.0017455928102316776,1.177307279468523,0.0038,1.026589513324762
1987-06-30,110.54,0.011900402782863528,1.0859612928578448,103.61911727529622,0.016459815439095582,1.1302788922939826,301.4,8.52,0.0450017295053613,1.2302881432038584,0.0048,1.0315171429887207
1987-07-31,112.65,0.01908811290030754,1.1066902446212792,106.7586662399782,0.030298935633091606,1.16452513969904,310.1,8.56667,0.03123387248396381,1.2687148061872204,0.0046,1.0362621218464687
1987-08-31,113.22,0.0050599201065246735,1.1122900088417331,107.21869010957863,0.004309007275965504,1.169543086999048,329.4,8.61333,0.06455265237020313,1.3506137120279538,0.004699999999999999,1.0411325538191472
1987-09-30,111.9,-0.011658717541070396,1.0993221338048926,104.7006217391825,-0.02348534912917366,1.1420759592792638,318.7,8.66,-0.030292450920866076,1.3097003124432982,0.0045000000000000005,1.0458176503113332
1987-10-31,87.14,-0.2212689901697945,0.8560762353865804,88.10718088667518,-0.158484644855719,0.9610744564746351,280.2,8.71,-0.11852578182198503,1.1544670589584582,0.006,1.0520925562132013
1987-11-30,83.11,-0.04624741794812948,0.8164849199331959,83.74177076295682,-0.04954658723371508,0.9134564970788193,245,8.76,-0.12301927194860818,1.0124453618767377,0.0034999999999999996,1.0557748801599476
1987-12-31,87.77,0.05607026831909523,0.8622654484723452,89.34190344729802,0.06687382692435762,0.9745428287673982,241,8.81,-0.0133299319727892,0.9989495340767549,0.0039000000000000003,1.0598924021925713
1988-01-31,91.09,0.037826136493107176,0.8948816190195504,93.52382357829994,0.046808048291346216,1.0201592765583276,250.5,8.85667,0.04248155947441212,1.041386468120573,0.0029,1.0629660901589297
1988-02-29,93.54,0.026896476012734594,0.9189507810197468,96.75532702753216,0.03455273026264516,1.0554085648661828,258.1,8.90333,0.0333011743180307,1.0760658604278943,0.0046,1.0678557341736608
1988-03-31,93.24,-0.003207184092366977,0.9160035366931921,96.19762167105165,-0.0057640790808531905,1.0493251064356843,265.7,8.95,0.03233565801368976,1.1108611580908976,0.0044,1.0725542994040247
1988-04-30,95.84,0.027885027885028002,0.941546320856666,98.63589250631549,0.0253464773131451,1.07592180144007,262.6,9.04333,-0.00883097164722113,1.1010511746997975,0.0046,1.077488049181283
1988-05-31,98.25,0.025146076794657635,0.9652225169466551,101.1802734045638,0.025795689921753517,1.1036759466100725,256.1,9.13667,-0.02185304963188628,1.0769898487318361,0.0051,1.0829832382321078
1988-06-30,99.64,0.014147582697201067,0.9788780823263584,101.48396575889049,0.0030014976645931224,1.1069886273862901,270.7,9.23,0.06001236496160334,1.1416225565938731,0.0049,1.088289856099445
1988-07-31,100.95,0.013147330389401857,0.9917477158856473,103.41671227906618,0.01904484620523772,1.1280710555458093,269.1,9.30667,-0.0030456009112177496,1.1381456298952441,0.0051,1.0938401343655524
1988-08-31,101.06,0.00108964834076275,0.9928283721387172,102.46479740375244,-0.009204652268823055,1.117687553744986,263.7,9.38333,-0.01716111420785338,1.1186137827554425,0.0059,1.100293791158309
1988-09-30,102.74,0.016623787848802696,1.0093329403674234,105.18998813074013,0.026596360857957357,1.1474139752508352,268,9.46,0.019295917077487124,1.1401984615492258,0.0062,1.1071156126634907
1988-10-31,103.21,0.00457465446758798,1.013950289812359,106.21668968663248,0.009760449393874548,1.1586132512900955,277.4,9.55,0.03804415422885565,1.1835763476719086,0.0060999999999999995,1.1138690179007378
1988-11-30,102.64,-0.005522720666601977,1.0083505255919052,105.18001307091907,-0.00976001623447198,1.1473051671480297,271,9.64,-0.02017543859649107,1.1596971757451948,0.005699999999999999,1.120218071302772
1988-12-31,103.7,0.010327357755261168,1.0187641222123984,106.89543078973479,0.01630935069060202,1.1660169694681868,276.5,9.75,0.02329335793357923,1.1867104171543885,0.0063,1.1272754451519795
1989-01-31,105.18,0.014271938283510144,1.0333038608900682,109.64323555138787,0.025705539903366548,1.1959900652048536,285.4,9.81333,0.035145669077757624,1.2284181487668244,0.0055000000000000005,1.1334754601003154
1989-02-28,104.97,-0.0019965772960639505,1.0312407898614797,109.04873277561383,-0.00542215644024302,1.1895052199703366,294,9.89667,0.03302285388927828,1.268984021808489,0.0060999999999999995,1.1403896604069275
1989-03-31,107.66,0.025626369438887187,1.05766774732292,112.58235293222647,0.03240404603218683,1.2280500018737819,292.7,10.01,-0.0015844671201815652,1.2669733583498977,0.0067,1.1480302711316537
1989-04-30,108.54,0.008173880735649286,1.0663129973474803,114.12388892973068,0.013692518919303565,1.2448650997582893,302.3,10.0867,0.03566982689898657,1.3121660787278662,0.0067,1.1557220739482357
1989-05-31,109.69,0.010595172286714583,1.0776107672659399,116.14575761679035,0.017716436988092665,1.266919673856833,313.9,10.1933,0.04118240710111354,1.366204236366309,0.0079,1.1648522783324269
1989-06-30,110.46,0.007019783024888371,1.0851753610374302,117.7754170922819,0.014031157994323085,1.2846960239668344,323.7,10.37,0.033973133694382485,1.4126184755422133,0.0070999999999999995,1.1731227295085873
1989-07-31,112,0.013941698352344822,1.100304548580411,121.58941381793161,0.032383640150145165,1.3262991577092986,331.9,10.4233,0.028015472144990117,1.4521936490952645,0.006999999999999999,1.1813345886151472
1989-08-31,113.12,0.010000000000000009,1.1113075940662152,123.7895593591899,0.01809487744182059,1.3502983784192382,346.6,10.5467,0.04693851059556109,1.5203574560801292,0.0074,1.1900764645708994
1989-09-30,114.27,0.010166195190947525,1.1226053639846745,126.2785685712811,0.020106778188530905,1.3774485284024467,347.3,10.73,0.004599442200422965,1.5273502523233518,0.006500000000000001,1.1978119615906102
1989-10-31,114.86,0.005163209941366986,1.1284016111602322,127.38790921859274,0.008784868722085948,1.3895492328958927,347.4,10.7967,0.0028785632018426544,1.5317468265560148,0.0068000000000000005,1.2059570829294262
1989-11-30,117.51,0.023071565383945725,1.154435602711465,130.66254925608007,0.025706050578694795,1.4252690557583012,340.2,10.9233,-0.018105138169257295,1.5040143386208968,0.0069,1.2142781868016392
1989-12-31,118.77,0.01072249170283368,1.1668140288829947,133.17255496509298,0.019209832682000272,1.4526482358462507,348.6,11.06,0.02740054869684516,1.545225156747032,0.0060999999999999995,1.2216852837411292
1990-01-31,118.6,-0.00143133787993599,1.1651439237646137,129.45140773738515,-0.027942298085992356,1.4120579058261438,339.97,11.14,-0.022093134442532025,1.5110862896150372,0.005699999999999999,1.2286488898584536
1990-02-28,121.39,0.02352445193929187,1.1925532960015723,133.19331215277748,0.02890586113195015,1.4528746555622265,330.45,11.23,-0.025249776941102753,1.472931697863499,0.005699999999999999,1.2356521885306468
1990-03-31,122.93,0.012686382733338775,1.2076824835445528,135.12985110247953,0.014539310708639563,1.4739984516001534,338.46,11.32,0.02709436626822015,1.512839848773484,0.0064,1.243560362537243
1990-04-30,124.68,0.014235743919303712,1.224874742116122,136.27424067985618,0.008468814018811832,1.4864814703507718,338.18,11.4367,0.0019885904784415764,1.5158482676921619,0.0069,1.2521409290387497
1990-05-31,126.8,0.01700352903432778,1.2457019353571082,140.95189291280528,0.03432528561240078,1.5375053713781035,350.25,11.5533,0.038537982731090104,1.5742660020554353,0.0068000000000000005,1.2606554873562132
1990-06-30,127.66,0.006782334384858091,1.2541507024265648,141.96941295642654,0.007218917196455843,1.5486044953431881,360.39,11.66,0.031724958363074096,1.624209525423047,0.0063,1.2685976169265574
1990-07-31,128.79,0.008851637161209513,1.2652519893899208,144.1920631717802,0.015655838599796468,1.5728491973772003,360.03,11.7267,0.0017126585088376167,1.6269912416868981,0.0068000000000000005,1.2772240807216577
1990-08-31,121.91,-0.053420296606879414,1.197661852834267,134.38171800650665,-0.06803665159840466,1.4658378045184173,330.75,11.7833,-0.07859916766195396,1.4991110842970188,0.0066,1.2856537596544206
1990-09-30,121,-0.00746452300877698,1.1887218783770512,132.41730405229995,-0.014618163715629628,1.444409947511408,315.41,11.83,-0.04339884101788849,1.4340514006814582,0.006,1.2933676822123472
1990-10-31,124.1,0.025619834710743694,1.219176736418116,136.1506174557927,0.02819354638135696,1.4851329863602643,307.12,11.9267,-0.023132140177335336,1.4008787226593906,0.0068000000000000005,1.302162582451391
1990-11-30,128.31,0.03392425463336024,1.2605363984674334,143.1259650011667,0.051232581061476434,1.561220182471039,315.29,12.0133,0.029861644742554594,1.4427112654028489,0.005699999999999999,1.309584909171364
1990-12-31,129.42,0.008650923544540445,1.2714412024756854,145.00359786799126,0.013118743805914379,1.5817014300694996,328.75,12.09,0.04588632687367178,1.5089119861114526,0.006,1.3174424186263922
1991-01-31,134.02,0.03554319270591888,1.316632282149524,151.00298821127623,0.041374079205584335,1.647142870316781,325.49,12.1067,-0.006847477820025261,1.4985797447541842,0.0052,1.3242931192032497
1991-02-28,135.64,0.012087748097298734,1.3325474015129188,152.8386663896893,0.012156568556409564,1.6671664755419882,362.26,12.1133,0.1160694388972523,1.67251905487059,0.0048,1.330649726175425
1991-03-31,137.32,0.012385726924211138,1.349051969741625,154.99129455180164,0.014084316573554911,1.6906473759643394,372.28,12.11,0.03044544434016072,1.7234396406635109,0.0044,1.3365045849705968
1991-04-30,137.63,0.0022575007282259474,1.3520974555457315,156.05071673093846,0.006835365703605545,1.7022035690548967,379.68,12.13,0.022592761720568788,1.762376901804804,0.0053,1.343588059270941
1991-05-31,139.77,0.015548935551842114,1.3731211317418217,158.38833266322771,0.014979847457668338,1.7277023188612377,377.99,12.14,-0.0017865922180081428,1.7592282529468424,0.004699999999999999,1.3499029231495145
1991-06-30,139.44,-0.002361021678471853,1.3698791629826115,157.94260836865303,-0.002814123282188996,1.7228403515410384,378.29,12.15,0.0034723140823831322,1.765336845983676,0.0042,1.3555725154267424
1991-07-31,142.49,0.021873207114170956,1.3998428136359173,162.96010365521065,0.031767838573656615,1.777571265716976,380.23,12.1933,0.007814397243737004,1.7791318893671981,0.0049,1.3622148207523332
1991-08-31,143.82,0.009333988350059608,1.4129089301503095,166.25018455509638,0.020189487034488307,1.8134595177390478,389.4,12.2367,0.026798845435657137,1.8268105698799983,0.0046,1.368481008927794
1991-09-30,144.91,0.007578918092059572,1.4236172512034584,168.27496543236086,0.01217911957621598,1.8355458580522186,387.2,12.28,-0.003021742852251319,1.8212904180980463,0.0046,1.3747760215688618
1991-10-31,146.46,0.010696294251604455,1.4388446802239907,171.04381220542592,0.016454300055571913,1.865748480366372,386.88,12.2533,0.0018107136707989913,1.8245882535565916,0.0042,1.3805500808594509
1991-11-30,145.95,-0.003482179434658006,1.4338343648688479,169.50142339571636,-0.009017507209539644,1.8489240799934805,385.92,12.2267,1.522220499035054e-4,1.8248659961207778,0.0039000000000000003,1.3859342261748029
1991-12-31,148.76,0.01925316889345674,1.46144022006091,175.9211231098664,0.03787401654535172,1.918950261190253,388.51,12.2,0.009345632946379023,1.841920523896851,0.0038,1.391200776234267
1992-01-31,148.19,-0.0038316751815004046,1.455840455840456,175.1094404363559,-0.004613901157302092,1.910096414359342,416.08,12.24,0.07358883941211292,1.9774653175397714,0.0034000000000000002,1.3959308588734636
1992-02-29,151.37,0.02145893785005737,1.4870812457019356,179.05576449147202,0.02253632953929996,1.9531429766051793,412.56,12.28,-0.006000448631673372,1.9655996384809582,0.0028000000000000004,1.3998394652783093
1992-03-31,152.04,0.004426240338244014,1.4936634246979077,180.22462667777813,0.006527922681661469,1.9658929429426881,407.36,12.32,-0.010115700342576472,1.9457162215446082,0.0034000000000000002,1.4045989194602555
1992-04-30,154.15,0.013877926861352474,1.5143923764613425,185.08221490766772,0.026952965970485465,2.01887958853544,407.41,12.32,0.0026430348258705827,1.950858817279412,0.0032,1.4090936360025286
1992-05-31,156.15,0.012974375608173938,1.534040671971707,187.24805728244428,0.01170205562893778,2.0425046297886085,414.81,12.32,0.020683504741333403,1.9912094148762827,0.0028000000000000004,1.4130390981833356
1992-06-30,157.93,0.011399295549151534,1.5515276549759316,187.52747308167113,0.0014922226872846611,2.045552501536063,408.27,12.32,-0.013291225701727027,1.9647438011237583,0.0032,1.4175608232975223
1992-07-31,159.25,0.00835813335021851,1.5644955300127723,190.56763722215587,0.016211833341137627,2.078714657781513,415.05,12.3433,0.019126088944407815,2.0023216658170253,0.0031,1.4219552618497449
1992-08-31,159.85,0.003767660910517945,1.5703900186658815,192.5094172871925,0.010189453431554973,2.0998956239844686,417.93,12.3667,0.009421896960205567,2.0211873342335402,0.0026,1.425652345530554
1992-09-30,161.65,0.011260556771973906,1.5880734846252098,193.78366456120452,0.006619142543614176,2.113795132446333,418.48,12.4,0.0037885132278931977,2.0288446291853344,0.0026,1.4293590416289335
1992-10-31,163.02,0.00847510052582745,1.6015325670498095,195.15033302696878,0.007052547328273873,2.128702772660186,412.5,12.3867,-0.011823205410055548,2.004857182389388,0.0023,1.4326465674246798
1992-11-30,164.48,0.00895595632437729,1.6158758227723755,198.35149152676271,0.01640355130396598,2.163621057802412,422.84,12.3833,0.027568343434343445,2.0601277737303088,0.0023,1.4359416545297565
1992-12-31,165.31,0.0050462062256810825,1.624029865409177,200.19374053077163,0.009287800105906241,2.18371633769221,435.64,12.39,0.032713319458897105,2.1275213917184947,0.0028000000000000004,1.43996229116244
1993-01-31,166.41,0.006654164902304638,1.6348364279398773,202.43240029818875,0.011182466352253506,2.2081356721613195,435.23,12.4133,0.001433389189851031,2.130570957882561,0.0023,1.4432742044321134
1993-02-28,168.08,0.01003545460008426,1.6512427546910318,205.33018955570742,0.014314849071838998,2.239744801038453,441.7,12.4467,0.01724886841440143,2.1673208959826225,0.0022,1.446449407681864
1993-03-31,169.02,0.0055925749643026545,1.660477453580903,207.32904709167317,0.009734844838408252,2.2615483691541938,450.16,12.48,0.02150781073126562,2.2139352236073337,0.0025,1.4500655312010686
1993-04-30,169.21,0.0011241273222104553,1.6623440416543878,207.10960061951388,-0.0010584453806044003,2.259154643729849,443.08,12.4933,-0.01341498948522013,2.184235305861683,0.0024,1.453545688475951
1993-05-31,171.19,0.01170143608533758,1.6817958542096483,211.66374232115498,0.021989041975932544,2.3088312900209473,445.25,12.5067,0.007249763022479039,2.200070494214512,0.0022,1.4567434889905981
1993-06-30,172.57,0.008061218529119563,1.6953531781117996,214.83156987419653,0.014966321195601928,2.3433860006938567,448.06,12.52,0.008654314055773993,2.2191105952162866,0.0025,1.4603853477130746
1993-07-31,173.17,0.0034768499739235015,1.7012476667649088,216.70058048457005,0.008699888063323336,2.3637731965890523,447.29,12.52,6.100373461888076e-4,2.220464335554692,0.0024,1.463890272547586
1993-08-31,174.44,0.007333833804931578,1.71372433441399,220.31254716886755,0.01666800650104716,2.4031725835968,454.13,12.52,0.01762465812634595,2.259599260350587,0.0025,1.4675499982289548
1993-09-30,175.38,0.005388672322861776,1.7229590333038616,221.7254852215768,0.006413334468990728,2.4185849331621148,459.24,12.52,0.013549717775380055,2.290216192613795,0.0026,1.47136562822435
1993-10-31,176.28,0.0051317139924735855,1.7318007662835257,223.60027794854818,0.008455467918348836,2.4390352004722686,463.9,12.54,0.012422698371221896,2.3186668575795246,0.0022,1.4746026326064434
1993-11-30,177.89,0.009133197186294462,1.747617644169369,225.4899576552964,0.008451150973895594,2.4596478551821055,462.89,12.56,7.90400229935262e-5,2.3188501250612616,0.0025,1.4782891391879596
1993-12-31,179.41,0.008544606217325335,1.762550348757246,228.49519476232246,0.013327587349234005,2.492429026820401,465.95,12.58,0.008875398762845155,2.339430844592454,0.0023,1.4816892042080918
1994-01-31,180.76,0.007524664177024576,1.775812948226742,231.65245019248144,0.01381760099350493,2.5268684166176354,472.99,12.6233,0.017366545051328952,2.3800586757495372,0.0025,1.485393427218612
1994-02-28,181.58,0.0045364018588185395,1.7838687493859917,230.3109766207232,-0.005790888767390978,2.512235602687169,471.58,12.6667,-7.493639752778058e-4,2.378275145518883,0.0021,1.488512753415771
1994-03-31,177.85,-0.02054190990197169,1.7472246782591618,224.39901138465976,-0.025669489673517787,2.447747796826547,463.81,12.71,-0.014230529991376417,2.3444310297328315,0.0027,1.4925317378499934
1994-04-30,180.16,0.012988473432667957,1.7699184595736328,227.42633124808012,0.013490789664090785,2.4807698475042756,447.23,12.7533,-0.033455994911709475,2.265995757131236,0.0027,1.4965615735421884
1994-05-31,181.39,0.006827264653641141,1.7820021613125068,230.41936214102466,0.013160441346080187,2.51341787357548,450.9,12.7967,0.010590505258293526,2.2899937971124054,0.0031,1.5012009144201692
1994-06-30,179.83,-0.008600253597221275,1.7666764908144228,225.85156008856998,-0.019823863802118424,2.46359221997191,454.83,12.84,0.01108893324462179,2.3153873854591827,0.0031,1.505854637254872
1994-07-31,184.11,0.023800255797141734,1.8087238432066028,231.40039351439535,0.024568497218479868,2.5241189785757583,451.4,12.87,-0.005183255282193433,2.3033861415631773,0.0028000000000000004,1.5100710302391855
1994-08-31,185.57,0.007930041822823197,1.8230670989291686,234.86215481354796,0.014960049317881863,2.561879922979453,464.24,12.9,0.03082631812140013,2.3743910555194283,0.0037,1.5156582930510705
1994-09-30,185.46,-5.927682276228863e-4,1.8219864426760988,234.3032017482729,-0.0023799196840325054,2.5557828545226267,466.96,12.92,0.008178241139640274,2.393809398131271,0.0037,1.5212662287353595
1994-10-31,188.6,0.01693087458212017,1.8528342666273712,239.92011576109394,0.023972843609946226,2.6170522371950793,463.81,13.0133,-0.004423415995659763,2.3832205833490168,0.0038,1.527047040404554
1994-11-30,189.26,0.0034994697773065297,1.8593182041457914,239.47107056182,-0.001871644642423731,2.61215404539639,461.01,13.0967,-0.00368385402068383,2.37444114662087,0.0037,1.5326971144540509
1994-12-31,191.6,0.012363943781041886,1.8823067098929178,244.71399422179033,0.02189376632287976,2.669343935665664,455.19,13.17,-0.010243812498644256,2.35011781672582,0.0044,1.5394409817576487
1995-01-31,193.22,0.008455114822546905,1.8982218292563129,248.6111694931167,0.015925428718205126,2.7118543822374805,465.25,13.18,0.02451357308669655,2.407727601588476,0.0042,1.5459066338810308
1995-02-28,194.34,0.005796501397370868,1.909224874742117,251.137756381133,0.010162805207696968,2.7394144300757994,481.92,13.18,0.03819093677234475,2.499680974185771,0.004,1.5520902604165547
1995-03-31,195.52,0.006071832870227389,1.920817369093232,254.49742381585378,0.01337778708838222,2.7760617330681954,493.15,13.17,0.025579971779548405,2.5636227429633167,0.0046,1.559229875614471
1995-04-30,197.25,0.0088481996726677,1.9378131447096971,258.50718762084944,0.0157556164808057,2.819800297061459,507.91,13.2433,0.032167917131366464,2.646089146915047,0.0044,1.5660904870671746
1995-05-31,199.06,0.00917617237008872,1.955594852146577,262.71749534968535,0.016287004502989477,2.8657263971972298,523.81,13.3067,0.03348800312391287,2.7347013885330904,0.0054,1.5745473756973374
1995-06-30,200.26,0.006028333165879474,1.9673838294527954,265.19095961686367,0.009414920250690129,2.892706982687139,539.35,13.36,0.03179269837027432,2.821644924911493,0.004699999999999999,1.5819477483631148
1995-07-31,201.78,0.007590132827324458,1.9823165340406723,268.8937678576274,0.013962799659963387,2.933097270761377,557.37,13.44,0.03548716047093725,2.921777091153833,0.0045000000000000005,1.5890665132307487
1995-08-31,203.15,0.006789572802061716,1.9957756164652722,272.3726560454178,0.012937779166501073,2.9710450355243547,559.11,13.51,0.005141707184336042,2.936800013414447,0.004699999999999999,1.596535125842933
1995-09-30,204.2,0.005168594634506363,2.0060909716082134,275.99093852397885,0.013284308825617597,3.010513315311078,578.77,13.58,0.037187077080836684,3.0460110218842926,0.0043,1.6034002268840577
1995-10-31,205.3,0.0053868756121451256,2.016897534138914,278.0958155328558,0.0076266163669502784,3.0334733454345515,582.92,13.65,0.009135753408089586,3.0738386274585503,0.004699999999999999,1.6109362079504126
1995-11-30,207.75,0.01193375547978559,2.0409666961391104,284.31198655709085,0.022352623365886837,3.1012794326155064,595.53,13.72,0.023593860792790355,3.1463623481343093,0.0042,1.6177021400238043
1995-12-31,208.51,0.0036582430806257893,2.048433048433049,286.01208868697626,0.005979706133649065,3.119824172260877,614.57,13.79,0.03390117486384692,3.2530277282834343,0.0049,1.6256288805099208
1996-01-31,210.9,0.011462279986571566,2.0719127615679347,288.70725229387403,0.0094232506719234,3.1492230574884172,614.42,13.8933,0.0016398050669572672,3.258362059635226,0.0043,1.6326190846961133
1996-02-29,211.59,0.003271692745376864,2.07869142351901,289.06898505363773,0.00125293963656814,3.153168843881539,649.54,13.9967,0.059057959810336014,3.450794275200687,0.0039000000000000003,1.6389862991264281
1996-03-31,214.78,0.015076326858547207,2.1100304548580415,293.99848480995183,0.01705302198158476,3.206939901487899,647.07,14.1,-0.00199371863164699,3.4439143623602386,0.0039000000000000003,1.6453783456930213
1996-04-30,217.87,0.014386814414750093,2.140387071421555,300.4160603082681,0.021828600587736835,3.2769429117063544,647.17,14.1567,0.0019777226575175,3.4507254698252283,0.0046,1.6529470860832092
1996-05-31,219.5,0.007481525680451684,2.1564004322625023,304.1400835296243,0.012396218822438687,3.3175646131085057,661.23,14.2133,0.02355554439585683,3.5320091868276102,0.0042,1.6598894638447586
1996-06-30,222.73,0.014715261958997639,2.188132429511741,310.4378008260977,0.020706633678095887,3.3862602082555577,668.5,14.27,0.012793077547399001,3.5771944542528216,0.004,1.6665290217001376
1996-07-31,221.75,-0.004399946123108678,2.178504764711662,306.07208401182476,-0.01406309670618544,3.338638903474552,644.07,14.4,-0.03474943904263261,3.4528889536211196,0.0045000000000000005,1.674028402297788
1996-08-31,223.19,0.006493799323562532,2.1926515374791244,308.3929342253388,0.007582691577401102,3.363954772567912,662.68,14.53,0.030774346473726677,3.5591493546151596,0.0040999999999999995,1.6808919187472091
1996-09-30,227.05,0.01729468166136483,2.230572747814128,318.09383876219056,0.03145631258128434,3.4697723854031115,674.88,14.66,0.02025361662743208,3.6312350011633074,0.0044,1.6882878431896966
1996-10-31,229.37,0.010218013653380265,2.253364770606151,322.5213637614828,0.013918927246504342,3.5180678947974675,701.46,14.74,0.04120485617196157,3.7808595171128343,0.0042,1.6953786521310934
1996-11-30,232.31,0.01281771809739718,2.2822477650063866,329.8911739197172,0.022850610800730253,3.5984578950320287,735.67,14.82,0.05053032247027622,3.9719075677273583,0.0040999999999999995,1.702329704604831
1996-12-31,233.26,0.004089363350695097,2.2915807053738093,332.9323086364291,0.009218599820594253,3.631630638337587,743.25,14.9,0.011991336695348132,4.019536048694778,0.0046,1.710160421246013
1997-01-31,237.73,0.019163165566320917,2.335494645839474,343,0.03023945439481235,3.7414491674044,766.22,14.9533,0.03258137683596818,4.150498067403062,0.0045000000000000005,1.71785614314162
1997-02-28,239.1,0.005762840196861907,2.348953728264074,345.3704890490773,0.006911046790312847,3.767306497663909,798.39,15.0067,0.043617444511149905,4.33153218655165,0.0039000000000000003,1.7245557820998723
1997-03-31,240.54,0.006022584692597199,2.363100501031536,341.8732030630326,-0.010126186506768331,3.7291580494404037,792.16,15.06,-0.006231290472075046,4.304541151308104,0.0043,1.7319713719629017
1997-04-30,248.68,0.03384052548432703,2.4430690637587196,351.71563711446913,0.028789720759780923,3.8365194683528823,763.93,15.0933,-0.034048961068470995,4.157975997229583,0.0043,1.739418848862342
1997-05-31,251.61,0.011782210069165133,2.4718538166814037,357.75161719158086,0.01716153460401104,3.902360029967982,833.09,15.1267,0.09218195166223775,4.541266339618945,0.0049,1.7479420012217675
1997-06-30,252.65,0.004133381026191207,2.4820709303467927,360.7150818896631,0.008283581556796316,3.9346855475402043,876.29,15.16,0.05337158450267476,4.78364091981307,0.0037,1.754409386626288
1997-07-31,259.55,0.027310508608747286,2.5498575498575504,376.9457980550825,0.044995945499124224,4.1117304439935145,925.29,15.2167,0.05736463765800526,5.058052747864154,0.0043,1.761953346988781
1997-08-31,260.25,0.002696975534578927,2.5567344532861775,378.3784281732159,0.0038006263115952788,4.127357594905144,927.24,15.2733,0.0034829891169256832,5.075669890537801,0.0040999999999999995,1.769177355711435
1997-09-30,267.11,0.026359269932757057,2.6241281068867277,393.30515454345283,0.03944920021551468,4.290178551027582,937.02,15.33,0.011925175790518106,5.136198146237104,0.0044,1.7769617360765653
1997-10-31,265.49,-0.006064917075362275,2.6082129875233324,392.70193441807885,-0.0015337203654861575,4.2835986168122995,951.16,15.3867,0.01645880023905577,5.220733805514229,0.0042,1.7844249753680868
1997-11-30,274.95,0.03563222720253112,2.701149425287356,411.00823515800965,0.04661627340099006,4.483284021073724,938.92,15.4433,-0.011515474087780642,5.160614580657629,0.0039000000000000003,1.7913842327720224
1997-12-31,283.19,0.029969085288234165,2.7821004027900575,425.0881462240626,0.03425700475475879,4.636867903100581,962.37,15.5,0.02635119783013118,5.2966029563975985,0.0048,1.799982877089328
1998-01-31,288,0.016985063031886627,2.829354553492484,434.3674890808718,0.021829220455180876,4.738087114778915,963.36,15.55,0.002375212582825137,5.309183514385863,0.0043,1.807722803460812
1998-02-28,292.01,0.013923611111111178,2.868749385990765,443.9857422867542,0.022143124077344645,4.8430031656507335,1023.74,15.6,0.06402590931738916,5.649108816627309,0.0039000000000000003,1.8147729223943092
1998-03-31,293.94,0.0066093626930585625,2.887709991158267,450.01771415899645,0.013585958506628026,4.908800005706732,1076.83,15.64,0.05313198012516196,5.9492571539972285,0.0039000000000000003,1.821850536791647
1998-04-30,299.05,0.017384500238143863,2.937911386187248,460.721440697877,0.023785122678745774,5.025556416047895,1112.2,15.75,0.034065265640816245,6.151920179313671,0.0043,1.8296844940998511
1998-05-31,299.88,0.002775455609429711,2.946065428824049,464.63553188702116,0.008495569868021136,5.068251381706111,1108.42,15.85,-0.002211083138524139,6.138317772335644,0.004,1.8370032320762504
1998-06-30,308.36,0.028277977857809944,3.029374201787995,481.71423330680864,0.036757200531835954,5.254546114089238,1108.39,15.95,0.0011720887990713802,6.145512425841739,0.0040999999999999995,1.844534945327763
1998-07-31,301.36,-0.02270073939551176,2.9606051675017193,467.33562981816294,-0.02984882424989055,5.097704090616843,1156.58,16.0167,0.04468167792924849,6.420104232763395,0.004,1.8519130851090742
1998-08-31,272.81,-0.09473719139899128,2.680125749091266,419.3526777989955,-0.10267342988129813,4.574305327113287,1074.62,16.0833,-0.0697052733057808,5.972589112567022,0.0043,1.8598763113750432
1998-09-30,294.43,0.0792492943807046,2.892523823558306,451.65979856143264,0.07704045418763883,4.9267118871070315,1020.64,16.14,-0.048980104595112595,5.680051073129858,0.0046,1.8684317424073682
1998-10-31,308.12,0.046496620588934556,3.027016406326751,476.84695776427594,0.055765776106410536,5.201453799144233,1032.47,16.1667,0.012910747178241033,5.753384776494535,0.0032,1.8744107239830718
1998-11-30,311.73,0.011716214461898078,3.0624815797229594,484.8730583990729,0.01683160708925935,5.289002625784365,1144.43,16.1833,0.1097451822651827,6.384791037432655,0.0031,1.8802213972274195
1998-12-31,320.49,0.028101241458954762,3.1485411140583555,503.90856577680614,0.03925874421767972,5.496642227036669,1190.05,16.2,0.04104226558199264,6.646837326876492,0.0038,1.887366238536884
1999-01-31,328.96,0.02642828169365652,3.231751645544749,518.6175167816197,0.029189722111865102,5.657087686192213,1248.77,16.28333333,0.05048270614189887,6.9823876624222025,0.0034999999999999996,1.8939720203717632
1999-02-28,333.84,0.0148346303501945,3.279693486590038,527.4095346037712,0.01695279765464175,5.752991149050795,1246.58,16.36666667,-6.615398438730713e-4,6.977768534778143,0.0034999999999999996,1.9006009224430644
1999-03-31,338.25,0.013209920920201457,3.3230179781903924,536.3198428794401,0.01689447704498348,5.850184925958427,1281.66,16.45,0.029240669137426734,7.181803155821138,0.0043,1.9087735064095694
1999-04-30,347.13,0.02625277161862516,3.41025641025641,558.2385413256563,0.04086870686815769,6.089274418821937,1334.76,16.45,0.04250022106746987,7.487031377606589,0.0037,1.9158359683832848
1999-05-31,349.04,0.00550226140062815,3.4290205324688086,561.6627456949575,0.0061339447490846855,6.126625691669005,1332.07,16.45,-9.883175002747269e-4,7.479631813470994,0.0034000000000000002,1.9223498106757881
1999-06-30,359.89,0.03108526243410492,3.5356125356125356,588.3013660376337,0.0474281417930178,6.417200163686228,1322.55,16.45,-0.006117671493740207,7.43387388314205,0.004,1.9300392099184913
1999-07-31,351.1,-0.024424129595153943,3.4492582768444846,570.403610075429,-0.03042276798157173,6.221971172015098,1380.99,16.513333333333335,0.0452278636808523,7.770092117749447,0.0038,1.9373733589161817
1999-08-31,354.44,0.00951295927086293,3.4820709303467927,573.620998906968,0.005640547806339269,6.257066497860514,1327.49,16.576666666666668,-0.03774003512777868,7.4768485682795065,0.0039000000000000003,1.944929115015955
1999-09-30,356.64,0.006206974382123809,3.5036840554081934,576.6646975938012,0.005306114477386492,6.290267208990781,1318.17,16.64,-0.005976190655547775,7.432165495732809,0.0039000000000000003,1.9525143385645172
1999-10-31,364.22,0.021253925527142226,3.578151095392475,588.2252155261845,0.0200472093759525,6.416369512760109,1300.01,16.656666666666666,-0.012723658135479043,7.337601162758801,0.0039000000000000003,1.9601291444849187
1999-11-30,363.36,-0.002361210257536661,3.569702328323018,586.4885232027384,-0.002952427535586888,6.397425646732135,1391,16.673333333333332,0.0710605644913842,7.859015243397079,0.0036,1.9671856094050646
1999-12-31,373.52,0.027961250550418315,3.6695156695156697,609.7964123903357,0.03974142419755444,6.651668453131231,1428.68,16.69,0.0280883057752217,8.079761666645744,0.0044,1.9758412260864469
2000-01-31,372.6,-0.0024630541871920597,3.660477453580902,608.1848858178597,-0.0026427288513538594,6.634089897000501,1425.59,16.713333333333335,-0.001187965270195046,8.070163190394316,0.0040999999999999995,1.9839421751134012
2000-02-29,378.03,0.014573268921094895,3.713822575891541,613.1512670563052,0.008165907036257414,6.688263258369581,1388.87,16.736666666666668,-0.02477940907117593,7.870189315428389,0.0043,1.9924731264663889
2000-03-31,386.85,0.02333148162844223,3.800471559092249,633.9822050837172,0.03397357087333419,6.915487444197317,1442.21,16.76,0.03941093598872958,8.18036084275792,0.004699999999999999,2.0018377501607807
2000-04-30,392.67,0.01504459092671584,3.8576480990274096,638.5036600755107,0.007131832653246795,6.964807543364962,1461.36,16.740000000000002,0.014245498228413256,8.29689415865121,0.0046,2.01104620381152
2000-05-31,400.44,0.019787607915043193,3.933981727085176,654.2058811427797,0.024592217788402593,7.1360876073257025,1418.48,16.72,-0.02838908049123179,8.061352962554029,0.005,2.0211014348305776
2000-06-30,405.29,0.012111677155129508,3.98162884369781,665.641068273828,0.017479493016897107,7.260822800825918,1461.96,16.7,0.03163362660500435,8.316362792102609,0.004,2.0291858405699
2000-07-31,403.88,-0.0034789903525871413,3.9677767953630028,664.5019624613835,-0.0017112913651773365,7.248397417462781,1473,16.583333333333332,0.00849677449755415,8.387025051386955,0.0048,2.038925932604635
2000-08-31,417.11,0.03275725463008827,4.097750270164064,698.9002609985273,0.051765533407499564,7.623614576127285,1485.46,16.46666666666667,0.009390510673606522,8.46578349965181,0.005,2.049120562267658
2000-09-30,416.6,-0.0012226990482127054,4.092739954808922,695.1607865423912,-0.0053505123188729575,7.582824332423376,1468.05,16.35,-0.010803050906789902,8.374327209539208,0.0051,2.0595710771352236
2000-10-31,411.48,-0.012289966394623097,4.042440318302388,683.3153246711232,-0.017039887894403916,7.453613855875924,1390.14,16.323333333333334,-0.05214381132946566,7.937657871513786,0.005600000000000001,2.071104675167181
2000-11-30,407.32,-0.010109847380188608,4.00157186364083,674.7516241907251,-0.012532574890691595,7.360200882020862,1378.04,16.296666666666667,-0.007727239302836031,7.876321689636558,0.0051,2.0816673090105335
2000-12-31,416.57,0.02270941765687917,4.092445230376266,689.4371139319858,0.02176428957673715,7.52039042536012,1330.93,16.27,-0.03320235019786555,7.614809298626202,0.005,2.0920756455555862
2001-01-31,424.71,0.019540533403749727,4.17241379310345,712.9183635128197,0.03405858069768852,7.776524249540373,1335.63,16.169999999999998,0.004543815226946579,7.649409585067594,0.0054,2.103372854041586
2001-02-28,416.4,-0.01956629229356499,4.090775125257886,684.37731446861,-0.040034105593208524,7.465198056586127,1305.75,16.07,-0.021368817212351843,7.485950749861872,0.0038,2.1113656708869444
2001-03-31,394.21,-0.05329010566762726,3.8727772865703916,648.9877782149955,-0.05171056302632271,7.079168461977048,1185.85,15.97,-0.09080541195992087,6.806185908108986,0.0042,2.1202334067046698
2001-04-30,402.28,0.02047132239161864,3.952058158954712,668.707019387138,0.030384610980470406,7.294266241759435,1189.84,15.876666666666665,0.004480377413294656,6.836680189722363,0.0039000000000000003,2.1285023169908177
2001-05-31,404.74,0.006115143681018287,3.976225562432461,672.5350491599718,0.005724524585284163,7.336022448191995,1270.37,15.783333333333331,0.06878679299551016,7.306953494709299,0.0032,2.1353135244051886
2001-06-30,399.08,-0.013984286208430174,3.920620886138129,659.842149998563,-0.01887321586772739,7.197568112916774,1238.71,15.69,-0.023892645449750782,7.132371045542393,0.0028000000000000004,2.141292402273523
2001-07-31,403.19,0.010298686980054095,3.960998133411928,669.7501312698276,0.015015684086392866,7.305644521890628,1204.45,15.706666666666667,-0.026601150480024427,6.9426417700805505,0.003,2.1477162794803433
2001-08-31,402.36,-0.002058582802152764,3.952844090775127,657.6284911884934,-0.018098749840260497,7.173421489267059,1178.5,15.723333333333333,-0.020457239588378306,6.80061448401373,0.0031,2.1543741999467327
2001-09-30,354.34,-0.11934585942936682,3.4810885155712756,571.2864056958106,-0.13129310340043487,6.2316007199418175,1044.64,15.74,-0.11247206901428353,6.0357353024282014,0.0028000000000000004,2.1604064477065834
2001-10-31,358.99,0.01312298921939381,3.526770802632873,581.6463499136119,0.018134414042608293,6.344607147545458,1076.59,15.740000000000002,0.03184031500485007,6.2279150157434096,0.0022,2.165159341891538
2001-11-30,368,0.02509819215019915,3.6152863739070646,601.4421260528021,0.03403404171990476,6.560539771901427,1129.68,15.740000000000002,0.050531461992649795,6.5426206666549005,0.0017000000000000001,2.1688401127727532
2001-12-31,373.75,0.015625,3.671775223499363,616.1471798172647,0.024449657128226443,6.72094271990051,1144.93,15.74,0.014660493827160614,6.638538716551848,0.0015,2.1720933729419127
2002-01-31,379.65,0.015785953177257506,3.7297376952549377,622.3558102888128,0.010076538000854729,6.788666554619155,1140.21,15.736666666666668,-0.002977134943718096,6.618774890963576,0.0014000000000000002,2.1751343036640316
2002-02-28,383.66,0.010562360068484322,3.7691325277532193,627.0699934737166,0.007574739573357858,6.840088935820759,1100.67,15.733333333333334,-0.033527936861533214,6.396861024318648,0.0013,2.1779619782587947
2002-03-31,388.81,0.013423343585466263,3.819726888692408,637.2319411818248,0.016205444071426545,6.950935614513787,1153.79,15.73,0.049452454716975236,6.71320150445455,0.0013,2.1807933288305312
2002-04-30,384.89,-0.010082045214886537,3.781216229492093,617.78990946505985,-0.030510133689637953,6.738861639646905,1111.93,15.833333333333332,-0.03513685814191103,6.477320695514466,0.0015,2.1840645188237775
2002-05-31,393.36,0.022006287510717426,3.864426760978487,627.3952369489414,0.01554788664677087,6.8436366965484074,1079.25,15.936666666666667,-0.028195969570426693,6.294686358285846,0.0014000000000000002,2.187122209150131
2002-06-30,372.25,-0.0536658531624975,3.6570390018665897,587.7934734825451,-0.06312091825717692,6.411660064043759,1014.02,16.04,-0.0592016060535866,5.922030816271722,0.0013,2.189965468022026
2002-07-31,340.49,-0.08531900604432507,3.3450240691620015,535.8075055552599,-0.08844257425874413,5.844596342707745,903.59,15.96,-0.10759156624129695,5.28487024541982,0.0015,2.193250416224059
2002-08-31,342.65,0.006343798643131837,3.3662442283131946,539.3087768457439,0.006534569326078321,5.882788262692112,912.55,15.879999999999999,0.011380530255240995,5.345014871142844,0.0014000000000000002,2.1963209668067734
2002-09-30,324.6,-0.0526776594192323,3.188918361332156,506.15088544858435,-0.06148220244270852,5.521101483797686,867.81,15.8,-0.047584607236133114,5.090674437828221,0.0014000000000000002,2.199395816160303
2002-10-31,342.43,0.05492914356130618,3.364082915807055,535.9495536275356,0.05887309305513044,5.846145805220126,854.63,15.89,-0.013661784645640496,5.021126739957545,0.0014000000000000002,2.2024749703029274
2002-11-30,354.2,0.03437198843559264,3.47971313488555,557.1354819532261,0.03952970607456452,6.077242230569526,909.93,15.98,0.06626454333064213,5.353849410386108,0.0012,2.205117940267291
2002-12-31,358.75,0.012845849802371578,3.524413007171629,563.3107953524435,0.011084042569982744,6.144602642161256,899.18,16.07,-0.010342370658548816,5.298477915333841,0.0011,2.2075435700015853
2003-01-31,356.57,-0.0060766550522648455,3.5029963650653317,558.4135956376273,-0.0086936017474194,6.091183913894165,895.84,16.119999999999997,-0.0022205416787145493,5.286712424289093,0.001,2.2097511135715866
2003-02-28,357.83,0.0035336680034776524,3.515374791236862,557.6830039365007,-0.0013083343722897212,6.083214608611679,837.03,16.169999999999998,-0.06414370869798192,4.947603082575492,9e-4,2.211739889573801
2003-03-31,360.37,0.007098342788474987,3.540328126535025,560.4062272253414,0.004883102532475148,6.112919569272581,846.63,16.22,0.013083959555412195,5.012337321204143,0.001,2.2139516294633745
2003-04-30,376.79,0.04556428115547906,3.701640632675117,597.2166812615808,0.06568530513747817,6.514448556461112,890.03,16.203333333333333,0.052856947873070714,5.277274173713277,0.001,2.2161655810928376
2003-05-31,381.4,0.012234931924944847,3.746929953826507,608.4961868631104,0.018886789259975778,6.637485573491946,935.96,16.186666666666667,0.05312055648561165,5.5576059145480725,9e-4,2.218160130115821
2003-06-30,381.12,-7.341373885683122e-4,3.7441791924550563,607.2975393062968,-0.001969852207279743,6.624410707884215,988,16.17,0.05704036497286191,5.874613784289231,0.001,2.2203782902459364
2003-07-31,389.8,0.022774979009235974,3.829452794970038,626.1306690065471,0.031011371661019638,6.829842770381651,992.54,16.310000000000002,0.005970816464237361,5.909690024993501,7.000000000000001e-4,2.2219325550491082
2003-08-31,395.54,0.014725500256541846,3.8858434030847846,640.4403990714108,0.02285422320482766,6.985933521509832,989.53,16.450000000000003,-0.001651486757880516,5.899930250174045,7.000000000000001e-4,2.223487907837643
2003-09-30,391.27,-0.010795368357182644,3.843894292170156,631.6106173135149,-0.013787046805133318,6.889618129071226,1019.44,16.59,0.03162359908239276,6.086507279019631,8e-4,2.2252666981639124
2003-10-31,404.04,0.03263730927492525,3.9693486590038334,662.8103819271566,0.04939715033028813,7.229945631511236,1038.73,16.85666666666667,0.02030008850174836,6.210063915450265,7.000000000000001e-4,2.2268243848526272
2003-11-30,409.34,0.013117513117512969,4.021416642106298,676.9314763254525,0.02130487811195425,7.383978741946638,1049.9,17.123333333333335,0.01212725582629215,6.2853749492505555,7.000000000000001e-4,2.228383161922024
2003-12-31,412.5,0.007719743978111149,4.052460949012675,685.9707648998948,0.01335332879408968,7.482579437896421,1080.64,17.39,0.030659269136743328,6.478079951444973,8e-4,2.2301658684515613
2004-01-31,415.05,0.006181818181818288,4.07751252578839,692.2883846735955,0.009209750760475366,7.551492129564905,1132.52,17.6,0.04936580791629641,6.797875601994416,7.000000000000001e-4,2.231726984559477
2004-02-29,419.15,0.00987832791229959,4.117791531584636,705.9252750197168,0.01969827986143513,7.700243534904499,1143.36,17.810000000000002,0.010882074194421776,6.871850588659769,6e-4,2.2330660207502127
2004-03-31,422.98,0.009137540260050203,4.155418017486985,705.9481083612682,3.2345267069189276e-5,7.700492601338134,1123.98,18.02,-0.015636661535590846,6.764397786881745,9e-4,2.235075780168888
2004-04-30,423.7,0.0017022081422288782,4.162491403870716,706.7598122793181,0.0011498067753650254,7.7093466799048,1133.36,18.213333333333335,0.009695704352192802,6.829983387943978,8e-4,2.2368638407930224
2004-05-31,429.81,0.014420580599480814,4.2225169466548795,711.2896824265771,0.006409348789442326,7.758758571715039,1102.78,18.406666666666666,-0.025628318549367424,6.654942397990862,6e-4,2.238205959097498
2004-06-30,432.69,0.006700635164375024,4.250810492189805,719.3040614832811,0.011267391127286919,7.846179539204742,1132.76,18.6,0.028591378153394187,6.845216372680874,8e-4,2.239996523864776
2004-07-31,435.48,0.006448034389516799,4.278219864426763,714.556906120808,-0.006599650435288762,7.794397496993476,1105.85,18.78666666666667,-0.022374063742049866,6.69206106523039,0.001,2.2422365203886407
2004-08-31,440.53,0.0115963993754018,4.327831810590434,720.6690631407774,0.008553772229494161,7.861068997848898,1088.94,18.973333333333333,-0.013861634840971915,6.59929815841068,0.0011,2.244702980561068
2004-09-30,442.43,0.004312986629741555,4.34649769132528,724.3350248660213,0.0050868864958169,7.90105736357674,1117.66,19.16,0.02784052993430919,6.7830261163353445,0.0011,2.247172153839686
2004-10-31,448.27,0.013199828221413412,4.403870714215544,730.5219561942513,0.00854153273807845,7.968544503713167,1117.21,19.253333333333334,0.0010329120165741834,6.790032385519644,0.0011,2.2496440432089098
2004-11-30,451.27,0.006692395208244939,4.43334315748109,739.1167664350438,0.011765300369024123,8.062296823303289,1168.94,19.346666666666668,0.047745922630680226,7.114228746458478,0.0015,2.253018509273723
2004-12-31,454.82,0.007866687349037171,4.468218882011987,750.9970267235855,0.016073590571951568,8.19188688151061,1199.21,19.44,0.02728112649066672,7.308312920774148,0.0016,2.256623338888561
2005-01-31,457.52,0.005936414405699031,4.494744080950979,748.2143931775166,-0.003705252413859439,8.16153387286883,1181.41,19.703333333333333,-0.013473916624740956,7.209841321812121,0.0016,2.260233936230783
2005-02-28,459.83,0.005048959608323189,4.51743786226545,756.8303705065663,0.011515385707109083,8.255517083376551,1199.63,19.96666666666667,0.016830642104678883,7.331187580731066,0.0016,2.263850310528752
2005-03-31,462.43,0.005654263532175019,4.542980646428925,758.8395608878941,0.002654743334339349,8.27743336232517,1194.9,20.23,-0.002537587978515665,7.312584047257959,0.0021,2.2686043961808626
2005-04-30,465.07,0.005708972168760651,4.568916396502606,754.2575763221057,-0.00603814666756064,8.22745300565249,1164.43,20.46333333333333,-0.024072911726690238,7.136548856994315,0.0021,2.2733684654128425
2005-05-31,469.56,0.009654460618831573,4.613026819923374,769.698548378339,0.020471749361174796,8.395883361465053,1178.28,20.696666666666665,0.013375404465894913,7.232003084447234,0.0024,2.278824549729833
2005-06-30,469.92,7.666751852799525e-4,4.61656351311524,768.3193039227592,-0.0017919280976762542,8.380838542164831,1202.25,20.93,0.0218234771587964,7.389830538573013,0.0023,2.2840658461942116
2005-07-31,475.33,0.011512597889002274,4.669712152470776,790.0354986438716,0.028264543934061637,8.617719121344125,1222.24,21.11,0.018090386081652587,7.523515426093786,0.0024,2.2895476042250777
2005-08-31,477.84,0.005280541939284289,4.694370763336283,797.3449658275905,0.009252074364083596,8.697450899503586,1224.27,21.29,0.003112454727931091,7.546932027252394,0.003,2.2964162470377527
2005-09-30,480.95,0.006508454712874645,4.7249238628549,807.4711454363745,0.012699872756171127,8.807907419230329,1225.92,21.47,0.0028091570214632267,7.568132544347256,0.0029,2.303075854154162
2005-10-31,477.56,-0.007048549745295785,4.691620001964832,794.328841533564,-0.016275880540236765,8.66455097026547,1191.96,21.72,-0.0262252022970505,7.369656737360857,0.0027,2.309294158960378
2005-11-30,480.53,0.0062191138286287195,4.720797720797723,802.9025985073498,0.01079371228323156,8.75807364050191,1237.37,21.97,0.03963290155150623,7.661737617301075,0.0031,2.3164529708531556
2005-12-31,480.62,1.8729319709498427e-4,4.72168189409569,801.4178287544206,-0.0018492526437072776,8.74187774966843,1262.07,22.22,0.02145814644501387,7.826144305116393,0.0032,2.3238656203598858
2006-01-31,486.16,0.011526777911863961,4.7761076726594,822.3646672699991,0.02613722550711728,8.970366179767165,1278.73,22.406666666666666,0.014680027432885767,7.941032318209224,0.0034999999999999996,2.3319991500311454
2006-02-28,488.71,0.00524518676978758,4.8011592494351145,831.0996617241602,0.010621801740532621,9.06564763086863,1276.65,22.593333333333334,-1.542328890555833e-4,7.939807549852703,0.0034000000000000002,2.3399279471412515
2006-03-31,491.92,0.00656831249616352,4.83269476372925,841.0533827488647,0.011976567291646978,9.174222969762088,1293.74,22.78,0.014873562318045819,8.057900772238728,0.0037,2.3485856805456744
2006-04-30,495.17,0.006606765327695552,4.864623243933592,854.6479644992581,0.016163756105422866,9.322512872302092,1302.17,23,0.007997485326778797,8.122343715429347,0.0036,2.357040588995639
2006-05-31,491.97,-0.006462427045257124,4.833185971117009,839.4843724696404,-0.01774250060784044,9.157108181998671,1290.01,23.22,-0.007852277352419557,8.058564819824113,0.0043,2.36717586352832
2006-06-30,499.63,0.015570055084659584,4.908438942921705,853.8295074526993,0.017088031002718385,9.31358513050791,1253.17,23.44,-0.027043718007353834,7.840631265292808,0.004,2.376644566982433
2006-07-31,505,0.010747953485579442,4.961194616367034,870.0805161267359,0.01903308392622738,9.49085137795093,1260.24,23.66,0.007215036002031994,7.897201702150554,0.004,2.386151145250363
2006-08-31,509.03,0.007980198019801987,5.000785931820419,882.2272393256272,0.013960458800943876,9.623348017598696,1287.15,23.88,0.02293213990985854,8.078301436480643,0.0042,2.3961729800604146
2006-09-30,512.9,0.0076026953224761495,5.038805383632974,895.0030605103658,0.014481327049598258,9.762706867553646,1317.74,24.1,0.025325978583174757,8.282892325649382,0.0040999999999999995,2.405997289278662
2006-10-31,516.81,0.007623318385650224,5.0772178013557365,907.4648859994904,0.013923779748885368,9.898640647730394,1363.38,24.36,0.03617557333009547,8.582530704361195,0.0040999999999999995,2.4158618781647045
2006-11-30,519.84,0.005862889649968173,5.10698496905394,917.8558010473629,0.011450487184887281,10.011984905615034,1388.64,24.619999999999997,0.0200323216320224,8.754458719847667,0.0042,2.4260084980529966
2006-12-31,521.51,0.003212526931363424,5.123391295805093,922.88,0.005473843436958115,10.066788943481559,1416.42,24.88,0.02149825248684567,8.94266428379262,0.004,2.4357125320452084
2007-01-31,526.21,0.009012291231232483,5.169564790254451,941.03,0.019666695561719738,10.264769416917098,1424.16,25.083333333333332,0.006940228024016726,9.00472841306437,0.0044,2.4464296671862074
2007-02-28,521.86,-0.008266661598981484,5.126829747519407,928.29,-0.013538356906793614,10.125801304984934,1444.8,25.286666666666665,0.015972378259621056,9.148555341402991,0.0038,2.455726099921515
2007-03-31,526.07,0.00806729774268966,5.168189409568725,932.75,0.004804533066175454,10.174451052176256,1406.95,25.49,-0.024727182539682424,8.922337343501734,0.0043,2.466285722151177
2007-04-30,528.99,0.005550592126523091,5.196875921013857,942.96,0.010946127043688136,10.285821885993164,1463.64,25.71666666666667,0.04181602441846244,9.295434019727361,0.0044,2.477137379328642
2007-05-31,534.52,0.010453883816329279,5.251203458100015,961.1,0.01923729532535834,10.483693279278048,1511.14,25.943333333333335,0.03393043674977769,9.610832155795451,0.0040999999999999995,2.48729364258389
2007-06-30,533.06,-0.0027314225847490103,5.236860202377449,958.9,-0.0022890438039746552,10.459695646134346,1514.19,26.17,0.003461514706336377,9.644100192642869,0.004,2.497242817154225
2007-07-31,525.26,-0.014632499155817325,5.160231849887027,946.16,-0.013286056940243984,10.320727534202184,1520.71,26.440000000000005,0.005761055966116091,9.699660393595515,0.004,2.507231788422842
2007-08-31,535.9,0.020256634809427743,5.264760782002167,965.42,0.02035596516445426,10.530815904360228,1454.62,26.71,-0.041996282438247046,9.292310716151,0.0042,2.5177621619342183
2007-09-30,542.16,0.01168128382160849,5.326259946949607,981.42,0.016573097719127405,10.70534414540533,1497.12,26.98,0.030762902567909922,9.578169165342699,0.0032,2.5258190008524077
2007-10-31,552.27,0.01864763169544048,5.4255820807545,1008.83,0.027928919320983958,11.004332838345723,1539.66,27.230000000000004,0.0299302438459621,9.86484610405928,0.0032,2.533901621655136
2007-11-30,555.18,0.0052691618230213955,5.45417035072208,998.17,-0.010566696073669557,10.888053397749424,1463.39,27.480000000000004,-0.0480495693854488,9.39084449670551,0.0034000000000000002,2.5425168871687633
2007-12-31,559.51,0.007799272308080418,5.49670891050202,1010.61,0.012462806936694104,11.02374910516199,1479.22,27.73,0.012396444784598115,9.507257581989666,0.0027,2.549381682764119
2008-01-31,527.83,-0.05662097192186011,5.185479909617848,956.3,-0.05373982050444792,10.431334806964516,1378.76,27.92,-0.06634126994857659,8.876534040272238,0.0021,2.5547353842979237
2008-02-29,536.45,0.0163310156679235,5.270164063267519,972.68,0.01712851615601796,10.610008093734441,1354.87,28.11,-0.015628173141083335,8.737810029398144,0.0013,2.558056540297511
2008-03-31,546.25,0.01826824494361068,5.366440711268305,984.81,0.012470699510630512,10.742322316476761,1316.94,28.3,-0.02625467141989013,8.508401698146875,0.0017000000000000001,2.562405236416017
2008-04-30,554.32,0.014773455377574463,5.445721583652626,1007,0.022532265106975036,10.984371170776189,1370.47,28.436666666666667,0.04244667351756504,8.869555047184411,0.0018,2.567017565841566
2008-05-31,560.75,0.011599797950642143,5.508890853718447,1024.7,0.01757696127110231,11.177443037432335,1403.22,28.573333333333334,0.0256343525295053,9.09692034804379,0.0018,2.571638197460081
2008-06-30,543.03,-0.031600534997770935,5.334806955496617,973.94,-0.049536449692592965,10.623752192716745,1341.25,28.71,-0.04245770442268504,8.710685992749838,0.0017000000000000001,2.576009982395763
2008-07-31,549.09,0.011159604441743687,5.394341290893022,979.41,0.005616362404254893,10.68341903512404,1257.33,28.756666666666668,-0.06078181629905777,8.181234676899741,0.0015,2.5798739973693565
2008-08-31,554.02,0.008978491686244316,5.4427743393260695,993.16,0.014039064334650408,10.833404242272175,1281.47,28.803333333333335,0.02110844231647846,8.353927797154652,0.0013,2.583227833565937
2008-09-30,545.55,-0.015288256741633921,5.359563807839676,967.47,-0.02586692979983074,10.553177335244131,1216.95,28.85,-0.04847232735322193,7.948993474285793,0.0015,2.5871026753162862
2008-10-31,452.3,-0.17092842085968285,4.4434620296689316,796.71,-0.17650159694874257,8.690524682690267,968.8,28.696666666666665,-0.20194635039328745,6.343723252853718,8e-4,2.589172357456539
2008-11-30,410.27,-0.092925049745744,4.030553099518621,718.7,-0.0979151761619661,7.839590427444735,883.04,28.543333333333333,-0.08606666896045512,5.7977401236736155,3e-4,2.5899491091637756
2008-12-31,419.47,0.022424257196480557,4.120935258866298,740.1,0.029775984416307244,8.07302194984256,877.56,28.39,-0.003526642809687841,5.777293565154023,0,2.5899491091637756
2009-01-31,418.3,-0.002789234033423127,4.1094410059927355,730.32,-0.013214430482367256,7.966341562503741,865.58,28.013333333333335,-0.010991334558953736,5.713793398734125,0,2.5899491091637756
2009-02-28,398.63,-0.04702366722448004,3.9162000196483007,690.06,-0.05512651988169581,7.527184875973999,805.23,27.63666666666667,-0.06706132817815158,5.33061882447946,1e-4,2.590208104074692
2009-03-31,425.6,0.06765672428066138,4.1811572846055665,747.71,0.0835434599889866,8.156031944489637,757.13,27.26,-0.056913345669353355,5.027235472690299,2e-4,2.590726145695507
2009-04-30,439.2,0.03195488721804507,4.314765694076045,779.37,0.04234261946476581,8.501379701457637,848.15,26.703333333333333,0.12315623179345403,5.646370849845219,1e-4,2.5909852183100766
2009-05-31,454,0.033697632058287796,4.460163080852742,815.4,0.04622964702259513,8.894395484261079,902.41,26.14666666666667,0.06654352283073606,6.0221002574026965,0,2.5909852183100766
2009-06-30,460.91,0.015220264317180598,4.528047941841051,831.1,0.019254353691439796,9.065651320786586,926.12,25.59,0.028637204818209083,6.194556375909728,1e-4,2.5912443168319075
2009-07-31,475.01,0.030591655637760118,4.666568425189121,868.86,0.04543376248345554,9.477537969653028,935.82,25.026666666666664,0.012725732686428959,6.273386644460569,1e-4,2.5915034412635904
2009-08-31,479.05,0.0085050841034926,4.706257982120058,876.55,0.00885067789977656,9.56142060550533,1009.73,24.46333333333333,0.0811572857078402,6.782517676720804,1e-4,2.591762591607717
2009-09-30,484.9,0.012211668928086672,4.763729246487873,894.59,0.02058068564257609,9.758201197283684,1044.55,23.9,0.03645694063429472,7.029787521012069,1e-4,2.5920217678668775
2009-10-31,482.21,-0.005547535574345175,4.737302289026434,892.92,-0.0018667769592775052,9.739984812124602,1067.66,23.403333333333332,0.02399145831006444,7.198442375251042,0,2.5920217678668775
2009-11-30,503.31,0.043756869413740906,4.944591806660779,945.58,0.05897504815660981,10.314400885464298,1088.07,22.906666666666666,0.020904491026065175,7.348922149286124,0,2.5920217678668775
2009-12-31,512.96,0.019173074248475253,5.039394832498289,973.28,0.029294189809428994,10.616552902773632,1110.38,22.41,0.022220537281608888,7.512219147883978,1e-4,2.592280970043664
2010-01-31,501.02,-0.023276668746101126,4.922094508301412,943.67,-0.030422899884925192,10.293566576689537,1123.58,22.24,0.013556920453658305,7.61406170530229,0,2.592280970043664
2010-02-28,519.47,0.03682487725040917,5.103350034384524,973.48,0.031589432746617074,10.618734505786698,1089.16,22.07,-0.028997341829983814,7.39327415531905,0,2.592280970043664
2010-03-31,527.06,0.014611045873678785,5.177915315846357,999.48,0.026708304228129975,10.90234289748499,1152.05,21.9,0.059417349149803345,7.832562907165859,1e-4,2.592540198140669
2010-04-30,529.11,0.003889500246651467,5.198054818744482,1009.17,0.009695041421539097,11.008041563467929,1197.32,21.946666666666665,0.04088267773871701,8.15277905236775,1e-4,2.5927994521604827
2010-05-31,488.55,-0.0766570278392017,4.79958738579429,917.7,-0.09063884182050586,10.010285425443206,1125.06,21.993333333333332,-0.058820718122325144,7.673226733814829,1e-4,2.593058732105699
2010-06-30,471.49,-0.03491966021901549,4.63198742509088,880.91,-0.040089353819330986,9.60897955119012,1083.36,22.04,-0.035432184357575114,7.401347549564828,1e-4,2.5933180379789094
2010-07-31,508.65,0.07881397272476609,4.997052755673452,954.37,0.0833910388121375,10.410282337888452,1079.8,22.143333333333334,-0.0015827815520438326,7.389632833203112,1e-4,2.5935773697827074
2010-08-31,512.18,0.006939939054359634,5.031731997249246,961.58,0.007554721963179967,10.488929126509403,1087.28,22.246666666666666,0.00864409046942849,7.453509487949178,1e-4,2.5938367275196854
2010-09-30,526.59,0.028134640165566882,5.173297966401423,1000.66,0.04064144428960659,10.915214355262066,1122.08,22.35,0.033719465087189926,7.70483784090512,1e-4,2.5940961111924374
2010-10-31,533.49,0.013103173246738375,5.24108458591218,1020,0.019327244018947587,11.126175366625334,1171.58,22.476666666666667,0.04578377259692323,8.057594384509288,1e-4,2.5943555208035565
2010-11-30,536.27,0.005210969277774646,5.268395716671586,1028.51,0.008343137254901878,11.2190025748312,1198.89,22.603333333333335,0.024918154211501786,8.258374763956223,1e-4,2.594614956355637
2010-12-31,546.59,0.019244037518414414,5.369780921505068,1061.04,0.031628277799924165,11.573840304906025,1241.53,22.73,0.03714616575888252,8.565141721837112,1e-4,2.5948744178512726
2011-01-31,549.77,0.005817889094202222,5.401021711366548,1073.31,0.011564125763401822,11.707681649757486,1282.62,22.963333333333335,0.03463759322055138,8.861817616674479,1e-4,2.5951339052930575
2011-02-28,553.43,0.0066573294286700335,5.436978092150514,1084.57,0.010490911293102645,11.830505899392978,1321.12,23.196666666666665,0.031523799375930084,9.141175777328609,1e-4,2.595393418683587
2011-03-31,556.01,0.00466183618524485,5.462324393358885,1082.03,-0.0023419419677844777,11.802799541127067,1304.49,23.43,-0.011109891607121058,9.039618305280847,1e-4,2.5956529580254553
2011-04-30,561.99,0.010755202244564055,5.521072796934876,1100.52,0.017088250787870907,12.004488739684815,1331.51,23.733333333333334,0.02222920664610517,9.24056184859085,0,2.5956529580254553
2011-05-31,566.14,0.0073844730333278985,5.561843010118881,1111.83,0.010276959982553624,12.127858390073571,1338.31,24.036666666666665,0.006611332664084868,9.301654276974935,0,2.5956529580254553
2011-06-30,563.72,-0.004274561062634574,5.5380685725513406,1096.54,-0.013752102389753773,11.961074839724844,1287.29,24.34,-0.03660711394719207,8.961147558960327,0,2.5956529580254553
2011-07-31,561.37,-0.004168736252040062,5.514981825326662,1091.39,-0.004696591095627922,11.904898562138454,1325.19,24.619999999999997,0.031035482810141346,9.23926109998558,0,2.5956529580254553
2011-08-31,518.05,-0.07716835598624805,5.089399744572166,1003.86,-0.08020047828915422,10.950120003471085,1185.31,24.9,-0.1039888619745094,8.278480852712725,1e-4,2.5959125233212577
2011-09-30,507.65,-0.020075282308657405,4.987228607918271,973.16,-0.030581953658876726,10.615243940965794,1173.88,25.18,-0.00787276464947273,8.213306321304152,0,2.5959125233212577
2011-10-31,541.24,0.06616763518171975,5.317221731014843,1060.53,0.08977968679353854,11.568277217222711,1207.22,25.596666666666664,0.030218638664561537,8.461501257269001,0,2.5959125233212577
2011-11-30,557.1,0.029303081812135146,5.473032714412034,1090.77,0.028514044864360377,11.898135592797956,1226.42,26.013333333333335,0.017699986562331516,8.611269715819814,0,2.5959125233212577
2011-12-31,569.21,0.02173756955663264,5.5920031437272915,1126.54,0.03279334781851362,12.288315291684418,1243.32,26.43,0.015575822312095422,8.745397322794952,0,2.5959125233212577
2012-01-31,575.23,0.010576061559002703,5.651144513213488,1145.01,0.016395334386706262,12.48978632994086,1300.58,26.736666666666668,0.04784613418553185,9.16383077660719,0,2.5959125233212577
2012-02-29,581.9,0.01159536185525778,5.716671578740553,1168.92,0.02088191369507708,12.750596970152637,1352.49,27.043333333333337,0.04164573583409803,9.54546525235815,0,2.5959125233212577
2012-03-31,586.82,0.0084550610070459609,5.76500638569605,1186.61,0.015133627622078372,12.943559756658129,1389.24,27.35,0.0288572681991488,9.820921303231106,0,2.5959125233212577
2012-04-30,592.73,0.010071231382706713,5.823067098929177,1192.39,0.004871019121699849,13.006608083735674,1386.43,27.673333333333332,-3.6270830733997617e-4,9.817359173488692,0,2.5959125233212577
2012-05-31,579.7,-0.021983027685455347,5.695058453679152,1150.05,-0.035508516508860444,12.544762725870068,1341.27,27.996666666666666,-0.03089008781146141,9.51410008654297,1e-4,2.59617211457359
2012-06-30,592.98,0.022908400897015735,5.825523135867973,1189.4,0.034215903656362956,12.973993118690371,1323.48,28.32,-0.011504022307216366,9.40464966691429,0,2.59617211457359
2012-07-31,597.11,0.006964821747782457,5.866096866096877,1204.41,0.01261980830670928,13.13772242482081,1359.78,28.743333333333332,0.029237523632980933,9.679618333810604,0,2.59617211457359
2012-08-31,601.16,0.006782669859824786,5.905884664505364,1217.28,0.01068572994246142,13.278108578711464,1403.45,29.166666666666664,0.033902951621259225,10.007785965894037,1e-4,2.596431731785047
2012-09-30,603.74,0.0042917027080977554,5.931230965713735,1228.58,0.009282991587802325,13.401369148949568,1443.42,29.59,0.030236797415891914,10.310389362726381,1e-4,2.5966913749582257
2012-10-31,603.77,4.969026402079635e-5,5.9315256901463895,1232.66,0.003320907063439238,13.445873850416072,1437.82,30.14333333333333,-0.002139401945071895,10.288331295669316,1e-4,2.5969510440957215
2012-11-30,592.92,-0.01797041919936404,5.824933687002662,1208.95,-0.019234825499326647,13.18724481321736,1394.51,30.696666666666665,-0.028342869374778812,9.996730465671712,1e-4,2.597210739200131
2012-12-31,596.49,0.006021048370775217,5.860005894488663,1218.24,0.007684354191653808,13.288580273174171,1422.29,31.25,0.02178841791501429,10.214543406841523,1e-4,2.597470460274051
2013-01-31,604.13,0.012808261664068121,5.935062383338255,1244.84,0.021834778040451752,13.578733473911655,1480.4,31.536666666666665,0.04270441018045257,10.65074945829332,0,2.597470460274051
2013-02-28,605.27,0.0018870110737754242,5.946261911779162,1250.35,0.004426271649368596,13.638836636921562,1512.31,31.82333333333333,0.023346355339397773,10.899405639777536,0,2.597470460274051
2013-03-31,610.43,0.008525121020370952,5.996954514195902,1270.52,0.016131483184708362,13.858851300789047,1550.83,32.11,0.027240336527122988,11.196309117350697,0,2.597470460274051
2013-04-30,618.08,0.012532149468407638,6.072109244523047,1285.2,0.011554324213707723,14.018980961947928,1570.7,32.49666666666667,0.014558691510710764,11.359312727848764,0,2.597470460274051
2013-05-31,616.1,-0.00320346880662703,6.052657431967786,1278.01,-0.005594460006224766,13.940552333628284,1639.84,32.88333333333334,0.04576321243889825,11.879151369373188,0,2.597470460274051
2013-06-30,618.57,0.004009089433533619,6.076923076923086,1278.81,6.259731926980816e-4,13.949278745680541,1618.77,33.27,-0.01115810079032098,11.746602601090242,0,2.597470460274051
2013-07-31,623.93,0.00866514703267196,6.129580508890863,1297,0.014224161525167922,14.147695539718693,1668.68,33.64666666666667,0.032564162227425086,12.129120873813239,0,2.597470460274051
2013-08-31,624.24,4.968506082414503e-4,6.13262599469497,1278.74,-0.014078643022359283,13.948515184625968,1670.09,34.02333333333333,0.002544093401837033,12.159978490198391,0,2.597470460274051
2013-09-30,627.75,0.005622837370242273,6.16710875331566,1292.9,0.011073400378497578,14.102972677950884,1687.17,34.4,0.01194346811648872,12.305210805593264,0,2.597470460274051
2013-10-31,639.23,0.01828753484667467,6.279889969545152,1335.35,0.032833165751411375,14.566017917473673,1720.03,34.596666666666664,0.021185212844915036,12.565899315611306,0,2.597470460274051
2013-11-30,642.51,0.005131173443048587,6.31211317418215,1349.66,0.010716291608941608,14.722111613058388,1783.54,34.79333333333334,0.0386094686978975,13.051062011898331,0,2.597470460274051
2013-12-31,647.65,0.007999875488319264,6.362609293643787,1367.79,0.013433012758768736,14.919873926192619,1807.78,34.99,0.015225805607574472,13.249774945063896,0,2.597470460274051
2014-01-31,639.46,-0.012645719138423495,6.282149523528844,1341.67,-0.019096498731530298,14.63495657268649,1822.36,35.403333333333336,0.009697130058844428,13.378259735956599,0,2.597470460274051
2014-02-28,655.92,0.025740468520313975,6.4438549955791435,1397.18,0.04137381025140319,15.240460488962347,1817.04,35.81666666666666,-0.0012814579873229315,13.361116058161477,0,2.597470460274051
2014-03-31,659.21,0.005015855592145568,6.476176441693695,1407.86,0.0076439685652527345,15.356958089859951,1863.52,36.23,0.027241649422504066,13.725094897711301,0,2.597470460274051
2014-04-30,666.25,0.010679449644271033,6.545338441890177,1419.05,0.007948233489125434,15.479018778440873,1864.26,36.61333333333333,0.0020343817673602604,13.753016980526494,0,2.597470460274051
2014-05-31,672.44,0.009290806754221448,6.606149916494755,1443.34,0.017117085374017904,15.743974464377471,1889.77,36.99666666666667,0.015337482730711116,13.963953640960495,0,2.597470460274051
2014-06-30,673.3,0.0012789245137110328,6.6145986835642105,1447.72,0.0030346280155750804,15.79175157036357,1947.09,37.38,0.03198008223222937,14.41052202668545,0,2.597470460274051
2014-07-31,672.11,-0.0017674142284270777,6.602907947735544,1439.72,-0.005525930428535886,15.704487449841018,1973.1,37.75,0.014974055299618039,14.626305980409402,0,2.597470460274051
2014-08-31,683.35,0.01672345300620437,6.713331368503793,1490.81,0.035486066735198385,16.261777939528162,1961.53,38.120000000000005,-0.004253881371108048,14.564087409871213,0,2.597470460274051
2014-09-30,679.14,-0.006160825345723375,6.671971706454475,1475.94,-0.009974443423373835,16.09957575550687,1993.23,38.49,0.017796057159462197,14.823270741892685,0,2.597470460274051
2014-10-31,667.94,-0.01649144506287359,6.561941251596434,1438.72,-0.025217827282951855,15.693579434775698,1937.27,38.806666666666665,-0.02645259759842622,14.431156725864872,0,2.597470460274051
2014-11-30,668.62,0.0010180555139682745,6.568621672069957,1443.43,0.0032737433274021566,15.74495618573335,2044.57,39.123333333333335,0.057070143954006225,15.254744917632806,0,2.597470460274051
2014-12-31,671.79,0.004741108551942652,6.599764220453884,1455.01,0.00802255738068336,15.871271000189742,2054.27,39.44,0.006351783830667035,15.351639759741577,0,2.597470460274051
2015-01-31,669.12,-0.00397445630330906,6.573533745947548,1426.89,-0.019326327654105357,15.564537616552974,2028.18,39.89666666666667,-0.011081930699361697,15.181513951802554,0,2.597470460274051
2015-02-28,681.17,0.01800872788139629,6.691914726397493,1464.5,0.026358023393534102,15.97478806315962,2082.2,40.35333333333333,0.028292744124179148,15.61104064145856,0,2.597470460274051
2015-03-31,681.57,5.872249218257242e-4,6.695844385499566,1461.32,-0.002171389552748426,15.940100575251904,2079.99,40.81,5.719111196489379e-4,15.619968769190702,0,2.597470460274051
2015-04-30,689.9,0.01222178206200386,6.777679536300234,1488.2,0.018394328415405337,16.23330802020768,2094.86,41.120000000000005,0.008796516649919983,15.757370084540117,0,2.597470460274051
2015-05-31,693.52,0.005247137266270574,6.8132429511739945,1504.36,0.01085875554360971,16.409581543663233,2111.94,41.43,0.009801370974671153,15.911813914323881,0,2.597470460274051
2015-06-30,691.2,-0.00334525320106116,6.790450928381972,1499.74,-0.0030710734132786133,16.359186514061463,2099.29,41.74,-0.004342768576127476,15.842712588867567,0,2.597470460274051
2015-07-31,703.94,0.018431712962962976,6.915610570782994,1542.49,0.028504940856415084,16.825504158103847,2094.14,41.99666666666667,-7.861123416859073e-4,15.830258436975676,0,2.597470460274051
2015-08-31,683.34,-0.02926385771514617,6.71323312702624,1480.29,-0.040324410531024535,16.147025621041006,2039.87,42.25333333333333,-0.02423376130005106,15.446631732695888,0,2.597470460274051
2015-09-30,694.8,0.01677056809201849,6.825817860300628,1477.68,-0.0017631680278863415,16.118555701720524,1944.41,42.51,-0.04506046953972542,14.75059925401339,0,2.597470460274051
2015-10-31,715.75,0.030152561888313167,7.031633755771695,1545.36,0.045801526717557106,16.85681016134131,2024.81,42.803333333333335,0.043183764969550786,15.387585665358733,0,2.597470460274051
2015-11-30,718.8,0.004261264407963594,7.061597406425001,1554.66,0.006018015219754647,16.958254701448777,2080.62,43.096666666666664,0.02933677179038474,15.839007754428359,0,2.597470460274051
2015-12-31,721.68,0.00400667779632724,7.089890951959926,1548.16,-0.004180978477609232,16.887352603524207,2054.08,43.39,-0.011017949777790581,15.664494362460031,1e-4,2.5977302073200783
2016-01-31,697.98,-0.03284003990688389,6.857058650162107,1476.35,-0.046384094667217934,16.104048041683647,1918.6,43.553333333333335,-0.0641895912308944,14.658996872495072,1e-4,2.5979899803408104
2016-02-29,706.78,0.012607811112066214,6.94351115040771,1498.86,0.015247062011040757,16.349587460803978,1904.42,43.71666666666667,-0.005491996478913963,14.578489713286919,2e-4,2.5985095783368783
2016-03-31,716.02,0.013073375024760248,7.034286275665595,1529.06,0.020148646304524842,16.679009515776613,2021.95,43.88,0.063634422378817,15.506183485347456,2e-4,2.599029280252546
2016-04-30,717.72,0.002374235356554344,7.050987326849405,1536.59,0.004924594195126364,16.761146869218464,2075.54,44.07333333333334,0.028320570626265695,15.945327449888074,1e-4,2.599289183180571
2016-05-31,730.03,0.01715153541771164,7.1719225857156985,1554.25,0.011492981211643993,16.953782415272,2065.55,44.266666666666666,-0.0030358899906101078,15.896919189885958,1e-4,2.599549112098889
2016-06-30,737.41,0.010109173595605592,7.244424796148944,1581.25,0.01737172269583409,17.24829882203561,2083.89,44.46,0.010672702185858363,16.066582274072267,2e-4,2.6000690219213087
2016-07-31,741.78,0.00592614691962412,7.2873563218390895,1601.46,0.01278102766798428,17.46874980650571,2148.9,44.65,0.03298198721301682,16.596490085192602,2e-4,2.600589035725693
2016-08-31,745.06,0.004421796219903351,7.319579526476087,1614.01,0.007836599103318242,17.60564539557546,2170.95,44.84,0.011999937952750894,16.79564693644836,2e-4,2.601109153532838
2016-09-30,754.27,0.012361420556733727,7.410059927301315,1618.92,0.00304211250240094,17.65920374954618,2157.69,45.03,-0.00437941914829898,16.72209175864681,2e-4,2.6016293753635447
2016-10-31,755.72,0.001922388534609576,7.424304941546329,1622.28,0.0020754577125490226,17.69585468016565,2143.02,45.25333333333333,-0.005051183853514107,16.63762539875855,2e-4,2.602149701238617
2016-11-30,765.75,0.013272111363997308,7.522841143530808,1660.84,0.02376901644598961,18.11646774108435,2164.99,45.47666666666667,0.012020290161651292,16.837614483652487,1e-4,2.602409916208741
2016-12-31,767.58,0.002389813907933469,7.540819333922792,1668.39,0.004545892439970167,18.19882325482751,2246.63,45.7,0.03946823464927496,17.502165403027313,3e-4,2.6031906391836035
2017-01-31,774.7212,0.009303525365434107,7.610975537872099,1701.01,0.01955178345590647,18.55464270625821,2275.12,45.92666666666667,0.014384755042985198,17.75392976507167,4e-4,2.604231915439277
2017-02-28,778.8423,0.005319462020659804,7.65146183318598,1721.06,0.011787114714199243,18.773348408317855,2329.91,46.153333333333336,0.025772755332075237,18.211497453089713,4e-4,2.6052736082054526
2017-03-31,781.8499,0.003861628984455523,7.6810089399744665,1729.66,0.004996920502481128,18.8671573378796,2366.82,46.38,0.017500675991776626,18.5302109693413,3e-4,2.606055190287914
2017-04-30,789.6039,0.009917504625887696,7.7571853816681475,1746.14,0.009527884092827454,19.046921426156057,2359.31,46.660000000000004,-0.0015301825515531275,18.501856363839416,5e-4,2.607358217883058
2017-05-31,794.4757,0.006169928998577712,7.8050466647018455,1765.72,0.01121330477510396,19.260500361135,2395.35,46.94,0.016933623248605256,18.815159828904484,6e-4,2.6089226328137873
2017-06-30,797.1087,0.0033141353473744584,7.830913645741241,1775.68,0.0056407584441473535,19.369144191185576,2433.99,47.22,0.017774020498048326,19.149580865377487,6e-4,2.6104879863934753
2017-07-31,800.8781,0.004728840621109898,7.867944788289625,1793.76,0.01018201477743741,19.566361103566546,2454.1,47.53666666666667,0.00988968273858526,19.338964144712953,7.000000000000001e-4,2.612315327983951
2017-08-31,807.4844,0.008248820887972963,7.932846055604687,1793.41,-1.9512086343764778e-4,19.562543298293683,2456.22,47.85333333333334,0.0024888055815890375,19.387095066618464,9e-4,2.614666411779136
2017-09-30,810.8143,0.004123794837398664,7.965559485214668,1807.1,0.00763350265694962,19.711874024537902,2492.84,48.17,0.016543374236292818,19.70782303566012,9e-4,2.617019611549737
2017-10-31,813.1376,0.002865391002600637,7.988383927694282,1817.57,0.005793813292014782,19.82608094227179,2557,48.42333333333333,0.02735646001258729,20.246959308470302,9e-4,2.6193749292001316
2017-11-30,818.2671,0.006308280418959811,8.038776893604489,1841.61,0.013226450700660752,20.088309624442058,2593.61,48.67666666666666,0.015903945595967528,20.568965847795983,8e-4,2.6214704291434914
2017-12-31,820.1935,0.0023542434982415372,8.057702131840072,1849.34,0.004197414219080153,20.172628580896976,2664.34,48.93,0.028843002610261292,21.16223658343434,9e-4,2.62382975252972
2018-01-31,823.9154,0.004537831621440613,8.094266627370086,1866,0.009008619291206665,20.354356111885192,2789.8,49.28666666666666,0.04863013812885075,22.191359071602168,0.0012,2.6269783482327562
2018-02-28,820.1413,-0.004580688745470685,8.057189311327253,1825.77,-0.02155948553054665,19.91552666580741,2705.16,49.64333333333333,-0.028856210321727693,21.551000546907037,0.0011,2.6298680244158126
2018-03-31,810.9971,-0.011149542158162218,7.967355339424315,1801.34,-0.013380655832881505,19.649043857761665,2702.77,50,6.567695318082656e-4,21.565154587446226,0.0011,2.63276087924267
2018-04-30,833.1948,0.027370874692400182,8.185428824049524,1838.22,0.020473647395827577,20.05133145337063,2653.63,50.33,-0.01662954425768126,21.206535894810553,0.0014000000000000002,2.63644674447361
2018-05-31,845.648,0.014946324677014289,8.30777090087436,1874.72,0.019856165203294474,20.44947400325477,2701.49,50.66,0.019626574415674503,21.622747549648725,0.0014000000000000002,2.6401377699158735
2018-06-30,848.597,0.0034872665695417915,8.33674231260439,1877.72,0.0016002389690192853,20.482198048450726,2754.35,50.99,0.02113987712953458,22.079849776051244,0.0014000000000000002,2.6438339627937557
2018-07-31,860.1278,0.013588075376179676,8.450022595539846,1926.63,0.02604754702511558,21.01570906529548,2793.64,51.44,0.015821034605866036,22.429175843450473,0.0016,2.6480640971342257
2018-08-31,866.9207,0.007897547317968323,8.516757048826022,1956.4,0.015451851159797192,21.340440673790024,2857.82,51.89,0.024521472582962334,22.979172263954087,0.0016,2.6523009996896407
2018-09-30,868.5431,0.0018714514487887524,8.53269574614403,1960.52,0.0021059088121038183,21.385381695859138,2901.5,52.34,0.01681059922131789,23.365465919321043,0.0015,2.6562794511891754
2018-10-31,835.0842,-0.038523016301666546,8.203990568818163,1850.96,-0.05588313304633463,20.19029956530279,2785.46,52.81,-0.038476362800850206,22.466447775598343,0.0019,2.661326382146435
2018-11-30,854.1074,0.022779978354278585,8.390877296394546,1882,0.016769676276094492,20.52888435293029,2723.23,53.28,-0.020747022035857654,22.00033588853056,0.0018,2.6661167696342982
2018-12-31,799.6363,-0.06377546898668718,7.8557451616072385,1739.67,-0.07562699256110517,18.976346568683443,2567.31,53.75,-0.05561073920797488,20.77688094694564,0.002,2.671449003173567
2019-01-31,813.6684,0.017548102806238308,7.993598585322731,1787.92,0.027735145171210673,19.502658295585082,2607.39,54.14666666666667,0.017369239484994914,21.137759567864364,0.0021,2.6770590460802315
2019-02-28,820.5149,0.008414361427824923,8.060859612928587,1813.01,0.01403306635643653,19.776340393573935,2754.86,54.54333333333334,0.058301703150575035,22.370126951458218,0.0018,2.681877752363176
2019-03-31,825.9826,0.00666374248657764,8.114575105609596,1835.01,0.012134516632561265,20.016316725010952,2803.98,54.94,0.019492218600340117,22.8061703561134,0.0019,2.686973320092666
2019-04-30,832.6753,0.008102713059572775,8.180325179290703,1864,0.0157982790284521,20.332540081754548,2903.8,55.319091580592705,0.03724346261327938,23.655551109123394,0.0021,2.692615964064861
2019-05-31,819.7152,-0.015564410280934249,8.053003241968765,1794.19,-0.03745171673819736,19.571051550044633,2854.71,55.69818316118541,-0.015307006245804833,23.293455440548087,0.0021,2.698270457589397
2019-06-30,844.8403,0.03065101147325322,8.299835936732496,1879.81,0.04772069847674998,20.50499579993724,2890.17,56.07727474177812,0.014058558042141511,23.620927835861067,0.0018,2.703127344413058
2019-07-31,851.9779,0.00844846061439064,8.369956773749884,1906.7,0.014304637170778012,20.79831232504367,2996.11363636364,56.45818316118542,0.03828442097191709,24.525241380876448,0.0019,2.7082632863674427
2019-08-31,846.0566,-0.006950062906561305,8.311785047647124,1873.58,-0.01737032569360686,20.437038866080307,2897.49818181818,56.83909158059271,-0.031333545711020094,23.756778608994953,0.0016,2.712596507625631
2019-09-30,851.4003,0.006316007699721293,8.364282346006492,1890.45,0.009004152478143457,20.621057080232237,2982.156,57.22,0.030863229553103055,24.489989520646613,0.0018,2.717479181339357
2019-10-31,866.1201,0.017288929778389805,8.508891836133223,1934.55,0.02332777910021422,21.102100544612803,2977.68,57.56,1.0752846821771023e-4,24.492622891706436,0.0016,2.7218271480295
2019-11-30,872.4091,0.007261117713351695,8.570675901365563,1956.28,0.011232586389599675,21.339131711982184,3104.9045,57.900000000000006,0.044346437494962476,25.578783461861182,0.0012,2.7250933406071356
2019-12-31,876.995,0.005256593494955553,8.615728460556054,1974.62,0.00937493610321627,21.539184708280132,3176.74952380952,58.24,0.02470232406273798,26.21063886006668,0.0014000000000000002,2.7289084712839857
2020-01-31,869.5371,-0.008503925335948348,8.54246094901268,1953.18,-0.010857785295398492,21.305316865279696,3278.20285714286,58.686867862126704,0.03347569736239642,27.08805827422134,0.0013,2.732456052296655
2020-02-29,807.3965,-0.0714640007884656,7.931982513017002,1808.96,-0.07383856070613048,19.732162932559397,3277.31421052632,59.13373572425341,0.0012321277449360846,27.121434222377452,0.0012,2.7357349995594116
2020-03-31,697.5647,-0.13603204868983199,6.852978681599377,1566.26,-0.13416548735184863,17.08478767620648,2652.39363636364,59.58060358638012,-0.1891657265795864,21.99098841182096,0.0013,2.7392914550588388
2020-04-30,728.0171,0.04365530537884155,7.152147558699289,1648.18,0.05230293820949283,17.978372270357415,2761.97523809524,59.61373572425342,0.04318718438753266,22.940717283226366,0,2.7392914550588388
2020-05-31,755.8319,0.038206245430224106,7.425404263680132,1721.44,0.04444902862551414,18.77749345404268,2919.615,59.64686786212671,0.05887465317710294,24.29134405691029,1e-4,2.7395653842043446
2020-06-30,763.646,0.010338409903048573,7.502171136653902,1739.4,0.010433125755181738,18.97340140461581,3104.66090909091,59.68,0.06508366425855594,25.872313737899308,1e-4,2.739839340742765
2020-07-31,787.359,0.031052346244202278,7.7351311523725395,1810.74,0.04101414280786475,19.751579199375666,3207.61909090909,59.403333333333336,0.034756922818845126,26.771555749632423,1e-4,2.740113324676839
2020-08-31,799.9528,0.015994990849155233,7.858854504371753,1847.36,0.020223775914819386,20.151030711067648,3391.71,59.126666666666665,0.05892786080767509,28.349146260451676,1e-4,2.740387336009307
2020-09-30,809.7534,0.012251472836897426,7.955137046861193,1867.03,0.010647626883769412,20.365591367402473,3365.51666666667,58.85,-0.006276823981609114,28.171203659345927,1e-4,2.740661374742908
2020-10-31,789.4737,-0.02504429126200647,7.755906277630423,1812.09,-0.029426415215609847,19.766305019713847,3418.70136363636,58.659615378670054,0.01725529955813987,28.657306217401306,1e-4,2.7409354408803823
2020-11-30,843.1604,0.06800315197327023,8.283332350918565,1972.7,0.08863246306750772,21.51824131935473,3548.9925,58.469230757340114,0.03953652509627692,29.790316523857285,1e-4,2.74120953442447
2020-12-31,856.16,0.015417706998573477,8.411042342076833,2016.7,0.022304455821969826,21.998193982228763,3695.31,58.27884613601017,0.0425963341740887,31.059274801659388,1e-4,2.7414836553779125
2021-01-31,856.14,-2.3360119603799134e-5,8.41084585912173,2021.54,0.00239996033123413,22.050988775144905,3793.74842105263,58.06369311230766,0.0279481456617503,31.927323937964495,1e-4,2.7417578037434502
2021-02-28,865.66,0.011119676688392088,8.504371745751065,2050.23,0.014192150538698156,22.363939727368905,3883.43210526316,57.84854008860516,0.024910559530027854,32.72265144155564,0,2.7417578037434502
2021-03-31,893.61,0.032287503176766874,8.77895667550841,2137.62,0.04262448603327429,23.317191163927127,3910.50826086956,57.63338706490265,0.008208959754595346,32.99127037030303,0,2.7417578037434502
2021-04-30,898.57,0.00555051980170318,8.827684448374113,2158.89,0.0099503185786060655,23.549204644366462,4141.17619047619,57.71060542140715,0.06021650665755618,34.97788942219761,0,2.7417578037434502
2021-05-31,912.77,0.01580288680904096,8.967187346497699,2205.5,0.021589798461246312,24.057627226560978,4167.8495,57.787823777911655,0.007603869059645829,35.24385671334677,0,2.7417578037434502
2021-06-30,925.31,0.013738400692397734,9.090382159347683,2254.16,0.022063024257537922,24.5884112396394,4238.48954545455,57.86504213441615,0.01810577188525775,35.88197394335534,0,2.7417578037434502
2021-07-31,931.82,0.007035480001297056,9.154337361233921,2278.46,0.010780068850480884,24.853476005726648,4363.71285714286,58.32818900579217,0.03069112067174129,36.983231935591135,0,2.7417578037434502
2021-08-31,944.52,0.01362924169904045,9.279104037724736,2325.11,0.02047435548572296,25.36233490852378,4454.20636363636,58.79133587716819,0.021860463235365835,37.79170251764413,0,2.7417578037434502
2021-09-30,948.22,0.003917333672129875,9.31545338441891,2296.17,-0.012446722950742117,25.04665695253345,4445.54333333333,59.254482748544206,-8.36323339453382e-4,37.76009643479095,0,2.7417578037434502
2021-10-31,965.29,0.01800215139946415,9.48315158659987,2401.2,0.045741386744012846,26.1923257748439,4460.70714285714,59.63536092649366,0.004528900389607626,37.9311081502461,0,2.7417578037434502
2021-11-30,955.7,-0.00993483823514174,9.388938009627672,2368.66,-0.01355155755455606,25.837378964618424,4667.38666666667,60.01623910444312,0.04745455603540227,39.73111204744686,0,2.7417578037434502
2021-12-31,990.32,0.03622475672282088,9.729050004912082,2456.08,0.036906943166178374,26.79095764162861,4674.77272727273,60.397117282392585,0.002660836695108193,39.83683004832015,1e-4,2.7420319795238246
2022-01-31,984.64,-0.005735519831973512,9.673248845662647,2397.86,-0.023704439594801396,26.15589300452574,4573.8155,60.921402962953294,-0.020510182908596852,39.01976937753042,0,2.7420319795238246
2022-02-28,1001.37,0.016990981475463185,9.837606837606845,2402.78,0.0020518295480136395,26.20956043864711,4435.98052631579,61.44568864351402,-0.029016146285433697,37.887566041248114,0,2.7420319795238246
2022-03-31,1030.69,0.029279886555419132,10.12565084978879,2498.24,0.03972898059747432,27.25083955678245,4391.26521739131,61.969974324074734,-0.0089159869307003925,37.549760997588294,1e-4,2.742306182721777
2022-04-30,995.09,-0.03453996837070317,9.775911189704301,2393.8,-0.041805431023440365,26.11160646336054,4391.296,62.65331621604982,0.001195986130047677,37.59466999092802,1e-4,2.742580413340049
2022-05-31,975.06,-0.02012883256790854,9.579133510168,2351.17,-0.017808505305372258,25.646597781125994,4040.36,63.336658108024906,-0.07871433516612525,34.63543053680224,3e-4,2.743403187464051
2022-06-30,959.57,-0.01588620187475631,9.426957461440228,2277.29,-0.03142265340234862,24.84071362810023,3898.94666666667,64.02,-0.033679754609324486,33.46891773553443,6e-4,2.745049229376529
2022-07-31,984.02,0.025480162989672372,9.667157874054434,2356.1,0.03460692314110192,25.700374295398014,3911.7295,64.4527684478357,0.004656103025428182,33.624752464660666,8e-4,2.74724526876003
2022-08-31,952,-0.0325399890246133,9.352588662933497,2255.35,-0.042761342897160604,24.601391777567127,4158.56304347826,64.8855368956714,0.06448315803863713,35.79298269184943,0.0019,2.7524650347706743
2022-09-30,904.28,-0.050126050420168045,8.883780332056201,2122.15,-0.05905956946815338,23.148444170866643,3850.52047619048,65.31830534350709,-0.07276536919414445,33.18849309171738,0.0019,2.757694718336739
2022-10-31,944.71,0.044709603220241645,9.28097062579822,2218.93,0.04560469335343864,24.204121868888212,3726.05095238095,65.85220356233806,-0.030900196717574713,32.16296212642345,0.0023,2.764037416188913
2022-11-30,962.92,0.019275756581384584,9.459868356420088,2277.8,0.026530805388182754,24.846276715783542,3917.48857142857,66.38610178116903,0.05286288263722927,33.86318901857822,0.0029,2.772053124695861
2022-12-31,975.62,0.013189049972998745,9.584635032910901,2267.98,-0.004311177451927328,24.73916000784211,3912.38095238095,66.92,1.1973171344203948e-4,33.867243516222025,0.0033,2.781200900007357
