x,t2,t5,t100
-6,0.004268984766599014,6.884815401374298e-4,7.179752524579449e-8
-5.99,0.00428926940527944,6.945572067848856e-4,7.506777231726933e-8
-5.98,0.004309680956319067,7.006942579889548e-4,7.84842202983027e-8
-5.97,0.00433022039923536,7.068933883613057e-4,8.205326743791519e-8
-5.96,0.004350888722490092,7.131553011631503e-4,8.578158519764502e-8
-5.95,0.004371686923583174,7.194807084220107e-4,8.967612958854833e-8
-5.94,0.004392616009147581,7.258703310501693e-4,9.374415296294465e-8
-5.93,0.00441367699504539,7.32324898964824e-4,9.79932162784163e-8
-5.92,0.004434870906464957,7.388451512099819e-4,1.0243120185219714e-7
-5.91,0.004456198778019271,7.45431836080128e-4,1.070663266247895e-7
-5.9,0.00447766165384541,7.520857112456655e-4,1.119071559522617e-7
-5.89,0.004499260587705252,7.588075438801987e-4,1.1696261794747774e-7
-5.88,0.0045209966430873084,7.655981107896296e-4,1.2224201839115548e-7
-5.87,0.004542870893309831,7.724581985431624e-4,1.277550562344738e-7
-5.86,0.004564884421625096,7.793886036061899e-4,1.3351183971569065e-7
-5.85,0.0045870383213249604,7.863901324751134e-4,1.3952290311405861e-7
-5.84,0.004609333695847661,7.934636018141269e-4,1.4579922416516921e-7
-5.83,0.0046317716588858936,8.006098385939998e-4,1.5235224216269996e-7
-5.82,0.004654353334496191,8.078296802328691e-4,1.5919387677244012e-7
-5.81,0.004677079857209612,8.151239747390938e-4,1.6633654758541905e-7
-5.8,0.004699952372143714,8.224935808561825e-4,1.7379319443785477e-7
-5.79,0.004722972035115943,8.299393682098562e-4,1.8157729852669724e-7
-5.78,0.00474614001275832,8.374622174572403e-4,1.8970290435048898e-7
-5.77,0.004769457482633544,8.450630204382503e-4,1.9818464250638266e-7
-5.76,0.0047929256333524755,8.527426803291868e-4,2.070377533751686e-7
-5.75,0.004816545664693035,8.605021117985883e-4,2.1627811172735516e-7
-5.74,0.004840318787720568,8.683422411653608e-4,2.2592225228443942e-7
-5.73,0.0048642462249096,8.762640065592244e-4,2.3598739627075746e-7
-5.72,0.004888329210267138,8.842683580835235e-4,2.464914789924742e-7
-5.71,0.004912568989457409,8.923562579804266e-4,2.5745317848158895e-7
-5.7,0.004936966819928147,9.005286807985474e-4,2.688919452441582e-7
-5.69,0.004961523971038381,9.087866135630356e-4,2.8082803315320366e-7
-5.68,0.004986241724187812,9.171310559481793e-4,2.9328253152829706e-7
-5.67,0.005011121372947739,9.255630204525336e-4,3.062773984451444e-7
-5.66,0.005036164223193583,9.340835325766458e-4,3.198354953200382e-7
-5.65,0.005061371593239043,9.426936310033982e-4,3.339806228155854e-7
-5.64,0.0050867448139718646,9.513943677810064e-4,3.4873755811563394e-7
-5.63,0.005112285228991296,9.601868085087232e-4,3.641320936190301e-7
-5.62,0.005137994194747213,9.690720325253037e-4,3.8019107710351553e-7
-5.61,0.005163873080680942,9.780511331002305e-4,3.969424534126896e-7
-5.6,0.005189923269367834,9.871252176277925e-4,4.144153077209413e-7
-5.59,0.005216146156661557,9.962954078240264e-4,4.326399104329055e-7
-5.58,0.005242543151840203,0.0010055628399265831,4.5164776377607523e-7
-5.57,0.005269115677754158,0.001014928664897557,4.7147165014695463e-7
-5.56,0.005295865170975819,0.0010243940486293268,4.921456822733713e-7
-5.55,0.005322793081951149,0.0010339601721534482,5.137053552574738e-7
-5.54,0.005349900875153101,0.0010436282318526632,5.361876005661384e-7
-5.53,0.005377190029236966,0.001053399439676049,5.596308420377535e-7
-5.52,0.0054046620371975985,0.001063275023357379,5.840750539765458e-7
-5.51,0.005432318406528645,0.001073256226636729,6.095618214079529e-7
-5.5,0.005460160659383713,0.0010833443094853939,6.36134402571074e-7
-5.49,0.005488190332739552,0.0010935405483341479,6.638377937264616e-7
-5.48,0.005516408978561284,0.001103846236304918,6.927187963603571e-7
-5.47,0.005544818163969665,0.0011142626834459172,7.228260868688539e-7
-5.46,0.005573419471410448,0.0011247912169702814,7.542102888082549e-7
-5.45,0.005602214498825874,0.0011354331814982892,7.869240478008145e-7
-5.4399999999999995,0.005631204859828282,0.0011461899393031881,8.210221091875491e-7
-5.43,0.0056603921838759095,0.0011570628705607126,8.565613985231233e-7
-5.42,0.005689778116450893,0.0011680533736023407,8.936011050106545e-7
-5.41,0.005719364319239504,0.0011791628651723282,9.322027679773344e-7
-5.4,0.005749152470314654,0.0011903927806886194,9.724303664950762e-7
-5.39,0.005779144264320679,0.001201744574507666,1.0143504122536517e-6
-5.38,0.005809341412660473,0.0012132197201932052,1.0580320457970378e-6
-5.37,0.005839745643684961,0.0012248197107891045,1.1035471362374223e-6
-5.36,0.005870358702884987,0.0012365460590962859,1.150970384564509e-6
-5.35,0.005901182353085619,0.0012484002979538235,1.2003794306718637e-6
-5.34,0.00593221837464288,0.0012603839805242665,1.251854964225335e-6
-5.33,0.005963468565643038,0.0012724986805832696,1.3054808395028556e-6
-5.32,0.0059949347421043644,0.0012847459928135739,1.3613441943386578e-6
-5.31,0.006026618738181487,0.0012971275331034255,1.4195355733090509e-6
-5.3,0.006058522406372319,0.0013096449388494942,1.4801490553011594e-6
-5.29,0.006090647617727659,0.0013222998692643667,1.543282385610256e-6
-5.28,0.006122996262063421,0.001335094005688681,1.609037112715729e-6
-5.27,0.006155570248175579,0.001348029051907969,1.6775187298902245e-6
-5.26,0.006188371504057902,0.001361106734474303,1.7488368218012541e-6
-5.25,0.006221401977122405,0.001374328803032797,1.8231052162691886e-6
-5.24,0.006254663634422682,0.0013876970306530452,1.9004421413504615e-6
-5.23,0.006288158462880071,0.0014012132141655936,1.9809703879198935e-6
-5.22,0.00632188846951272,0.0014148791745034913,2.064817477931068e-6
-5.21,0.006355855681667605,0.0014286967570490226,2.1521158385389846e-6
-5.2,0.0063900621472555525,0.0014426678319857083,2.243002982274868e-6
-5.1899999999999995,0.006424509934989257,0.0014567942946556293,2.3376216934678227e-6
-5.18,0.006459201134624356,0.0014710780659221892,2.4361202211146597e-6
-5.17,0.006494137857203682,0.0014855210925383677,2.5386524784042364e-6
-5.16,0.006529322235304596,0.0015001253475205919,2.6453782491088335e-6
-5.15,0.00656475642328958,0.0015148928305282678,2.7564634010616194e-6
-5.14,0.006600442597560029,0.001529825568249096,2.872080106944484e-6
-5.13,0.006636382956813352,0.0015449256147902401,2.992407072617957e-6
-5.12,0.00667257972230346,0.0015601950520754678,3.1176297732310197e-6
-5.11,0.006709035138104524,0.0015756359902483082,3.2479406973548407e-6
-5.1,0.00674575147137829,0.0015912505680813825,3.3835395993922708e-6
-5.09,0.006782731012644801,0.0016070409533919486,3.524633760521076e-6
-5.08,0.0068199760760566655,0.0016230093434637936,3.6714382584363005e-6
-5.07,0.006857488999676943,0.0016391579654755604,3.82417624616505e-6
-5.06,0.006895272145760582,0.001655489076935607,3.9830792402330485e-6
-5.05,0.006933327901039632,0.0016720049661235025,4.148387418471636e-6
-5.04,0.006971658677012135,0.0016887079525382664,4.320349927760707e-6
-5.03,0.007010266910234833,0.0017056003873534653,4.49922520201075e-6
-5.02,0.007049155062619685,0.0017226846538792454,4.685281290696677e-6
-5.01,0.007088325621734338,0.0017399631680314362,4.878796198262586e-6
-5,0.007127781101106491,0.0017574383788078454,5.080058234727275e-6
-4.99,0.007167524040532322,0.0017751127687718098,5.289366377826421e-6
-4.98,0.007207557006388945,0.0017929888545431749,5.507030647038864e-6
-4.97,0.007247882591951024,0.0018110691872967675,5.733372489851483e-6
-4.96,0.007288503417711532,0.0018293563532685206,5.968725180627092e-6
-4.95,0.007329422131706794,0.0018478529742693391,6.2134342324496e-6
-4.9399999999999995,0.007370641409845848,0.0018665617082068507,6.467857822329496e-6
-4.93,0.00741216395624409,0.0018854852496151347,6.732367230162532e-6
-4.92,0.007453992503561464,0.0019046263301926002,7.007347291845838e-6
-4.91,0.00749612981334507,0.0019239877193480961,7.2931968669632156e-6
-4.9,0.0075385786763763505,0.001943572224755392,7.5903293214642985e-6
-4.89,0.007581341913022925,0.0019633826929161963,7.899173025771758e-6
-4.88,0.00762442237359506,0.0019834220097317717,8.22017186876038e-6
-4.87,0.0076678229387069745,0.0020036931010833843,8.553785788064931e-6
-4.859999999999999,0.00771154651964293,0.0020241989334216027,8.900491317182938e-6
-4.85,0.007755596058728191,0.0020449425143647,9.260782149850966e-6
-4.84,0.00779997452970505,0.0020659268933062276,9.635169722183229e-6
-4.83,0.007844684938113767,0.0020871551620319125,1.0024183813075088e-5
-4.82,0.007889730321678742,0.0021086304553460645,1.0428373163383592e-5
-4.8100000000000005,0.00793511375069981,0.0021303559517075843,1.0848306114410077e-5
-4.8,0.007980838328448796,0.00215233487387578,1.128457126622406e-5
-4.79,0.008026907191571448,0.0021745704895660637,1.1737778156375075e-5
-4.78,0.008073323510494756,0.0021970661121158007,1.2208557959559124e-5
-4.77,0.008120090489839813,0.0022198251011603413,1.2697564208810793e-5
-4.76,0.008167211368840188,0.0022428508633194834,1.3205473538813269e-5
-4.75,0.008214689421765996,0.0022661468528944804,1.3732986451924363e-5
-4.74,0.008262527958353728,0.0022897165725757865,1.4280828107535532e-5
-4.73,0.008310730324241865,0.00231356357416168,1.484974913539245e-5
-4.72,0.008359299901412418,0.0023376914592879608,1.544052647351717e-5
-4.71,0.008408240108638474,0.0023621038801688436,1.60539642313896e-5
-4.7,0.008457554401937814,0.0023868045403493063,1.6690894579059143e-5
-4.6899999999999995,0.008507246275032727,0.0024117971954689807,1.735217866286813e-5
-4.68,0.008557319259816025,0.00243708565403779,1.8038707548487714e-5
-4.67,0.008607776926823506,0.0024626737782235696,1.8751403191978763e-5
-4.66,0.008658622885712786,0.00248856548465177,1.9491219439607195e-5
-4.65,0.008709860785748728,0.002514764745217483,2.0259143057153665e-5
-4.64,0.008761494316295458,0.002541275587909968,2.105619478947758e-5
-4.63,0.00881352720731517,0.0025681020976498613,2.1883430451107576e-5
-4.62,0.008865963229873748,0.002595248417139275,2.2741942048648492e-5
-4.609999999999999,0.008918806196653294,0.0026227187477249766,2.3632858935804057e-5
-4.6,0.008972059962471746,0.0026505173502748385,2.4557349001839878e-5
-4.59,0.009025728424809608,0.0026786485460677917,2.5516619894317654e-5
-4.58,0.00907981552434391,0.0027071167176974556,2.6511920276951457e-5
-4.57,0.009134325245489593,0.0027359263099896738,2.754454112345623e-5
-4.5600000000000005,0.009189261616948257,0.0027650818309341483,2.8615817048263915e-5
-4.55,0.009244628712264561,0.002794587852630415,2.9727127675012962e-5
-4.54,0.009300430650390271,0.002824449012248344,3.087989904371898e-5
-4.53,0.009356671596256114,0.0028546700130034387,3.207560505756247e-5
-4.52,0.009413355761351582,0.0028852556251470745,3.3315768970236264e-5
-4.51,0.00947048740431266,0.002916210686971962,3.460196491481818e-5
-4.5,0.009528070831517842,0.0029475401058331077,3.5935819475144644e-5
-4.49,0.009586110397692318,0.002979248859184369,3.731901330068698e-5
-4.48,0.009644610506520596,0.003011341995630991,3.8753282765933464e-5
-4.47,0.009703575611267631,0.0030438246359982437,4.024042167531154e-5
-4.46,0.00976301021540858,0.003076701974416486,4.1782283014693116e-5
-4.45,0.009822918873267368,0.0031099792794228647,4.338078075054069e-5
-4.4399999999999995,0.009883306190664133,0.0031436618950798963,4.503789167777264e-5
-4.43,0.00994417682557168,0.00317775524211119,4.675565731743953e-5
-4.42,0.010005535488781149,0.003212264819054574,4.853618586532128e-5
-4.41,0.010067386944576973,0.0032471962034328733,5.0381654192566334e-5
-4.4,0.010129736011421236,0.0032825550529426116,5.2294309899515634e-5
-4.39,0.010192587562647699,0.003318347106660903,5.4276473423865865e-5
-4.38,0.010255946527165435,0.0033545781862707536,5.6330540204342024e-5
-4.37,0.010319817890172455,0.0033912541973051785,5.845898290106796e-5
-4.359999999999999,0.010384206693879293,0.003428381130410223,6.066435367383298e-5
-4.35,0.01044911803824269,0.0034659650626273236,6.294928651947229e-5
-4.34,0.010514557081709763,0.0035040121586952305,6.53164996695925e-5
-4.33,0.01058052904197246,0.003542528672371765,6.776879804988546e-5
-4.32,0.010647039196732768,0.003581520947775707,7.030907580228876e-5
-4.3100000000000005,0.010714092884478653,0.0036209954207491644,7.294031887126827e-5
-4.3,0.01078169550527096,0.0036609586202406277,7.566560765550529e-5
-4.29,0.010849852521541394,0.003701417169709066,7.848811972628807e-5
-4.28,0.010918569458901826,0.00374237778854939,8.141113261392118e-5
-4.27,0.010987851906964998,0.0037838472935395246,8.44380266634711e-5
-4.26,0.011057705520176849,0.003825832600309451,8.757228796118747e-5
-4.25,0.011128136018660638,0.0038683407248325274,9.081751133294495e-5
-4.24,0.01119914918907302,0.003911378784939392,9.417740341606091e-5
-4.23,0.01127075088547227,0.003954954001854772,9.765578580585745e-5
-4.22,0.011342947030198816,0.003999073701757548,1.0125659827834305e-4
-4.21,0.011415743614768242,0.00404374531736437,1.0498390209039826e-4
-4.2,0.011489146700777093,0.004088976389537176,1.0884188335886386e-4
-4.1899999999999995,0.01156316242082142,0.004134774568914977,1.1283485651992291e-4
-4.18,0.01163779697942849,0.004181147617570154,1.1696726787019362e-4
-4.17,0.011713056654001743,0.0042281034106897665,1.2124369919094301e-4
-4.16,0.011788947795779176,0.004275649938282044,1.2566887145683769e-4
-4.15,0.01186547683080543,0.004323795306908552,1.3024764863066077e-4
-4.14,0.011942650260917757,0.0043725477414423295,1.349850415454171e-4
-4.13,0.01202047466474599,0.004421915586852304,1.3988621187525623e-4
-4.12,0.012098956698726892,0.004471907310014505,1.4495647619665124e-4
-4.109999999999999,0.012178103098132937,0.004522531501550235,1.5020131014125437e-4
-4.1,0.012257920678115798,0.004573796877691717,1.5562635264186646e-4
-4.09,0.012338416334764844,0.004625712282175553,1.6123741027295445e-4
-4.08,0.012419597046180664,0.004678286688164319,1.6704046168713216e-4
-4.07,0.012501469873564106,0.004731529200196754,1.7304166214903897e-4
-4.0600000000000005,0.012584041962320831,0.004785449056166873,1.7924734816802848e-4
-4.05,0.01266732054318172,0.004840055629332376,1.8566404223107935e-4
-4.04,0.012751312933339382,0.004895358430352814,1.9229845763733304e-4
-4.03,0.012836026537600962,0.004951367109357807,1.991575034356548e-4
-4.02,0.012921468849557508,0.005008091458045823,2.0624828946660083e-4
-4.01,0.013007647452770102,0.005065541411813758,2.1357813151015747e-4
-4,0.013094570021973099,0.0051237270519179125,2.211545565406291e-4
-3.9899999999999998,0.01318224432429463,0.0051826586076666225,2.28985308089995e-4
-3.98,0.013270678220494653,0.005242346458644945,2.3707835172107904e-4
-3.9699999999999998,0.013359879666220875,0.005302801136971962,2.454418806118355e-4
-3.96,0.013449856713282644,0.00536403332959092,2.5408432125203427e-4
-3.95,0.013540617510943357,0.005426053880592766,2.630143392536195e-4
-3.94,0.013632170307231278,0.005488873793573415,2.7224084527597767e-4
-3.93,0.01372452345026946,0.005552504234025196,2.817730010673313e-4
-3.92,0.013817685389624666,0.005616956531762899,2.9162022562345213e-4
-3.91,0.013911664677675812,0.005682242183384839,3.0179220146484345e-4
-3.9,0.014006469971002184,0.005748372854769401,3.12298881033528e-4
-3.89,0.014102110031791593,0.005815360383607375,3.231504932105217e-4
-3.88,0.01419859372926893,0.00588321678197069,3.3435754995506166e-4
-3.87,0.014295930041145323,0.005951954238917831,3.4593085306659435e-4
-3.86,0.01439412805508813,0.006021585123136396,3.57881501070511e-4
-3.85,0.014493196970212294,0.00609212198562331,3.7022089622854867e-4
-3.84,0.014593146098593163,0.006163577562403047,3.829607516747613e-4
-3.83,0.014693984866801103,0.006235964777284264,3.9611309867788235e-4
-3.82,0.014795722817458393,0.00630929674465544,4.096902940308801e-4
-3.81,0.014898369610818503,0.0063835867723197656,4.237050275684302e-4
-3.8,0.015001935026368318,0.006458848364369842,4.3817032981298724e-4
-3.79,0.015106428964453272,0.006535095224102569,4.530995797500722e-4
-3.78,0.015211861447926281,0.00661234125697473,4.6850651273333706e-4
-3.77,0.015318242623820219,0.006690600573599569,4.844052285198865e-4
-3.76,0.015425582765044661,0.0067698874927849895,5.008101994362967e-4
-3.75,0.015533892272107217,0.006850216544613592,5.177362786756704e-4
-3.7399999999999998,0.01564318167485954,0.006931602473565184,5.351987087260171e-4
-3.73,0.015753461634268735,0.007014060241682043,5.532131299301512e-4
-3.7199999999999998,0.015864742944214225,0.007097605031777473,5.71795589177244e-4
-3.71,0.015977036533310604,0.007182252250687937,5.909625487260559e-4
-3.6999999999999997,0.01609035346675682,0.007268017532569398,6.107308951598037e-4
-3.69,0.016204704948211943,0.007354916742238092,6.311179484725296e-4
-3.68,0.016320102321698168,0.007442965978556242,6.521414712867427e-4
-3.67,0.01643655707353111,0.007532181577863143,6.7381967820199e-4
-3.66,0.016554080834277958,0.007622580117451956,6.961712452739438e-4
-3.65,0.01667268538074394,0.007714178419092748,7.192153196234763e-4
-3.64,0.016792382637987276,0.007806993552601956,7.429715291750483e-4
-3.63,0.016913184681363255,0.007901042839458954,7.674599925237199e-4
-3.62,0.01703510373859767,0.00799634385646985,7.927013289298459e-4
-3.61,0.01715815219189009,0.008092914439479073,8.187166684405364e-4
-3.6,0.01728234258004743,0.00819077268712906,8.455276621367277e-4
-3.59,0.017407687600648106,0.00828993696466839,8.731564925046552e-4
-3.58,0.017534200112237306,0.008390425907808759,9.016258839303572e-4
-3.57,0.017661893136553777,0.008492258426631188,9.309591133157088e-4
-3.56,0.017790779860788496,0.008595453709541678,9.611800208143538e-4
-3.55,0.017920873639875812,0.008700031227276831,9.923130206857637e-4
-3.54,0.018052187998817294,0.008806010736959535,0.001024383112265473
-3.53,0.018184736635038903,0.00891341228620531,0.0010574158910494626
-3.52,0.018318533420781793,0.00902225621727928,0.0010914375598904086
-3.51,0.01845359240552736,0.009132563171304404,0.0011264749403034676
-3.5,0.018589927818456756,0.009244354092520923,0.0011625554838789979
-3.4899999999999998,0.01872755407094564,0.009357650232597568,0.0011997072837995478
-3.48,0.01886648575909426,0.009472473154994533,0.0012379590864581853
-3.4699999999999998,0.019006737666293686,0.00958884473937866,0.0012773403031751567
-3.46,0.019148324765828412,0.009706787186090821,0.0013178810220095853
-3.4499999999999997,0.01929126222351591,0.009826323020665974,0.0013596120196628402
-3.44,0.01943556540038359,0.009947475098405757,0.0014025647734699212
-3.43,0.01958124985538367,0.010070266609004126,0.0014467714734751173
-3.42,0.01972833134814639,0.0101947210812258,0.0014922650345879011
-3.41,0.019876825841772066,0.010320862387637967,0.0015390791088148708
-3.4,0.020026749505662557,0.01044871474939522,0.001587248097563402
-3.39,0.020178118718392472,0.010578302741077635,0.0016368071640123188
-3.38,0.02033095007062081,0.01070965129558244,0.0016877922455448822
-3.37,0.020485260368043316,0.010842785709068806,0.001740240066238947
-3.36,0.0206410666343863,0.010977731645956177,0.0017941881494091805
-3.35,0.02079838611444211,0.011114515143975903,0.0018496748301957367
-3.34,0.020957236277147077,0.01125316261927612,0.001906739268193839
-3.33,0.021117634818702272,0.011393700871579862,0.001965421460118212
-3.32,0.021279599665737503,0.01153615708939625,0.002025762252496325
-3.31,0.02144314897851925,0.01168055885528458,0.0020878033543839654
-3.3,0.021608301154202984,0.011826934151171167,0.0021515873500966005
-3.29,0.021775074830130185,0.011975311363718695,0.002217157711949557
-3.28,0.02194348888717093,0.012125719289747788,0.0022845588129999914
-3.27,0.022113562453112245,0.012278187141710596,0.0023538359397832064
-3.26,0.022285314906092823,0.012432744553215953,0.0024250353050357574
-3.25,0.02245876587808472,0.012589421584605688,0.0024982040603973863
-3.2399999999999998,0.02263393525842242,0.012748248728581869,0.002573390309083765
-3.23,0.022810843197379735,0.012909256915884251,0.0026506431185215106
-3.2199999999999998,0.02298951010979526,0.013072477521017607,0.002730012532936953
-3.21,0.023169956678746592,0.013237942368028178,0.0028115495858895946
-3.1999999999999997,0.023352203859274088,0.013405683736328894,0.0028953063127411965
-3.19,0.023536272882154388,0.013575734366572329,0.002981335763050906
-3.18,0.023722185257724508,0.013748127466571036,0.003069692012886777
-3.17,0.023909962779756648,0.013922896717264106,0.003160430177043636
-3.16,0.0240996275293845,0.014100076278729449,0.0032536064211569965
-3.15,0.02429120187908135,0.014279700796240568,0.003349277973702516
-3.14,0.024484708496690485,0.014461805406367125,0.003447503137870052
-3.13,0.024680170349508423,0.01464642574311801,0.0035483413033013432
-3.12,0.024877610708421392,0.014833597944126028,0.0036518529576797655
-3.11,0.025077053152095477,0.015023358656872815,0.0037580996981606313
-3.1,0.025278521571220892,0.015215745044952825,0.0038671442426299156
-3.09,0.025482040172810985,0.015410794794375115,0.003979050440779411
-3.08,0.02568763348455593,0.01560854611990131,0.004093883284985462
-3.07,0.025895326359232206,0.01580903777141852,0.004211708920978852
-3.06,0.026105143979167595,0.016012309040345334,0.004332594658292489
-3.05,0.026317111860762524,0.016218399766069487,0.00445660898047367
-3.04,0.02653125585906798,0.01642735034241514,0.004583821555047319
-3.03,0.026747602172420358,0.01663920172413839,0.00471430324321622
-3.02,0.026966177347133576,0.01685399543344831,0.004848126109284148
-3.01,0.02718700828224879,0.0170717735665523,0.004985363429787437
-3,0.027410122234342152,0.017292578800222967,0.005126089702320256
-2.9899999999999998,0.02763554682239069,0.017516454398384528,0.005270380654038708
-2.98,0.027863310032696664,0.017743444218716348,0.005418313249828403
-2.9699999999999998,0.028093440223870808,0.01797359271927097,0.005569965700120179
-2.96,0.028325966131874405,0.01820694496510429,0.0057254174683380385
-2.9499999999999997,0.0285609168751207,0.018443546634914883,0.005884749277963561
-2.94,0.028798321959635508,0.018683444027689712,0.006048043119200313
-2.9299999999999997,0.029038211284277533,0.018926684069353307,0.006215382255222023
-2.92,0.029280615146018162,0.01917331431941713,0.00638685122798762
-2.91,0.029525564245281164,0.019423382977626077,0.006562535863606426
-2.9,0.029773089691342146,0.019676938890598523,0.0067425232772361735
-2.89,0.030023223007787772,0.019934031558456317,0.006926901877496563
-2.88,0.03027599613803489,0.020194711141441404,0.007115761370380885
-2.87,0.030531441450909545,0.020459028466514727,0.007309192762647824
-2.86,0.030789591746285545,0.02072703503393373,0.007507288364675551
-2.85,0.03105048026078275,0.020998783023804087,0.007710141792759985
-2.84,0.031314140673524754,0.02127432530260164,0.007917847970838929
-2.83,0.03158060711195575,0.021553715429659382,0.008130503131623524
-2.82,0.031849914157716444,0.02183700766361567,0.008348204817118603
-2.81,0.03212209685257862,0.022124256968817882,0.008571051878512898
-2.8,0.032397190704437924,0.02241551902167727,0.00879914447542053
-2.79,0.0326752316933646,0.022710850216968972,0.009032584074454435
-2.78,0.03295625627771167,0.02301030767407255,0.009271473447112958
-2.77,0.03324030140027985,0.02331394924314651,0.009515916666959983
-2.76,0.033527404494539004,0.023621833511231805,0.00976601910607973
-2.75,0.03381760349090481,0.023934019808277387,0.010021887430786447
-2.7399999999999998,0.034110936823070814,0.02425056821308239,0.010283629596569878
-2.73,0.034407443434394065,0.02457153955914754,0.010551354842256775
-2.7199999999999998,0.03470716278433422,0.02489699544042976,0.010825173683369133
-2.71,0.03501013485494486,0.025226998216992442,0.01110519790465951
-2.6999999999999997,0.03531640015741587,0.025561611020544567,0.011391540551803967
-2.69,0.03562599973866581,0.02590089775986086,0.01168431592223306
-2.6799999999999997,0.03593897518798334,0.02624492312607541,0.011983639555081547
-2.67,0.03625536864371581,0.02659375259784077,0.012289628220237141
-2.66,0.03657522280000417,0.026947452446344243,0.012602399906469287
-2.65,0.03689858091356219,0.027306089740172672,0.012922073808618406
-2.64,0.037225486810498726,0.02766973235001728,0.013248770313826506
-2.63,0.03755598489318099,0.02803844895320905,0.013582610986790318
-2.62,0.037890120147137205,0.02841230903807558,0.013923718554017705
-2.61,0.0382279381479965,0.028791382908109658,0.014272216887069037
-2.6,0.0385694850684638,0.029175741685939283,0.01462823098476443
-2.59,0.03891480768532789,0.029565457317089545,0.014991886954339152
-2.58,0.039263953386499496,0.029960602573524796,0.01536331199152837
-2.57,0.039616970178078026,0.030361251056961226,0.015742634359563985
-2.56,0.039973906691442705,0.030767477201937666,0.016129983367065386
-2.55,0.04033481219036678,0.031179356278633722,0.01652548934480727
-2.54,0.040699736578150736,0.031596964395423074,0.016929283621347112
-2.53,0.04106873040477174,0.03202037850114942,0.01734149849749583
-2.52,0.04144184487404594,0.03244967638711309,0.01776226721961522
-2.51,0.0418191318508,0.032884936688754675,0.01819172395172631
-2.5,0.04220064386804797,0.033326238887022824,0.018630003746412823
-2.4899999999999998,0.04258643413416995,0.03377366330941243,0.019077242514505103
-2.48,0.042976556540087855,0.03422729113065875,0.019533576993529228
-2.4699999999999998,0.04337106566643443,0.034687204373073884,0.019999144714907723
-2.46,0.043770016790710235,0.03515348590650962,0.020474083969897673
-2.4499999999999997,0.04417346589442484,0.03562621944793267,0.02095853377425357
-2.44,0.0445814696702156,0.03610548956059565,0.021452633831601748
-2.4299999999999997,0.04499408552894045,0.0365913816527884,0.021956524495515047
-2.42,0.04541137160673746,0.03708398197615319,0.022470346730275412
-2.41,0.04583338677204651,0.037583377623546695,0.02299424207031469
-2.4,0.046260190632586226,0.03808965652643197,0.02352835257832258
-2.39,0.046691843542279954,0.03860290745178223,0.024072820802012722
-2.38,0.04712840660812409,0.039123219998479064,0.024627789729538295
-2.37,0.04756994169699161,0.03965068459318593,0.025193402743548785
-2.36,0.04801651144236316,0.04018539248567856,0.02576980357388099
-2.35,0.04846817925097856,0.04072743574361255,0.02635713624887756
-2.34,0.048925009309400073,0.04127690724670896,0.026955545045327822
-2.33,0.04938706659047899,0.041833900680336704,0.027565174437025466
-2.32,0.049854416859717386,0.042398510528472516,0.02818616904194013
-2.31,0.05032712668151477,0.04297083206601613,0.02881867356799871
-2.3,0.050805263425290875,0.043550961350440016,0.029462832757475386
-2.29,0.05128889527147409,0.04413899521275139,0.030118791329988386
-2.28,0.05177809121734521,0.04473503124774458,0.030786693924103888
-2.27,0.05227292108272541,0.04533916780351998,0.03146668503754738
-2.26,0.052773455515497364,0.045951503970247894,0.03215890896602488
-2.25,0.05327976599694711,0.04657213956815204,0.03286350974065622
-2.2399999999999998,0.05379192484691493,0.047201175134690125,0.03358063106402532
-2.23,0.05431000522874177,0.047838711910905524,0.034310416244851115
-2.2199999999999998,0.05483408115399816,0.04848485182692668,0.03505300813128707
-2.21,0.05536422748698151,0.04913969748658768,0.03580854904285484
-2.1999999999999997,0.05590051994896732,0.049803352151145126,0.03657718070102206
-2.19,0.056443035122198955,0.050475919722064486,0.037359044158432844
-2.1799999999999997,0.056991850453600904,0.051157504722850404,0.038154279726802756
-2.17,0.05754704425819825,0.051848212279892794,0.038963026903489455
-2.16,0.05810869572222622,0.052548148102302884,0.039785424296753545
-2.15,0.058676884905911726,0.05325741846071031,0.04062160954972318
-2.14,0.05925169274590855,0.05397613016499417,0.04147171926307893
-2.13,0.05983320105736762,0.05470439054091969,0.04233588891647636
-2.12,0.06042149253562185,0.055442307405651134,0.04321425278872426
-2.11,0.06101665075746609,0.056189989042113184,0.044106943876739295
-2.1,0.061618760182009694,0.05694754417217054,0.04501409381329731
-2.09,0.06222790615108095,0.05771508192859708,0.04593583278360523
-2.08,0.0628441748891594,0.058492711825804115,0.046872289440716385
-2.07,0.06346765350281341,0.05928054372929875,0.04782359081981585
-2.06,0.06409842997961723,0.06007868782384094,0.04878986225140155
-2.05,0.06473659318652356,0.06088725458027025,0.049771227273390506
-2.04,0.06538223286766397,0.061706354720970635,0.050767807542179175
-2.03,0.06603543964155094,0.06253609918394352,0.05177972274268975
-2.02,0.0666963049976526,0.0633765990854576,0.05280709049743407
-2.01,0.06736492129231159,0.06422796568124575,0.05385002627463083
-2,0.06804138174397716,0.06509031032621647,0.05490864329540969
-1.9900000000000002,0.0687257804277205,0.06596374443265114,0.05598305244014126
-1.9799999999999995,0.0694182122689995,0.06684837942685416,0.057073362153930156
-1.9699999999999998,0.07011877303664071,0.06774432670422653,0.058179678351311104
-1.96,0.07082755933500429,0.06865169758273232,0.05930210432019129
-1.9500000000000002,0.07154466859529544,0.06957060325472633,0.06044074062507921
-1.9399999999999995,0.07227019906598621,0.0705011547371143,0.06159568500964684
-1.9299999999999997,0.07300424980230982,0.07144346281981347,0.06276703229866902
-1.92,0.07374692065478901,0.07239763801248653,0.0639548742993896
-1.9100000000000001,0.07449831225675664,0.07336379048951658,0.06515929970236073
-1.9000000000000004,0.07525852601082869,0.07434203003319617,0.0663803939818074
-1.8899999999999997,0.0760276640742863,0.07533246597510086,0.06761823929556797
-1.88,0.07680582934332211,0.07633520713561914,0.06887291438466348
-1.87,0.07759312543610723,0.0773503617616119,0.07014449447255199
-1.8600000000000003,0.07838965667463042,0.07837803746217381,0.07143305116412141
-1.8499999999999996,0.07919552806526278,0.07941834114247047,0.07273865234447978
-1.8399999999999999,0.0800108452779974,0.08047137893562584,0.07406136207760054
-1.83,0.08083571462431509,0.08153725613263645,0.07540124050488457
-1.8200000000000003,0.08167024303362212,0.08261607711028623,0.07675834374369767
-1.8099999999999996,0.0825145380282074,0.08370794525704174,0.07813272378594809
-1.7999999999999998,0.08336870769666396,0.08481296289690377,0.0795244283967665
-1.79,0.08423286066571918,0.08593123121119715,0.08093350101335546
-1.7800000000000002,0.08510710607041437,0.0870628501582768,0.08235998064407211
-1.7699999999999996,0.08599155352257586,0.08820791839113407,0.08380390176781354
-1.7599999999999998,0.08688631307751589,0.0893665331728845,0.08526529423377174
-1.75,0.0877914951989026,0.09053879029012454,0.08674418316163043
-1.7400000000000002,0.08870721072173376,0.09172478396414051,0.08824058884227118
-1.7299999999999995,0.08963357081335052,0.09292460675996,0.08975452663906353
-1.7199999999999998,0.09057068693242384,0.09413834949323356,0.09128600688980947
-1.71,0.091518670785847,0.09536610113494094,0.09283503480941904
-1.7000000000000002,0.09247763428346309,0.09660794871391179,0.09440161039338843
-1.6899999999999995,0.09344768949055873,0.09786397721715975,0.09598572832215845
-1.6799999999999997,0.0944289485780498,0.09913426948802488,0.09758737786642831
-1.67,0.09542152377028838,0.10041890612212737,0.09920654279350362
-1.6600000000000001,0.09642552729041391,0.10171796536113148,0.10084320127475406
-1.6499999999999995,0.09744107130317366,0.10303152298432815,0.10249732579426138
-1.6399999999999997,0.09846826785513509,0.10435965219804025,0.10416888305873492
-1.63,0.09950722881221231,0.10570242352286409,0.105857833908777
-1.62,0.100558065794426,0.1070599046787578,0.10756413323157536
-1.6100000000000003,0.10162089010781684,0.10843216046799314,0.10928772987510516
-1.5999999999999996,0.1026958126734314,0.109819252655991,0.11102856656392132
-1.5899999999999999,0.10378294395329654,0.11122123985006084,0.11278657981662152
-1.58,0.10488239387330099,0.11263817737607228,0.1145616998650638
-1.5700000000000003,0.10599427174289834,0.11407011715308521,0.11635385057541749
-1.5599999999999996,0.10711868617154725,0.11551710756597332,0.1181629493711315
-1.5499999999999998,0.10825574498180388,0.11697919333607541,0.11998890715790124
-1.54,0.10940555511898134,0.11845641538991696,0.12183162825071693
-1.5300000000000002,0.1105682225572886,0.1199488107260439,0.12369101030307358
-1.5199999999999996,0.11174385220236474,0.12145641228001795,0.12556694423842638
-1.5099999999999998,0.11293254779012055,0.12297924878762499,0.12745931418397052
-1.5,0.11413441178180375,0.12451734464635514,0.12936799740683036
-1.4900000000000002,0.11534954525520026,0.126070719775213,0.13129286425273481
-1.4799999999999995,0.11657804779188732,0.1276393894729254,0.13323377808726222
-1.4699999999999998,0.11782001736045432,0.12922336427461653,0.13519059523973245
-1.46,0.11907555019560825,0.13082264980702588,0.13716316494982886
-1.4500000000000002,0.12034474067308042,0.13243724664234882,0.13915132931702423
-1.4399999999999995,0.12162768118025494,0.13406715015078394,0.14115492325289275
-1.4299999999999997,0.12292446198243898,0.13571235035187892,0.14317377443638152
-1.42,0.12423517108469903,0.13737283176476958,0.14520770327212174
-1.4100000000000001,0.12555989408918622,0.139048573257412,0.14725652285185026
-1.3999999999999995,0.12689871404788042,0.1407395478949147,0.14932003891901957
-1.3899999999999997,0.12825171131068175,0.14244572278708187,0.15139804983666535
-1.38,0.12961896336878603,0.14416705893528606,0.15349034655860772
-1.37,0.13100054469327777,0.14590351107879046,0.15559671260405236
-1.3600000000000003,0.13239652656888531,0.147655027540652,0.15771692403566254
-1.3499999999999996,0.1338069769228423,0.14942155007333766,0.15985074944117
-1.3399999999999999,0.1352319601488051,0.15120301370419503,0.16199794991858807
-1.33,0.13667153692578435,0.15299934658092307,0.16415827906509592
-1.3200000000000003,0.13812576403204946,0.1548104698171939,0.1663314829696509
-1.3099999999999996,0.13959469415397413,0.15663629733858475,0.16851730020939415
-1.2999999999999998,0.14107837568979775,0.15847673572898252,0.17071546184990558
-1.29,0.1425768525482836,0.16033168407763254,0.17292569144936773
-1.2800000000000002,0.14409016394226223,0.1622010338270048,0.1751477050666905
-1.2699999999999996,0.14561834417705757,0.1640846686216616,0.17738121127365192
-1.2599999999999998,0.14716142243380162,0.1659824641583114,0.17962591117110288
-1.25,0.14871942254765408,0.16789428803724624,0.18188149840928838
-1.2400000000000002,0.15029236278095084,0.1698199996153575,0.18414765921232631
-1.2299999999999995,0.15188025559131874,0.17175944986093886,0.18642407240689027
-1.2199999999999998,0.15348310739480273,0.1737124812104834,0.18871040945513612
-1.21,0.15510091832406733,0.17567892742769578,0.19100633449191312
-1.2000000000000002,0.15673368198174187,0.1776586134649355,0.1933115043662913
-1.1899999999999995,0.15838138518899647,0.17965135532732393,0.19562556868744183
-1.1799999999999997,0.16004400772944802,0.18165695993974215,0.19794816987489852
-1.17,0.161721522088512,0.18367522501696154,0.20027894321323012
-1.1600000000000001,0.16341389318832772,0.18570593893714574,0.20261751691114518
-1.1499999999999995,0.16512107811840576,0.18774888061897205,0.2049635121650535
-1.1399999999999997,0.1668430258621597,0.18980381940262334,0.20731654322710086
-1.13,0.1685796770195051,0.19187051493490645,0.20967621747769527
-1.12,0.17033096352572397,0.1939487170587557,0.21204213550253367
-1.1100000000000003,0.17209680836681548,0.19603816570738328,0.21441389117414086
-1.0999999999999996,0.1738771252915725,0.19813859080334636,0.21679107173792575
-1.0899999999999999,0.17567181852064337,0.20024971216279566,0.21917325790275702
-1.08,0.17748078245286364,0.20237123940518328,0.22156002393605925
-1.0700000000000003,0.1793039013691601,0.20450287186869806,0.22395093776342367
-1.0599999999999996,0.1811410491343565,0.20664429853171104,0.22634556107272683
-1.0499999999999998,0.18299208889723115,0.2087951979405033,0.22874344942274613
-1.04,0.1848568727892067,0.21095523814356257,0.23114415235625915
-1.0300000000000002,0.18673524162206837,0.2131240766327214,0.2335472135176065
-1.0199999999999996,0.18862702458514258,0.21530136029142233,0.23595217077469863
-1.0099999999999998,0.19053203894238688,0.21748672535038854,0.23835855634544015
-1,0.19245008972987526,0.2196797973509806,0.24076589692854597
-0.9900000000000002,0.1943809694541841,0.22188019111651625,0.24317371383871295
-0.9799999999999995,0.1963244577922166,0.2240875107318315,0.2455815231461142
-0.9699999999999998,0.19828032129303041,0.22630134953135592,0.24798883582017506
-0.96,0.20024831308226193,0.2285212900959772,0.2503951578775898
-0.9500000000000002,0.20222817256976713,0.23074690425895877,0.2527999905345293
-0.9399999999999995,0.20421962516113354,0.23297775312117822,0.25520283036299113
-0.9299999999999997,0.20622238197373866,0.23521338707594436,0.2576031694512376
-0.9199999999999999,0.20823613955806886,0.23745334584364974,0.26000049556826493
-0.9100000000000001,0.21026057962503222,0.23969715851650344,0.2623942923322402
-0.8999999999999995,0.2122953687800334,0.24194434361358994,0.2647840393828435
-0.8899999999999997,0.2143401582646056,0.24419440914648552,0.2671692125574434
-0.8799999999999999,0.21639458370642042,0.2464468526956631,0.26954928407103923
-0.8700000000000001,0.21845826487852554,0.24870116149789917,0.2719237226998873
-0.8600000000000003,0.22053080546868564,0.2509568125448952,0.27429199396873793
-0.8499999999999996,0.22261179285972685,0.2532132726933116,0.27665356034159705
-0.8399999999999999,0.22470079792180928,0.2554699987864009,0.27900788141592675
-0.8300000000000001,0.22679737481757808,0.25772643778742116,0.2813544141201972
-0.8200000000000003,0.2289010608211591,0.2599820269249893,0.2836926129146933
-0.8099999999999996,0.23101137615198986,0.26223619385053004,0.28602192999548326
-0.7999999999999998,0.23312782382449382,0.2644883568079575,0.2883418155014462
-0.79,0.2352498895146223,0.2667379248157141,0.2906517177242593
-0.7800000000000002,0.2373770414442991,0.2689842978612754,0.29295108332123554
-0.7699999999999996,0.23950873028481948,0.2712268671082157,0.29523935753090375
-0.7599999999999998,0.24164438908026076,0.27346501511591015,0.29751598439121896
-0.75,0.24378343319197043,0.2756981160719367,0.2997804069602891
-0.7400000000000002,0.24592526026519784,0.27792553603721765,0.3020320675394964
-0.7299999999999995,0.24806925021893814,0.2801466332039273,0.30427040789889626
-0.7199999999999998,0.25021476526005415,0.2823607581661714,0.3064948695047667
-0.71,0.2523611499227338,0.2845672542034257,0.30870489374918564
-0.7000000000000002,0.25450773113432845,0.28676545757669786,0.31089992218150286
-0.6899999999999995,0.25665381830860773,0.2889546978373623,0.31307939674157836
-0.6799999999999997,0.25879870346744127,0.291134298148589,0.3152427599946503
-0.6699999999999999,0.26094166139190156,0.2933035756192756,0.3173894553677009
-0.6600000000000001,0.26308194980374733,0.2954618416503583,0.31951892738717613
-0.6499999999999995,0.2652188095782191,0.2976084022933672,0.3216306219179229
-0.6399999999999997,0.26735146498904033,0.299742558621058,0.32372398640319844
-0.6299999999999999,0.26947912398647533,0.30186360710993926,0.3257984701056106
-0.6200000000000001,0.27160097850924514,0.3039708400344823,0.3278535243488395
-0.6100000000000003,0.27371620483105463,0.30606354587278295,0.3298886027599938
-0.5999999999999996,0.2758239639424235,0.30814100972342,0.33190316151245347
-0.5899999999999999,0.27792340196844784,0.31020251373322844,0.3338966595690452
-0.5800000000000001,0.28001365062305955,0.3122473375356885,0.33586855892540196
-0.5700000000000003,0.28209382770026437,0.314274758699598,0.33781832485334956
-0.5599999999999996,0.28416303760277123,0.31628405318768177,0.3397454261441681
-0.5499999999999998,0.28622037190833305,0.31827449582476053,0.3416493353515708
-0.54,0.28826490997403587,0.3202453607750856,0.3435295290342472
-0.5300000000000002,0.2902957195786708,0.32219592202841335,0.34538548799780944
-0.5199999999999996,0.2923118576032302,0.32412545389437974,0.3472166975359871
-0.5099999999999998,0.2943123707494604,0.32603323150470553,0.34902264767091123
-0.5,0.2962962962962963,0.32791853132274656,0.35080283339233037
-0.4900000000000002,0.298262662893887,0.32978063165987553,0.35255675489559785
-0.47999999999999954,0.30021049139480604,0.3316188131981664,0.3542839178182753
-0.46999999999999975,0.30213879572191715,0.33343235951882694,0.3559838334751889
-0.45999999999999996,0.30404658377224314,0.33522055763581066,0.35765601909178735
-0.4500000000000002,0.30593285835605405,0.336982698534014,0.3592999980356359
-0.4399999999999995,0.3077966181702654,0.33871807771145035,0.360915300045895
-0.4299999999999997,0.3096368588050992,0.3404259957247739,0.36250146146062395
-0.41999999999999993,0.31145257378283425,0.34210575873751153,0.36405802544175586
-0.41000000000000014,0.3132427556273266,0.3437566790703392,0.3655845421975865
-0.39999999999999947,0.31500639696285737,0.34537807575273344,0.3670805692026257
-0.3899999999999997,0.31674249164071966,0.3469692750753071,0.3685456714146568
-0.3799999999999999,0.3184500358918309,0.3485296111421332,0.36997942148885476
-0.3700000000000001,0.32012802950351543,0.3500584264223418,0.3713813999888117
-0.3600000000000003,0.32177547701847936,0.35155507230027305,0.37275119559432246
-0.34999999999999964,0.32339138895386593,0.35301890962345395,0.3740884053057835
-0.33999999999999986,0.32497478303815797,0.35444930924766377,0.37539263464506123
-0.33000000000000007,0.3265246854635755,0.35584565257834594,0.3766634978526871
-0.3200000000000003,0.3280401321514967,0.35720733210761735,0.3779006180812389
-0.3099999999999996,0.3295201700283258,0.3585337519461267,0.379103627584771
-0.2999999999999998,0.3309638583091267,0.3598243283490098,0.3802721679041568
-0.29000000000000004,0.3323702697862458,0.3610784902351907,0.3814058900482124
-0.28000000000000025,0.333738492120058,0.36229567969927706,0.38250445467046923
-0.2699999999999996,0.3350676291288941,0.36347535251530527,0.38356753224146867
-0.2599999999999998,0.3363568020751322,0.36461697863158943,0.38459480321645517
-0.25,0.33760515094438376,0.36572004265594327,0.38558595819834485
-0.2400000000000002,0.3388118357146435,0.36678404433054135,0.3865406980958517
-0.22999999999999954,0.33997603761224526,0.36780849899570484,0.38745873427665695
-0.21999999999999975,0.34109696035142767,0.36879293804190166,0.3883397887155081
-0.20999999999999996,0.3421738313543067,0.36973690934926823,0.389183594137142
-0.20000000000000018,0.3432059029480416,0.3706399777139695,0.38998989415392354
-0.1899999999999995,0.34419245353599276,0.3715017252607341,0.39075844339810334
-0.17999999999999972,0.34513278873969194,0.372321751840915,0.3914890076485929
-0.16999999999999993,0.3460262425084794,0.3730996754154488,0.39218136395216724
-0.16000000000000014,0.3468721781937097,0.37383513242210276,0.39283530073900325
-0.14999999999999947,0.3476699895844896,0.37452777812642285,0.3934506179324701
-0.13999999999999968,0.34841910190198483,0.3751772869558201,0.3940271270530885
-0.1299999999999999,0.34911897274942183,0.37578335281625413,0.39456465131658436
-0.1200000000000001,0.34976909301500547,0.37634568939100027,0.3950630257259619
-0.11000000000000032,0.3503689877250916,0.3768640304210137,0.39552209715752845
-0.09999999999999964,0.35091821684507385,0.37733812996643123,0.3959417244408078
-0.08999999999999986,0.3514163760255811,0.37776776264878226,0.39632177843228117
-0.08000000000000007,0.35186309729173215,0.37815272387350807,0.39666214208290274
-0.07000000000000028,0.35225804967334534,0.37849283003242284,0.3969627104993369
-0.05999999999999961,0.35260093977417806,0.37878791868578016,0.3972233909988739
-0.04999999999999982,0.3528915122784386,0.3790378487236427,0.39744410315798184
-0.040000000000000036,0.35312955039300686,0.3792425005062853,0.3976247788544585
-0.03000000000000025,0.3533148762239861,0.3794017759833981,0.39776536230315157
-0.019999999999999574,0.3534473510864143,0.3795155987918906,0.39786581008522165
-0.009999999999999787,0.35352687574616415,0.3795839143321308,0.3979260911709238
0,0.3535533905932738,0.37960668982249446,0.39794618693589384
0.009999999999999787,0.35352687574616415,0.3795839143321308,0.3979260911709238
0.020000000000000462,0.3534473510864143,0.3795155987918906,0.39786581008522165
0.03000000000000025,0.3533148762239861,0.3794017759833981,0.39776536230315157
0.040000000000000036,0.35312955039300686,0.3792425005062853,0.3976247788544585
0.04999999999999982,0.3528915122784386,0.3790378487236427,0.39744410315798184
0.0600000000000005,0.35260093977417806,0.37878791868578016,0.3972233909988739
0.07000000000000028,0.35225804967334534,0.37849283003242284,0.3969627104993369
0.08000000000000007,0.35186309729173215,0.37815272387350807,0.39666214208290274
0.08999999999999986,0.3514163760255811,0.37776776264878226,0.39632177843228117
0.10000000000000053,0.3509182168450738,0.37733812996643123,0.3959417244408077
0.11000000000000032,0.3503689877250916,0.3768640304210137,0.39552209715752845
0.1200000000000001,0.34976909301500547,0.37634568939100027,0.3950630257259619
0.1299999999999999,0.34911897274942183,0.37578335281625413,0.39456465131658436
0.14000000000000057,0.3484191019019847,0.37517728695582003,0.39402712705308846
0.15000000000000036,0.34766998958448947,0.3745277781264228,0.39345061793247005
0.16000000000000014,0.3468721781937097,0.37383513242210276,0.39283530073900325
0.16999999999999993,0.3460262425084794,0.3730996754154488,0.39218136395216724
0.17999999999999972,0.34513278873969194,0.372321751840915,0.3914890076485929
0.1900000000000004,0.3441924535359927,0.371501725260734,0.3907584433981033
0.20000000000000018,0.3432059029480416,0.3706399777139695,0.38998989415392354
0.20999999999999996,0.3421738313543067,0.36973690934926823,0.389183594137142
0.21999999999999975,0.34109696035142767,0.36879293804190166,0.3883397887155081
0.23000000000000043,0.33997603761224515,0.3678084989957047,0.38745873427665684
0.2400000000000002,0.3388118357146435,0.36678404433054135,0.3865406980958517
0.25,0.33760515094438376,0.36572004265594327,0.38558595819834485
0.2599999999999998,0.3363568020751322,0.36461697863158943,0.38459480321645517
0.27000000000000046,0.33506762912889393,0.3634753525153052,0.38356753224146856
0.28000000000000025,0.333738492120058,0.36229567969927706,0.38250445467046923
0.29000000000000004,0.3323702697862458,0.3610784902351907,0.3814058900482124
0.2999999999999998,0.3309638583091267,0.3598243283490098,0.3802721679041568
0.3100000000000005,0.3295201700283256,0.3585337519461266,0.3791036275847709
0.3200000000000003,0.3280401321514967,0.35720733210761735,0.3779006180812389
0.33000000000000007,0.3265246854635755,0.35584565257834594,0.3766634978526871
0.33999999999999986,0.32497478303815797,0.35444930924766377,0.37539263464506123
0.35000000000000053,0.32339138895386577,0.3530189096234538,0.37408840530578347
0.3600000000000003,0.32177547701847936,0.35155507230027305,0.37275119559432246
0.3700000000000001,0.32012802950351543,0.3500584264223418,0.3713813999888117
0.3799999999999999,0.3184500358918309,0.3485296111421332,0.36997942148885476
0.39000000000000057,0.31674249164071955,0.346969275075307,0.36854567141465666
0.40000000000000036,0.3150063969628572,0.3453780757527333,0.3670805692026256
0.41000000000000014,0.3132427556273266,0.3437566790703392,0.3655845421975865
0.41999999999999993,0.31145257378283425,0.34210575873751153,0.36405802544175586
0.4299999999999997,0.3096368588050992,0.3404259957247739,0.36250146146062395
0.4400000000000004,0.3077966181702652,0.3387180777114501,0.3609153000458949
0.4500000000000002,0.30593285835605405,0.336982698534014,0.3592999980356359
0.45999999999999996,0.30404658377224314,0.33522055763581066,0.35765601909178735
0.46999999999999975,0.30213879572191715,0.33343235951882694,0.3559838334751889
0.4800000000000004,0.3002104913948059,0.3316188131981662,0.3542839178182751
0.4900000000000002,0.298262662893887,0.32978063165987553,0.35255675489559785
0.5,0.2962962962962963,0.32791853132274656,0.35080283339233037
0.5099999999999998,0.2943123707494604,0.32603323150470553,0.34902264767091123
0.5200000000000005,0.29231185760323003,0.32412545389437963,0.34721669753598694
0.5300000000000002,0.2902957195786708,0.32219592202841335,0.34538548799780944
0.54,0.28826490997403587,0.3202453607750856,0.3435295290342472
0.5499999999999998,0.28622037190833305,0.31827449582476053,0.3416493353515708
0.5600000000000005,0.284163037602771,0.31628405318768155,0.3397454261441679
0.5700000000000003,0.28209382770026437,0.314274758699598,0.33781832485334956
0.5800000000000001,0.28001365062305955,0.3122473375356885,0.33586855892540196
0.5899999999999999,0.27792340196844784,0.31020251373322844,0.3338966595690452
0.6000000000000005,0.2758239639424234,0.30814100972341973,0.3319031615124533
0.6100000000000003,0.27371620483105463,0.30606354587278295,0.3298886027599938
0.6200000000000001,0.27160097850924514,0.3039708400344823,0.3278535243488395
0.6299999999999999,0.26947912398647533,0.30186360710993926,0.3257984701056106
0.6400000000000006,0.2673514649890402,0.29974255862105775,0.3237239864031982
0.6500000000000004,0.265218809578219,0.297608402293367,0.3216306219179227
0.6600000000000001,0.26308194980374733,0.2954618416503583,0.31951892738717613
0.6699999999999999,0.26094166139190156,0.2933035756192756,0.3173894553677009
0.6799999999999997,0.25879870346744127,0.291134298148589,0.3152427599946503
0.6900000000000004,0.2566538183086075,0.2889546978373621,0.3130793967415782
0.7000000000000002,0.25450773113432845,0.28676545757669786,0.31089992218150286
0.71,0.2523611499227338,0.2845672542034257,0.30870489374918564
0.7199999999999998,0.25021476526005415,0.2823607581661714,0.3064948695047667
0.7300000000000004,0.248069250218938,0.28014663320392713,0.30427040789889603
0.7400000000000002,0.24592526026519784,0.27792553603721765,0.3020320675394964
0.75,0.24378343319197043,0.2756981160719367,0.2997804069602891
0.7599999999999998,0.24164438908026076,0.27346501511591015,0.29751598439121896
0.7700000000000005,0.23950873028481928,0.27122686710821553,0.2952393575309035
0.7800000000000002,0.2373770414442991,0.2689842978612754,0.29295108332123554
0.79,0.2352498895146223,0.2667379248157141,0.2906517177242593
0.7999999999999998,0.23312782382449382,0.2644883568079575,0.2883418155014462
0.8100000000000005,0.2310113761519897,0.2622361938505299,0.2860219299954831
0.8200000000000003,0.2289010608211591,0.2599820269249893,0.2836926129146933
0.8300000000000001,0.22679737481757808,0.25772643778742116,0.2813544141201972
0.8399999999999999,0.22470079792180928,0.2554699987864009,0.27900788141592675
0.8500000000000005,0.22261179285972663,0.2532132726933114,0.2766535603415969
0.8600000000000003,0.22053080546868564,0.2509568125448952,0.27429199396873793
0.8700000000000001,0.21845826487852554,0.24870116149789917,0.2719237226998873
0.8799999999999999,0.21639458370642042,0.2464468526956631,0.26954928407103923
0.8900000000000006,0.2143401582646054,0.24419440914648533,0.26716921255744325
0.9000000000000004,0.2122953687800333,0.24194434361358977,0.2647840393828433
0.9100000000000001,0.21026057962503222,0.23969715851650344,0.2623942923322402
0.9199999999999999,0.20823613955806886,0.23745334584364974,0.26000049556826493
0.9299999999999997,0.20622238197373866,0.23521338707594436,0.2576031694512376
0.9400000000000004,0.20421962516113334,0.232977753121178,0.2552028303629909
0.9500000000000002,0.20222817256976713,0.23074690425895877,0.2527999905345293
0.96,0.20024831308226193,0.2285212900959772,0.2503951578775898
0.9699999999999998,0.19828032129303041,0.22630134953135592,0.24798883582017506
0.9800000000000004,0.19632445779221644,0.22408751073183128,0.245581523146114
0.9900000000000002,0.1943809694541841,0.22188019111651625,0.24317371383871295
1,0.19245008972987526,0.2196797973509806,0.24076589692854597
1.0099999999999998,0.19053203894238688,0.21748672535038854,0.23835855634544015
1.0200000000000005,0.1886270245851424,0.2153013602914221,0.2359521707746984
1.0300000000000002,0.18673524162206837,0.2131240766327214,0.2335472135176065
1.04,0.1848568727892067,0.21095523814356257,0.23114415235625915
1.0499999999999998,0.18299208889723115,0.2087951979405033,0.22874344942274613
1.0600000000000005,0.18114104913435633,0.2066442985317108,0.2263455610727266
1.0700000000000003,0.1793039013691601,0.20450287186869806,0.22395093776342367
1.08,0.17748078245286364,0.20237123940518328,0.22156002393605925
1.0899999999999999,0.17567181852064337,0.20024971216279566,0.21917325790275702
1.1000000000000005,0.1738771252915724,0.19813859080334614,0.21679107173792558
1.1100000000000003,0.17209680836681548,0.19603816570738328,0.21441389117414086
1.12,0.17033096352572397,0.1939487170587557,0.21204213550253367
1.13,0.1685796770195051,0.19187051493490645,0.20967621747769527
1.1400000000000006,0.16684302586215952,0.1898038194026231,0.20731654322710064
1.1500000000000004,0.16512107811840562,0.18774888061897183,0.2049635121650533
1.1600000000000001,0.16341389318832772,0.18570593893714574,0.20261751691114518
1.17,0.161721522088512,0.18367522501696154,0.20027894321323012
1.1799999999999997,0.16004400772944802,0.18165695993974215,0.19794816987489852
1.1900000000000004,0.1583813851889963,0.17965135532732374,0.1956255686874416
1.2000000000000002,0.15673368198174187,0.1776586134649355,0.1933115043662913
1.21,0.15510091832406733,0.17567892742769578,0.19100633449191312
1.2199999999999998,0.15348310739480273,0.1737124812104834,0.18871040945513612
1.2300000000000004,0.15188025559131862,0.17175944986093866,0.18642407240689007
1.2400000000000002,0.15029236278095084,0.1698199996153575,0.18414765921232631
1.25,0.14871942254765408,0.16789428803724624,0.18188149840928838
1.2599999999999998,0.14716142243380162,0.1659824641583114,0.17962591117110288
1.2700000000000005,0.14561834417705746,0.16408466862166146,0.17738121127365172
1.2800000000000002,0.14409016394226223,0.1622010338270048,0.1751477050666905
1.29,0.1425768525482836,0.16033168407763254,0.17292569144936773
1.2999999999999998,0.14107837568979775,0.15847673572898252,0.17071546184990558
1.3100000000000005,0.13959469415397405,0.15663629733858458,0.16851730020939396
1.3200000000000003,0.13812576403204946,0.1548104698171939,0.1663314829696509
1.33,0.13667153692578435,0.15299934658092307,0.16415827906509592
1.3399999999999999,0.1352319601488051,0.15120301370419503,0.16199794991858807
1.3500000000000005,0.13380697692284219,0.1494215500733375,0.15985074944116978
1.3600000000000003,0.13239652656888531,0.147655027540652,0.15771692403566254
1.37,0.13100054469327777,0.14590351107879046,0.15559671260405236
1.38,0.12961896336878603,0.14416705893528606,0.15349034655860772
1.3900000000000006,0.12825171131068164,0.14244572278708176,0.15139804983666513
1.4000000000000004,0.1268987140478803,0.1407395478949145,0.1493200389190194
1.4100000000000001,0.12555989408918622,0.139048573257412,0.14725652285185026
1.42,0.12423517108469903,0.13737283176476958,0.14520770327212174
1.4299999999999997,0.12292446198243898,0.13571235035187892,0.14317377443638152
1.4400000000000004,0.12162768118025487,0.13406715015078383,0.14115492325289253
1.4500000000000002,0.12034474067308042,0.13243724664234882,0.13915132931702423
1.46,0.11907555019560825,0.13082264980702588,0.13716316494982886
1.4699999999999998,0.11782001736045432,0.12922336427461653,0.13519059523973245
1.4800000000000004,0.11657804779188718,0.12763938947292527,0.13323377808726203
1.4900000000000002,0.11534954525520026,0.126070719775213,0.13129286425273481
1.5,0.11413441178180375,0.12451734464635514,0.12936799740683036
1.5099999999999998,0.11293254779012055,0.12297924878762499,0.12745931418397052
1.5200000000000005,0.11174385220236467,0.12145641228001783,0.12556694423842624
1.5300000000000002,0.1105682225572886,0.1199488107260439,0.12369101030307358
1.54,0.10940555511898134,0.11845641538991696,0.12183162825071693
1.5499999999999998,0.10825574498180388,0.11697919333607541,0.11998890715790124
1.5600000000000005,0.10711868617154711,0.11551710756597323,0.11816294937113135
1.5700000000000003,0.10599427174289834,0.11407011715308521,0.11635385057541749
1.58,0.10488239387330099,0.11263817737607228,0.1145616998650638
1.5899999999999999,0.10378294395329654,0.11122123985006084,0.11278657981662152
1.6000000000000005,0.10269581267343128,0.10981925265599086,0.11102856656392115
1.6100000000000003,0.10162089010781684,0.10843216046799314,0.10928772987510516
1.62,0.100558065794426,0.1070599046787578,0.10756413323157536
1.63,0.09950722881221231,0.10570242352286409,0.105857833908777
1.6400000000000006,0.09846826785513497,0.10435965219804011,0.10416888305873477
1.6500000000000004,0.09744107130317355,0.10303152298432806,0.10249732579426123
1.6600000000000001,0.09642552729041391,0.10171796536113148,0.10084320127475406
1.67,0.09542152377028838,0.10041890612212737,0.09920654279350362
1.6799999999999997,0.0944289485780498,0.09913426948802488,0.09758737786642831
1.6900000000000004,0.09344768949055865,0.09786397721715961,0.0959857283221583
1.7000000000000002,0.09247763428346309,0.09660794871391179,0.09440161039338843
1.71,0.091518670785847,0.09536610113494094,0.09283503480941904
1.7199999999999998,0.09057068693242384,0.09413834949323356,0.09128600688980947
1.7300000000000004,0.08963357081335045,0.09292460675995987,0.0897545266390634
1.7400000000000002,0.08870721072173376,0.09172478396414051,0.08824058884227118
1.75,0.0877914951989026,0.09053879029012454,0.08674418316163043
1.7599999999999998,0.08688631307751589,0.0893665331728845,0.08526529423377174
1.7700000000000005,0.0859915535225758,0.08820791839113398,0.08380390176781341
1.7800000000000002,0.08510710607041437,0.0870628501582768,0.08235998064407211
1.79,0.08423286066571918,0.08593123121119715,0.08093350101335546
1.7999999999999998,0.08336870769666396,0.08481296289690377,0.0795244283967665
1.8100000000000005,0.08251453802820731,0.08370794525704163,0.07813272378594796
1.8200000000000003,0.08167024303362212,0.08261607711028623,0.07675834374369767
1.83,0.08083571462431509,0.08153725613263645,0.07540124050488457
1.8399999999999999,0.0800108452779974,0.08047137893562584,0.07406136207760054
1.8500000000000005,0.0791955280652627,0.07941834114247036,0.07273865234447964
1.8600000000000003,0.07838965667463042,0.07837803746217381,0.07143305116412141
1.87,0.07759312543610723,0.0773503617616119,0.07014449447255199
1.88,0.07680582934332211,0.07633520713561914,0.06887291438466348
1.8900000000000006,0.0760276640742862,0.07533246597510078,0.06761823929556786
1.9000000000000004,0.07525852601082869,0.07434203003319617,0.0663803939818074
1.9100000000000001,0.07449831225675664,0.07336379048951658,0.06515929970236073
1.92,0.07374692065478901,0.07239763801248653,0.0639548742993896
1.9300000000000006,0.07300424980230978,0.0714434628198134,0.06276703229866892
1.9400000000000004,0.07227019906598613,0.07050115473711423,0.06159568500964673
1.9500000000000002,0.07154466859529544,0.06957060325472633,0.06044074062507921
1.96,0.07082755933500429,0.06865169758273232,0.05930210432019129
1.9699999999999998,0.07011877303664071,0.06774432670422653,0.058179678351311104
1.9800000000000004,0.06941821226899944,0.06684837942685411,0.05707336215393006
1.9900000000000002,0.0687257804277205,0.06596374443265114,0.05598305244014126
2,0.06804138174397716,0.06509031032621647,0.05490864329540969
2.01,0.06736492129231159,0.06422796568124575,0.05385002627463083
2.0199999999999996,0.06669630499765261,0.06337659908545762,0.05280709049743412
2.0299999999999994,0.06603543964155097,0.06253609918394355,0.05177972274268977
2.040000000000001,0.06538223286766388,0.06170635472097058,0.05076780754217909
2.0500000000000007,0.06473659318652349,0.06088725458027016,0.049771227273390416
2.0600000000000005,0.06409842997961719,0.06007868782384087,0.04878986225140148
2.0700000000000003,0.06346765350281339,0.05928054372929868,0.047823590819815825
2.08,0.0628441748891594,0.058492711825804115,0.046872289440716385
2.09,0.06222790615108095,0.05771508192859708,0.04593583278360523
2.0999999999999996,0.06161876018200973,0.05694754417217058,0.045014093813297344
2.1099999999999994,0.06101665075746612,0.056189989042113225,0.04410694387673933
2.120000000000001,0.0604214925356218,0.055442307405651085,0.043214252788724185
2.130000000000001,0.05983320105736756,0.05470439054091962,0.04233588891647627
2.1400000000000006,0.05925169274590852,0.05397613016499414,0.04147171926307887
2.1500000000000004,0.05867688490591172,0.05325741846071027,0.040621609549723145
2.16,0.05810869572222622,0.052548148102302884,0.039785424296753545
2.17,0.05754704425819825,0.051848212279892794,0.038963026903489455
2.1799999999999997,0.056991850453600904,0.051157504722850404,0.038154279726802756
2.1899999999999995,0.05644303512219897,0.050475919722064506,0.03735904415843287
2.1999999999999993,0.055900519948967324,0.049803352151145154,0.03657718070102209
2.210000000000001,0.05536422748698148,0.04913969748658763,0.03580854904285477
2.2200000000000006,0.05483408115399813,0.04848485182692665,0.035053008131287006
2.2300000000000004,0.054310005228741756,0.04783871191090549,0.03431041624485109
2.24,0.053791924846914925,0.047201175134690125,0.03358063106402529
2.25,0.05327976599694711,0.04657213956815204,0.03286350974065622
2.26,0.052773455515497364,0.045951503970247894,0.03215890896602488
2.2699999999999996,0.05227292108272544,0.04533916780351999,0.03146668503754741
2.2799999999999994,0.05177809121734524,0.04473503124774461,0.03078669392410393
2.290000000000001,0.05128889527147403,0.04413899521275135,0.03011879132998833
2.3000000000000007,0.05080526342529083,0.043550961350439954,0.029462832757475337
2.3100000000000005,0.05032712668151473,0.04297083206601609,0.02881867356799867
2.3200000000000003,0.04985441685971738,0.042398510528472516,0.028186169041940105
2.33,0.04938706659047899,0.041833900680336704,0.027565174437025466
2.34,0.048925009309400073,0.04127690724670896,0.026955545045327822
2.3499999999999996,0.04846817925097859,0.040727435743612574,0.026357136248877595
2.3599999999999994,0.04801651144236318,0.040185392485678574,0.02576980357388101
2.370000000000001,0.04756994169699156,0.03965068459318588,0.025193402743548733
2.380000000000001,0.04712840660812406,0.039123219998479015,0.024627789729538236
2.3900000000000006,0.04669184354227992,0.03860290745178221,0.024072820802012687
2.4000000000000004,0.046260190632586205,0.03808965652643197,0.02352835257832256
2.41,0.04583338677204651,0.037583377623546695,0.02299424207031469
2.42,0.04541137160673746,0.03708398197615319,0.022470346730275412
2.4299999999999997,0.04499408552894045,0.0365913816527884,0.021956524495515047
2.4399999999999995,0.04458146967021562,0.03610548956059565,0.02145263383160177
2.4499999999999993,0.04417346589442484,0.0356262194479327,0.020958533774253586
2.460000000000001,0.043770016790710214,0.035153485906509574,0.020474083969897625
2.4700000000000006,0.0433710656664344,0.03468720437307385,0.019999144714907675
2.4800000000000004,0.042976556540087855,0.03422729113065873,0.01953357699352921
2.49,0.04258643413416994,0.03377366330941241,0.019077242514505093
2.5,0.04220064386804797,0.033326238887022824,0.018630003746412823
2.51,0.0418191318508,0.032884936688754675,0.01819172395172631
2.5199999999999996,0.04144184487404597,0.0324496763871131,0.017762267219615234
2.5299999999999994,0.04106873040477176,0.03202037850114945,0.01734149849749585
2.540000000000001,0.040699736578150694,0.031596964395423026,0.016929283621347074
2.5500000000000007,0.04033481219036674,0.031179356278633694,0.016525489344807232
2.5600000000000005,0.039973906691442684,0.030767477201937614,0.01612998336706536
2.5700000000000003,0.039616970178078005,0.03036125105696119,0.015742634359563964
2.58,0.039263953386499496,0.029960602573524796,0.01536331199152837
2.59,0.03891480768532789,0.029565457317089545,0.014991886954339152
2.5999999999999996,0.038569485068463825,0.029175741685939314,0.014628230984764441
2.6099999999999994,0.038227938147996514,0.028791382908109685,0.014272216887069047
2.620000000000001,0.03789012014713716,0.02841230903807555,0.013923718554017674
2.630000000000001,0.03755598489318094,0.028038448953209023,0.013582610986790282
2.6400000000000006,0.03722548681049869,0.027669732350017268,0.013248770313826487
2.6500000000000004,0.03689858091356219,0.027306089740172665,0.0129220738086184
2.66,0.03657522280000417,0.026947452446344243,0.012602399906469287
2.67,0.03625536864371581,0.02659375259784077,0.012289628220237141
2.6799999999999997,0.03593897518798334,0.02624492312607541,0.011983639555081547
2.6899999999999995,0.03562599973866583,0.02590089775986086,0.011684315922233068
2.700000000000001,0.03531640015741583,0.025561611020544522,0.011391540551803933
2.710000000000001,0.03501013485494484,0.02522699821699241,0.011105197904659485
2.7200000000000006,0.03470716278433421,0.024896995440429733,0.010825173683369119
2.7300000000000004,0.03440744343439404,0.02457153955914753,0.010551354842256761
2.74,0.034110936823070814,0.024250568213082378,0.010283629596569867
2.75,0.03381760349090481,0.023934019808277387,0.010021887430786447
2.76,0.033527404494539004,0.023621833511231805,0.00976601910607973
2.7699999999999996,0.033240301400279865,0.023313949243146535,0.009515916666959993
2.7799999999999994,0.032956256277711676,0.023010307674072576,0.00927147344711297
2.790000000000001,0.03267523169336457,0.022710850216968947,0.009032584074454422
2.8000000000000007,0.0323971907044379,0.02241551902167723,0.008799144475420505
2.8100000000000005,0.032122096852578594,0.02212425696881787,0.008571051878512885
2.8200000000000003,0.031849914157716444,0.021837007663615658,0.008348204817118593
2.83,0.03158060711195575,0.021553715429659382,0.008130503131623524
2.84,0.031314140673524754,0.02127432530260164,0.007917847970838929
2.8499999999999996,0.03105048026078277,0.020998783023804105,0.007710141792759993
2.8599999999999994,0.030789591746285563,0.02072703503393373,0.007507288364675558
2.870000000000001,0.030531441450909517,0.020459028466514706,0.007309192762647804
2.880000000000001,0.03027599613803487,0.020194711141441384,0.007115761370380868
2.8900000000000006,0.03002322300778775,0.019934031558456293,0.006926901877496551
2.9000000000000004,0.029773089691342146,0.01967693889059851,0.006742523277236167
2.91,0.029525564245281164,0.019423382977626077,0.006562535863606426
2.92,0.029280615146018162,0.01917331431941713,0.00638685122798762
2.9299999999999997,0.029038211284277533,0.018926684069353307,0.006215382255222023
2.9399999999999995,0.028798321959635526,0.018683444027689722,0.006048043119200319
2.950000000000001,0.028560916875120676,0.01844354663491485,0.005884749277963539
2.960000000000001,0.02832596613187438,0.01820694496510427,0.005725417468338023
2.9700000000000006,0.02809344022387078,0.017973592719270952,0.005569965700120169
2.9800000000000004,0.02786331003269664,0.017743444218716327,0.005418313249828394
2.99,0.027635546822390673,0.017516454398384528,0.005270380654038703
3,0.027410122234342152,0.017292578800222967,0.005126089702320256
3.01,0.02718700828224879,0.0170717735665523,0.004985363429787437
3.0199999999999996,0.026966177347133576,0.016853995433448312,0.004848126109284152
3.0299999999999994,0.026747602172420372,0.0166392017241384,0.004714303243216229
3.040000000000001,0.02653125585906796,0.016427350342415138,0.004583821555047306
3.0500000000000007,0.0263171118607625,0.01621839976606947,0.004456608980473661
3.0600000000000005,0.026105143979167574,0.016012309040345334,0.004332594658292481
3.0700000000000003,0.025895326359232206,0.01580903777141852,0.004211708920978852
3.08,0.02568763348455593,0.01560854611990131,0.004093883284985462
3.09,0.025482040172810985,0.015410794794375115,0.003979050440779411
3.0999999999999996,0.02527852157122091,0.015215745044952832,0.0038671442426299225
3.1099999999999994,0.025077053152095477,0.015023358656872815,0.0037580996981606348
3.120000000000001,0.02487761070842138,0.014833597944126019,0.0036518529576797585
3.130000000000001,0.024680170349508406,0.014646425743117992,0.003548341303301337
3.1400000000000006,0.024484708496690474,0.014461805406367101,0.003447503137870046
3.1500000000000004,0.02429120187908134,0.014279700796240562,0.0033492779737025104
3.16,0.0240996275293845,0.014100076278729449,0.0032536064211569965
3.17,0.023909962779756648,0.013922896717264106,0.003160430177043636
3.1799999999999997,0.02372218525772451,0.01374812746657105,0.0030696920128867795
3.1899999999999995,0.02353627288215439,0.013575734366572343,0.002981335763050909
3.200000000000001,0.023352203859274057,0.013405683736328868,0.0028953063127411856
3.210000000000001,0.023169956678746582,0.01323794236802816,0.0028115495858895842
3.2200000000000006,0.02298951010979524,0.01307247752101759,0.002730012532936943
3.2300000000000004,0.02281084319737972,0.012909256915884251,0.0026506431185215062
3.24,0.02263393525842241,0.012748248728581863,0.002573390309083761
3.25,0.02245876587808472,0.012589421584605688,0.0024982040603973863
3.26,0.022285314906092823,0.012432744553215953,0.0024250353050357574
3.2699999999999996,0.022113562453112245,0.012278187141710596,0.002353835939783209
3.2799999999999994,0.02194348888717094,0.012125719289747788,0.002284558812999993
3.290000000000001,0.02177507483013016,0.011975311363718669,0.0022171577119495488
3.3000000000000007,0.02160830115420297,0.011826934151171161,0.0021515873500965945
3.3100000000000005,0.02144314897851925,0.01168055885528458,0.0020878033543839636
3.3200000000000003,0.021279599665737503,0.01153615708939625,0.0020257622524963233
3.33,0.021117634818702272,0.011393700871579862,0.001965421460118212
3.34,0.020957236277147077,0.01125316261927612,0.001906739268193839
3.3499999999999996,0.02079838611444211,0.011114515143975903,0.0018496748301957385
3.3599999999999994,0.02064106663438631,0.010977731645956177,0.001794188149409182
3.370000000000001,0.020485260368043306,0.010842785709068789,0.0017402400662389437
3.380000000000001,0.020330950070620784,0.010709651295582429,0.0016877922455448774
3.3900000000000006,0.02017811871839246,0.010578302741077626,0.0016368071640123173
3.4000000000000004,0.02002674950566254,0.010448714749395209,0.0015872480975633993
3.41,0.019876825841772066,0.010320862387637967,0.0015390791088148708
3.42,0.01972833134814639,0.0101947210812258,0.0014922650345879011
3.4299999999999997,0.01958124985538368,0.010070266609004133,0.0014467714734751201
3.4399999999999995,0.019435565400383596,0.009947475098405769,0.0014025647734699212
3.450000000000001,0.019291262223515897,0.009826323020665958,0.0013596120196628341
3.460000000000001,0.0191483247658284,0.009706787186090804,0.0013178810220095827
3.4700000000000006,0.019006737666293672,0.009588844739378644,0.0012773403031751545
3.4800000000000004,0.018866485759094248,0.009472473154994528,0.001237959086458183
3.49,0.018727554070945628,0.009357650232597565,0.0011997072837995454
3.5,0.018589927818456756,0.009244354092520923,0.0011625554838789979
3.51,0.01845359240552736,0.009132563171304404,0.0011264749403034676
3.5199999999999996,0.018318533420781793,0.009022256217279288,0.0010914375598904096
3.5299999999999994,0.018184736635038914,0.008913412286205317,0.0010574158910494644
3.540000000000001,0.01805218799881728,0.008806010736959531,0.001024383112265471
3.5500000000000007,0.017920873639875802,0.008700031227276816,9.92313020685762e-4
3.5600000000000005,0.01779077986078849,0.008595453709541675,9.611800208143527e-4
3.5700000000000003,0.017661893136553777,0.008492258426631184,9.309591133157079e-4
3.58,0.017534200112237306,0.008390425907808759,9.016258839303572e-4
3.59,0.017407687600648106,0.00828993696466839,8.731564925046552e-4
3.5999999999999996,0.01728234258004743,0.008190772687129061,8.455276621367286e-4
3.6099999999999994,0.01715815219189009,0.008092914439479076,8.187166684405378e-4
3.620000000000001,0.017035103738597644,0.007996343856469839,7.927013289298437e-4
3.630000000000001,0.016913184681363245,0.007901042839458947,7.674599925237178e-4
3.6400000000000006,0.016792382637987276,0.007806993552601951,7.429715291750469e-4
3.6500000000000004,0.01667268538074394,0.00771417841909274,7.19215319623475e-4
3.66,0.016554080834277958,0.007622580117451956,6.961712452739438e-4
3.67,0.01643655707353111,0.007532181577863143,6.7381967820199e-4
3.6799999999999997,0.016320102321698178,0.007442965978556245,6.521414712867439e-4
3.6899999999999995,0.016204704948211943,0.007354916742238096,6.311179484725302e-4
3.700000000000001,0.016090353466756795,0.007268017532569386,6.10730895159801e-4
3.710000000000001,0.015977036533310594,0.007182252250687925,5.909625487260543e-4
3.7200000000000006,0.015864742944214215,0.007097605031777464,5.717955891772425e-4
3.7300000000000004,0.015753461634268735,0.007014060241682043,5.532131299301502e-4
3.74,0.01564318167485954,0.006931602473565181,5.351987087260161e-4
3.75,0.015533892272107217,0.006850216544613592,5.177362786756704e-4
3.76,0.015425582765044661,0.0067698874927849895,5.008101994362967e-4
3.7699999999999996,0.015318242623820219,0.006690600573599576,4.844052285198865e-4
3.7799999999999994,0.01521186144792629,0.006612341256974732,4.685065127333379e-4
3.790000000000001,0.015106428964453264,0.006535095224102559,4.5309957975007064e-4
3.8000000000000007,0.015001935026368306,0.006458848364369835,4.38170329812986e-4
3.8100000000000005,0.014898369610818503,0.006383586772319763,4.2370502756842977e-4
3.8200000000000003,0.014795722817458386,0.00630929674465544,4.0969029403087977e-4
3.83,0.014693984866801103,0.006235964777284264,3.9611309867788235e-4
3.84,0.014593146098593163,0.006163577562403047,3.829607516747613e-4
3.8499999999999996,0.014493196970212306,0.006092121985623318,3.7022089622854894e-4
3.8599999999999994,0.01439412805508813,0.0060215851231364,3.578815010705116e-4
3.870000000000001,0.014295930041145316,0.005951954238917824,3.459308530665931e-4
3.880000000000001,0.014198593729268924,0.005883216781970685,3.343575499550604e-4
3.8900000000000006,0.014102110031791584,0.005815360383607372,3.2315049321052117e-4
3.9000000000000004,0.014006469971002184,0.005748372854769396,3.1229888103352773e-4
3.91,0.013911664677675812,0.005682242183384839,3.0179220146484345e-4
3.92,0.013817685389624666,0.005616956531762899,2.9162022562345213e-4
3.9299999999999997,0.013724523450269466,0.005552504234025201,2.817730010673315e-4
3.9399999999999995,0.013632170307231286,0.005488873793573418,2.722408452759782e-4
3.950000000000001,0.013540617510943346,0.00542605388059276,2.6301433925361863e-4
3.960000000000001,0.013449856713282636,0.005364033329590914,2.5408432125203335e-4
3.9700000000000006,0.013359879666220867,0.005302801136971954,2.4544188061183486e-4
3.9800000000000004,0.013270678220494653,0.00524234645864494,2.3707835172107858e-4
3.99,0.01318224432429463,0.0051826586076666225,2.2898530808999478e-4
4,0.013094570021973099,0.0051237270519179125,2.211545565406291e-4
4.01,0.013007647452770102,0.005065541411813758,2.1357813151015747e-4
4.02,0.012921468849557508,0.005008091458045823,2.0624828946660083e-4
4.029999999999999,0.012836026537600971,0.004951367109357812,1.9915750343565535e-4
4.040000000000001,0.012751312933339377,0.004895358430352807,1.9229845763733233e-4
4.050000000000001,0.012667320543181707,0.004840055629332373,1.8566404223107868e-4
4.0600000000000005,0.012584041962320831,0.004785449056166873,1.7924734816802848e-4
4.07,0.012501469873564106,0.004731529200196754,1.7304166214903897e-4
4.08,0.012419597046180664,0.004678286688164319,1.6704046168713216e-4
4.09,0.012338416334764844,0.004625712282175553,1.6123741027295445e-4
4.1,0.012257920678115798,0.004573796877691717,1.5562635264186646e-4
4.109999999999999,0.012178103098132937,0.004522531501550235,1.5020131014125437e-4
4.120000000000001,0.012098956698726883,0.004471907310014496,1.4495647619665048e-4
4.130000000000001,0.012020474664745984,0.0044219155868523,1.3988621187525587e-4
4.140000000000001,0.011942650260917754,0.0043725477414423225,1.349850415454166e-4
4.15,0.01186547683080543,0.004323795306908552,1.3024764863066077e-4
4.16,0.011788947795779176,0.004275649938282044,1.2566887145683769e-4
4.17,0.011713056654001743,0.0042281034106897665,1.2124369919094301e-4
4.18,0.01163779697942849,0.004181147617570154,1.1696726787019362e-4
4.1899999999999995,0.01156316242082142,0.004134774568914977,1.1283485651992291e-4
4.200000000000001,0.011489146700777088,0.004088976389537173,1.0884188335886344e-4
4.210000000000001,0.011415743614768234,0.004043745317364364,1.0498390209039808e-4
4.220000000000001,0.011342947030198808,0.003999073701757546,1.0125659827834269e-4
4.23,0.01127075088547227,0.003954954001854772,9.765578580585745e-5
4.24,0.01119914918907302,0.003911378784939392,9.417740341606091e-5
4.25,0.011128136018660638,0.0038683407248325274,9.081751133294495e-5
4.26,0.011057705520176849,0.003825832600309451,8.757228796118747e-5
4.27,0.010987851906964998,0.0037838472935395246,8.44380266634711e-5
4.279999999999999,0.010918569458901831,0.0037423777885493923,8.141113261392148e-5
4.290000000000001,0.010849852521541387,0.003701417169709064,7.84881197262878e-5
4.300000000000001,0.010781695505270954,0.0036609586202406234,7.566560765550502e-5
4.3100000000000005,0.010714092884478653,0.0036209954207491644,7.294031887126827e-5
4.32,0.010647039196732768,0.003581520947775707,7.030907580228876e-5
4.33,0.01058052904197246,0.003542528672371765,6.776879804988546e-5
4.34,0.010514557081709763,0.0035040121586952305,6.53164996695925e-5
4.35,0.01044911803824269,0.0034659650626273236,6.294928651947229e-5
4.359999999999999,0.010384206693879293,0.003428381130410223,6.066435367383298e-5
4.370000000000001,0.010319817890172455,0.003391254197305175,5.845898290106775e-5
4.380000000000001,0.010255946527165428,0.003354578186270752,5.633054020434183e-5
4.390000000000001,0.010192587562647692,0.0033183471066608994,5.427647342386577e-5
4.4,0.010129736011421236,0.0032825550529426116,5.2294309899515634e-5
4.41,0.010067386944576973,0.0032471962034328733,5.0381654192566334e-5
4.42,0.010005535488781149,0.003212264819054574,4.853618586532128e-5
4.43,0.00994417682557168,0.00317775524211119,4.675565731743953e-5
4.4399999999999995,0.009883306190664133,0.0031436618950798963,4.503789167777264e-5
4.450000000000001,0.00982291887326736,0.0031099792794228617,4.3380780750540535e-5
4.460000000000001,0.009763010215408572,0.003076701974416483,4.178228301469305e-5
4.470000000000001,0.009703575611267626,0.0030438246359982437,4.024042167531147e-5
4.48,0.009644610506520596,0.003011341995630991,3.8753282765933464e-5
4.49,0.009586110397692318,0.002979248859184369,3.731901330068698e-5
4.5,0.009528070831517842,0.0029475401058331077,3.5935819475144644e-5
4.51,0.00947048740431266,0.002916210686971962,3.460196491481818e-5
4.52,0.009413355761351582,0.0028852556251470745,3.3315768970236264e-5
4.529999999999999,0.009356671596256121,0.002854670013003445,3.207560505756247e-5
4.540000000000001,0.009300430650390263,0.0028244490122483435,3.087989904371865e-5
4.550000000000001,0.009244628712264554,0.002794587852630412,2.9727127675012962e-5
4.5600000000000005,0.009189261616948257,0.0027650818309341483,2.8615817048263915e-5
4.57,0.009134325245489593,0.0027359263099896738,2.754454112345623e-5
4.58,0.00907981552434391,0.0027071167176974556,2.6511920276951457e-5
4.59,0.009025728424809608,0.0026786485460677917,2.5516619894317654e-5
4.6,0.008972059962471746,0.0026505173502748385,2.4557349001839878e-5
4.609999999999999,0.008918806196653294,0.0026227187477249766,2.3632858935804057e-5
4.620000000000001,0.00886596322987374,0.002595248417139272,2.2741942048648244e-5
4.630000000000001,0.008813527207315163,0.002568102097649861,2.1883430451107576e-5
4.640000000000001,0.008761494316295453,0.002541275587909965,2.105619478947758e-5
4.65,0.008709860785748728,0.002514764745217483,2.0259143057153665e-5
4.66,0.008658622885712786,0.00248856548465177,1.9491219439607195e-5
4.67,0.008607776926823506,0.0024626737782235696,1.8751403191978763e-5
4.68,0.008557319259816025,0.00243708565403779,1.8038707548487714e-5
4.6899999999999995,0.008507246275032727,0.0024117971954689807,1.735217866286813e-5
4.700000000000001,0.00845755440193781,0.002386804540349306,1.6690894579059143e-5
4.710000000000001,0.008408240108638469,0.002362103880168839,1.60539642313896e-5
4.720000000000001,0.008359299901412418,0.0023376914592879564,1.5440526473517e-5
4.73,0.008310730324241865,0.00231356357416168,1.484974913539245e-5
4.74,0.008262527958353728,0.0022897165725757865,1.4280828107535532e-5
4.75,0.008214689421765996,0.0022661468528944804,1.3732986451924363e-5
4.76,0.008167211368840188,0.0022428508633194834,1.3205473538813269e-5
4.77,0.008120090489839813,0.0022198251011603413,1.2697564208810793e-5
4.779999999999999,0.008073323510494761,0.0021970661121158007,1.2208557959559124e-5
4.790000000000001,0.00802690719157144,0.002174570489566061,1.1737778156375075e-5
4.800000000000001,0.007980838328448793,0.002152334873875778,1.128457126622406e-5
4.8100000000000005,0.00793511375069981,0.0021303559517075843,1.0848306114410077e-5
4.82,0.007889730321678742,0.0021086304553460645,1.0428373163383592e-5
4.83,0.007844684938113767,0.0020871551620319125,1.0024183813075088e-5
4.84,0.00779997452970505,0.0020659268933062276,9.635169722183229e-6
4.85,0.007755596058728191,0.0020449425143647,9.260782149850966e-6
4.859999999999999,0.00771154651964293,0.0020241989334216027,8.900491317182938e-6
4.870000000000001,0.0076678229387069745,0.0020036931010833795,8.553785788064838e-6
4.880000000000001,0.0076244223735950556,0.0019834220097317717,8.220171868760305e-6
4.890000000000001,0.00758134191302292,0.001963382692916194,7.899173025771687e-6
4.9,0.0075385786763763505,0.001943572224755392,7.5903293214642985e-6
4.91,0.00749612981334507,0.0019239877193480961,7.2931968669632156e-6
4.92,0.007453992503561464,0.0019046263301926002,7.007347291845838e-6
4.93,0.00741216395624409,0.0018854852496151347,6.732367230162532e-6
4.9399999999999995,0.007370641409845848,0.0018665617082068507,6.467857822329496e-6
4.950000000000001,0.007329422131706794,0.0018478529742693376,6.2134342324496e-6
4.960000000000001,0.007288503417711525,0.0018293563532685172,5.968725180627092e-6
4.970000000000001,0.007247882591951021,0.0018110691872967658,5.733372489851483e-6
4.98,0.007207557006388945,0.0017929888545431749,5.507030647038864e-6
4.99,0.007167524040532322,0.0017751127687718098,5.289366377826421e-6
5,0.007127781101106491,0.0017574383788078454,5.080058234727275e-6
5.01,0.007088325621734338,0.0017399631680314362,4.878796198262586e-6
5.02,0.007049155062619685,0.0017226846538792454,4.685281290696677e-6
5.029999999999999,0.007010266910234833,0.001705600387353467,4.49922520201075e-6
5.040000000000001,0.006971658677012135,0.0016887079525382662,4.320349927760707e-6
5.050000000000001,0.006933327901039628,0.001672004966123499,4.148387418471636e-6
5.0600000000000005,0.006895272145760577,0.0016554890769356068,3.9830792402330485e-6
5.07,0.006857488999676943,0.0016391579654755604,3.82417624616505e-6
5.08,0.0068199760760566655,0.0016230093434637936,3.6714382584363005e-6
5.09,0.006782731012644801,0.0016070409533919486,3.524633760521076e-6
5.1,0.00674575147137829,0.0015912505680813825,3.3835395993922708e-6
5.109999999999999,0.006709035138104524,0.00157563599024831,3.2479406973548407e-6
5.120000000000001,0.006672579722303455,0.001560195052075466,3.1176297732309972e-6
5.130000000000001,0.006636382956813352,0.00154492561479024,2.992407072617957e-6
5.140000000000001,0.006600442597560025,0.0015298255682490945,2.8720801069444634e-6
5.15,0.00656475642328958,0.0015148928305282678,2.7564634010616194e-6
5.16,0.006529322235304596,0.0015001253475205919,2.6453782491088335e-6
5.17,0.006494137857203682,0.0014855210925383677,2.5386524784042364e-6
5.18,0.006459201134624356,0.0014710780659221892,2.4361202211146597e-6
5.1899999999999995,0.006424509934989257,0.0014567942946556293,2.3376216934678227e-6
5.200000000000001,0.0063900621472555525,0.0014426678319857068,2.243002982274868e-6
5.210000000000001,0.006355855681667605,0.0014286967570490208,2.1521158385389846e-6
5.220000000000001,0.0063218884695127155,0.0014148791745034897,2.064817477931068e-6
5.23,0.006288158462880071,0.0014012132141655936,1.9809703879198935e-6
5.24,0.006254663634422682,0.0013876970306530452,1.9004421413504615e-6
5.25,0.006221401977122405,0.001374328803032797,1.8231052162691886e-6
5.26,0.006188371504057902,0.001361106734474303,1.7488368218012541e-6
5.27,0.006155570248175579,0.001348029051907969,1.6775187298902245e-6
5.279999999999999,0.006122996262063421,0.0013350940056886813,1.609037112715729e-6
5.290000000000001,0.006090647617727659,0.0013222998692643654,1.543282385610256e-6
5.300000000000001,0.006058522406372319,0.0013096449388494942,1.4801490553011437e-6
5.3100000000000005,0.006026618738181483,0.0012971275331034253,1.4195355733090377e-6
5.32,0.0059949347421043644,0.0012847459928135739,1.3613441943386578e-6
5.33,0.005963468565643038,0.0012724986805832696,1.3054808395028556e-6
5.34,0.00593221837464288,0.0012603839805242665,1.251854964225335e-6
5.35,0.005901182353085619,0.0012484002979538235,1.2003794306718637e-6
5.359999999999999,0.0058703587028849915,0.001236546059096286,1.150970384564509e-6
5.370000000000001,0.0058397456436849555,0.0012248197107891043,1.1035471362374123e-6
5.380000000000001,0.005809341412660469,0.0012132197201932039,1.0580320457970378e-6
5.390000000000001,0.005779144264320679,0.0012017445745076648,1.0143504122536517e-6
5.4,0.005749152470314654,0.0011903927806886194,9.724303664950762e-7
5.41,0.005719364319239504,0.0011791628651723282,9.322027679773344e-7
5.42,0.005689778116450893,0.0011680533736023407,8.936011050106545e-7
5.43,0.0056603921838759095,0.0011570628705607126,8.565613985231233e-7
5.4399999999999995,0.005631204859828282,0.0011461899393031881,8.210221091875491e-7
5.450000000000001,0.005602214498825871,0.0011354331814982883,7.869240478008145e-7
5.460000000000001,0.005573419471410445,0.0011247912169702814,7.542102888082549e-7
5.470000000000001,0.005544818163969661,0.001114262683445917,7.228260868688475e-7
5.48,0.005516408978561284,0.001103846236304918,6.927187963603571e-7
5.49,0.005488190332739552,0.0010935405483341479,6.638377937264616e-7
5.5,0.005460160659383713,0.0010833443094853939,6.36134402571074e-7
5.51,0.005432318406528645,0.001073256226636729,6.095618214079529e-7
5.52,0.0054046620371975985,0.001063275023357379,5.840750539765458e-7
5.529999999999999,0.005377190029236966,0.001053399439676049,5.596308420377535e-7
5.540000000000001,0.005349900875153101,0.001043628231852662,5.361876005661335e-7
5.550000000000001,0.005322793081951146,0.001033960172153448,5.137053552574701e-7
5.5600000000000005,0.005295865170975819,0.0010243940486293257,4.921456822733713e-7
5.57,0.005269115677754158,0.001014928664897557,4.7147165014695463e-7
5.58,0.005242543151840203,0.0010055628399265831,4.5164776377607523e-7
5.59,0.005216146156661557,9.962954078240264e-4,4.326399104329055e-7
5.6,0.005189923269367834,9.871252176277925e-4,4.144153077209413e-7
5.609999999999999,0.005163873080680942,9.780511331002315e-4,3.969424534126896e-7
5.620000000000001,0.0051379941947472104,9.690720325253026e-4,3.8019107710351215e-7
5.630000000000001,0.005112285228991292,9.601868085087231e-4,3.641320936190301e-7
5.640000000000001,0.005086744813971862,9.513943677810056e-4,3.4873755811563145e-7
5.65,0.005061371593239043,9.426936310033982e-4,3.339806228155854e-7
5.66,0.005036164223193583,9.340835325766458e-4,3.198354953200382e-7
5.67,0.005011121372947739,9.255630204525336e-4,3.062773984451444e-7
5.68,0.004986241724187812,9.171310559481793e-4,2.9328253152829706e-7
5.6899999999999995,0.004961523971038381,9.087866135630364e-4,2.8082803315320366e-7
5.700000000000001,0.004936966819928145,9.005286807985465e-4,2.688919452441582e-7
5.710000000000001,0.004912568989457409,8.923562579804266e-4,2.5745317848158895e-7
5.720000000000001,0.004888329210267136,8.842683580835235e-4,2.46491478992472e-7
5.73,0.0048642462249096,8.762640065592244e-4,2.3598739627075746e-7
5.74,0.004840318787720568,8.683422411653608e-4,2.2592225228443942e-7
5.75,0.004816545664693035,8.605021117985883e-4,2.1627811172735516e-7
5.76,0.0047929256333524755,8.527426803291868e-4,2.070377533751686e-7
5.77,0.004769457482633544,8.450630204382503e-4,1.9818464250638266e-7
5.779999999999999,0.004746140012758323,8.374622174572403e-4,1.8970290435049065e-7
5.790000000000001,0.004722972035115943,8.299393682098562e-4,1.8157729852669558e-7
5.800000000000001,0.004699952372143714,8.224935808561825e-4,1.7379319443785477e-7
5.8100000000000005,0.004677079857209612,8.151239747390938e-4,1.6633654758541905e-7
5.82,0.004654353334496191,8.078296802328691e-4,1.5919387677244012e-7
5.83,0.0046317716588858936,8.006098385939998e-4,1.5235224216269996e-7
5.84,0.004609333695847661,7.934636018141269e-4,1.4579922416516921e-7
5.85,0.0045870383213249604,7.863901324751134e-4,1.3952290311405861e-7
5.859999999999999,0.0045648844216250985,7.793886036061914e-4,1.3351183971569184e-7
5.870000000000001,0.004542870893309831,7.724581985431624e-4,1.277550562344738e-7
5.880000000000001,0.004520996643087306,7.655981107896289e-4,1.2224201839115548e-7
5.890000000000001,0.004499260587705248,7.588075438801978e-4,1.1696261794747774e-7
5.9,0.00447766165384541,7.520857112456655e-4,1.119071559522617e-7
5.91,0.004456198778019271,7.45431836080128e-4,1.070663266247895e-7
5.92,0.004434870906464957,7.388451512099819e-4,1.0243120185219714e-7
5.93,0.00441367699504539,7.32324898964824e-4,9.79932162784163e-8
5.9399999999999995,0.004392616009147584,7.258703310501709e-4,9.374415296294549e-8
5.950000000000001,0.004371686923583174,7.194807084220107e-4,8.967612958854833e-8
5.960000000000001,0.004350888722490089,7.131553011631495e-4,8.578158519764424e-8
5.970000000000001,0.004330220399235357,7.068933883613048e-4,8.205326743791461e-8
5.98,0.004309680956319067,7.006942579889548e-4,7.84842202983027e-8
5.99,0.00428926940527944,6.945572067848856e-4,7.506777231726933e-8
6,0.004268984766599014,6.884815401374298e-4,7.179752524579449e-8
